match_id,match_number,date,group,player_id,player_name,team_id,team,opponent_id,position,is_starter,prior_squad_selections,prior_appearances,appearance_rate,starter_rate,expected_minutes,goals_per90_smoothed,attempts_per90_smoothed,on_target_per90_smoothed,recent_attempts_per90,recent_on_target_per90,team_goals_per_match,team_xg_per_match,team_attempts_per_match,opponent_goals_allowed_per_match,opponent_xg_allowed_per_match,opponent_sot_allowed_per_match,days_rest,knockout,scored,scored_any,goals,appeared,actual_minutes,actual_attempts,actual_on_target,baseline_probability,logistic_probability,forest_probability
2026-M073-RSA-CAN,73,2026-06-28,Round of 32,CAN_maxime_crepeau,Maxime CREPEAU,CAN,Canada,RSA,GK,1,3,3,0.875,0.875,90.0,0.04,0.2,0.08,0.125,0.05,2.197222222222222,1.9012499999999999,16.716666666666665,1.1972222222222222,1.27725,3.655555555555556,4.0,1,0,0,0,1,90.0,0,0,0.03921056084767682,0.007718786227722746,0.016027230335420573
2026-M073-RSA-CAN,73,2026-06-28,Round of 32,CAN_alistair_johnston,Alistair JOHNSTON,CAN,Canada,RSA,DF,1,3,3,0.875,0.875,90.0,0.04,1.0,0.48,1.125,0.55,2.197222222222222,1.9012499999999999,16.716666666666665,1.1972222222222222,1.27725,3.655555555555556,4.0,1,0,0,0,1,90.0,0,0,0.03921056084767682,0.026734003443437755,0.04236596893473607
2026-M073-RSA-CAN,73,2026-06-28,Round of 32,CAN_stephen_eustaquio,Stephen EUSTAQUIO,CAN,Canada,RSA,MF,1,3,3,0.875,0.625,90.0,0.04591836734693878,0.6887755102040817,0.09183673469387756,0.7450331125827815,0.059602649006622516,2.197222222222222,1.9012499999999999,16.716666666666665,1.1972222222222222,1.27725,3.655555555555556,4.0,1,0,1,0,1,90.0,2,1,0.044880072017893013,0.06584685233567714,0.06422589464081392
2026-M073-RSA-CAN,73,2026-06-28,Round of 32,CAN_jonathan_david,Jonathan DAVID,CAN,Canada,RSA,FW,1,3,3,0.875,0.875,80.33333333333333,0.4703087885985749,2.992874109263658,1.5819477434679334,3.6706948640483383,1.957703927492447,2.197222222222222,1.9012499999999999,16.716666666666665,1.1972222222222222,1.27725,3.655555555555556,4.0,1,0,0,0,1,90.0,2,1,0.3428179072173785,0.4143298187511566,0.23239691108302651
2026-M073-RSA-CAN,73,2026-06-28,Round of 32,CAN_liam_millar,Liam MILLAR,CAN,Canada,RSA,MF,1,3,2,0.625,0.375,61.0,0.06593406593406594,0.6593406593406593,0.13186813186813187,0.7377049180327869,0.09836065573770492,2.197222222222222,1.9012499999999999,16.716666666666665,1.1972222222222222,1.27725,3.655555555555556,4.0,1,0,0,0,1,71.0,0,0,0.0437048169302634,0.06850447327704053,0.07036249925945047
2026-M073-RSA-CAN,73,2026-06-28,Round of 32,CAN_tani_oluwaseyi,Tani OLUWASEYI,CAN,Canada,RSA,FW,1,3,3,0.875,0.375,76.0,0.05863192182410423,1.1726384364820848,0.4104234527687296,1.4516129032258065,0.4976958525345622,2.197222222222222,1.9012499999999999,16.716666666666665,1.1972222222222222,1.27725,3.655555555555556,4.0,1,0,0,0,1,70.0,3,2,0.04830569186049527,0.1541651765347261,0.17103127273962773
2026-M073-RSA-CAN,73,2026-06-28,Round of 32,CAN_derek_cornelius,Derek CORNELIUS,CAN,Canada,RSA,DF,1,3,3,0.875,0.875,75.0,0.044444444444444446,1.1111111111111112,0.08888888888888889,1.2857142857142858,0.05714285714285714,2.197222222222222,1.9012499999999999,16.716666666666665,1.1972222222222222,1.27725,3.655555555555556,4.0,1,0,0,0,1,90.0,1,1,0.03635955569871374,0.02273610811675553,0.06908438837907505
2026-M073-RSA-CAN,73,2026-06-28,Round of 32,CAN_moise_bombito,Moise BOMBITO,CAN,Canada,RSA,DF,1,3,1,0.375,0.125,80.0,0.08,0.4,0.16,0.3333333333333333,0.13333333333333333,2.197222222222222,1.9012499999999999,16.716666666666665,1.1972222222222222,1.27725,3.655555555555556,4.0,1,0,0,0,1,59.0,1,1,0.06864159788864799,0.03893944999638234,0.04627194954807015
2026-M073-RSA-CAN,73,2026-06-28,Round of 32,CAN_tajon_buchanan,Tajon BUCHANAN,CAN,Canada,RSA,FW,1,3,3,0.875,0.875,73.0,0.045112781954887216,1.1278195488721805,0.3157894736842105,1.3106796116504855,0.34951456310679613,2.197222222222222,1.9012499999999999,16.716666666666665,1.1972222222222222,1.27725,3.655555555555556,4.0,1,0,0,0,1,75.0,1,1,0.03593010199547464,0.09904092431579033,0.13833577328610283
2026-M073-RSA-CAN,73,2026-06-28,Round of 32,CAN_richie_laryea,Richie LARYEA,CAN,Canada,RSA,DF,1,3,3,0.875,0.875,87.66666666666667,0.040632054176072234,0.6094808126410836,0.28442437923250563,0.6373937677053825,0.3059490084985836,2.197222222222222,1.9012499999999999,16.716666666666665,1.1972222222222222,1.27725,3.655555555555556,4.0,1,0,0,0,1,90.0,0,0,0.03880562822232103,0.022410688753575145,0.04179737235259371
2026-M073-RSA-CAN,73,2026-06-28,Round of 32,CAN_nathan_saliba,Nathan SALIBA,CAN,Canada,RSA,MF,1,3,2,0.625,0.375,90.0,0.3540983606557377,1.180327868852459,0.4131147540983606,1.4651162790697674,0.5023255813953489,2.197222222222222,1.9012499999999999,16.716666666666665,1.1972222222222222,1.27725,3.655555555555556,4.0,1,0,0,0,1,59.0,0,0,0.2981940661314957,0.169225070936398,0.14653808048414527
2026-M073-RSA-CAN,73,2026-06-28,Round of 32,CAN_dayne_st_clair,Dayne ST. CLAIR,CAN,Canada,RSA,GK,0,3,0,0.125,0.125,1.9249999999999998,0.1,0.5,0.2,0.5,0.2,2.197222222222222,1.9012499999999999,16.716666666666665,1.1972222222222222,1.27725,3.655555555555556,4.0,1,0,0,0,0,0.0,0,0,0.00213660309602548,0.0023023904444628256,0.004133040922473297
2026-M073-RSA-CAN,73,2026-06-28,Round of 32,CAN_owen_goodman,Owen GOODMAN,CAN,Canada,RSA,GK,0,3,0,0.125,0.125,1.9249999999999998,0.1,0.5,0.2,0.5,0.2,2.197222222222222,1.9012499999999999,16.716666666666665,1.1972222222222222,1.27725,3.655555555555556,4.0,1,0,0,0,0,0.0,0,0,0.00213660309602548,0.0023023904444628256,0.004133040922473297
2026-M073-RSA-CAN,73,2026-06-28,Round of 32,CAN_alfie_jones,Alﬁe JONES,CAN,Canada,RSA,DF,0,3,0,0.125,0.125,1.9249999999999998,0.1,0.5,0.2,0.5,0.2,2.197222222222222,1.9012499999999999,16.716666666666665,1.1972222222222222,1.27725,3.655555555555556,4.0,1,0,0,0,0,0.0,0,0,0.00213660309602548,0.0057580410938500295,0.004102607430837446
2026-M073-RSA-CAN,73,2026-06-28,Round of 32,CAN_luc_de_fougerolles,Luc DE FOUGEROLLES,CAN,Canada,RSA,DF,0,3,3,0.875,0.875,1.9249999999999998,0.04176334106728538,0.4176334106728538,0.29234338747099764,0.39589442815249265,0.31671554252199413,2.197222222222222,1.9012499999999999,16.716666666666665,1.1972222222222222,1.27725,3.655555555555556,4.0,1,0,0,0,1,31.0,1,0,0.0008928726135335463,0.0028610713471030396,0.004461255016376031
2026-M073-RSA-CAN,73,2026-06-28,Round of 32,CAN_joel_waterman,Joel WATERMAN,CAN,Canada,RSA,DF,0,3,0,0.125,0.125,1.9249999999999998,0.1,0.5,0.2,0.5,0.2,2.197222222222222,1.9012499999999999,16.716666666666665,1.1972222222222222,1.27725,3.655555555555556,4.0,1,0,0,0,0,0.0,0,0,0.00213660309602548,0.0057580410938500295,0.004102607430837446
2026-M073-RSA-CAN,73,2026-06-28,Round of 32,CAN_mathieu_choiniere,Mathieu CHOINIERE,CAN,Canada,RSA,MF,0,3,1,0.375,0.375,1.9249999999999998,0.07563025210084033,0.37815126050420167,0.15126050420168066,0.30405405405405406,0.12162162162162163,2.197222222222222,1.9012499999999999,16.716666666666665,1.1972222222222222,1.27725,3.655555555555556,4.0,1,0,0,0,0,0.0,0,0,0.0016163393730398434,0.010696090477722867,0.005386694803796668
2026-M073-RSA-CAN,73,2026-06-28,Round of 32,CAN_ismael_kone,Ismael KONE,CAN,Canada,RSA,MF,0,3,2,0.625,0.625,1.9249999999999998,0.055384615384615386,0.8307692307692308,0.11076923076923077,0.9574468085106383,0.07659574468085106,2.197222222222222,1.9012499999999999,16.716666666666665,1.1972222222222222,1.27725,3.655555555555556,4.0,1,0,0,0,0,0.0,0,0,0.0011839140047931185,0.009270861456431133,0.005895416271133317
2026-M073-RSA-CAN,73,2026-06-28,Round of 32,CAN_cyle_larin,Cyle LARIN,CAN,Canada,RSA,FW,0,3,3,0.875,0.625,4.7250000000000005,0.5789473684210528,2.6315789473684212,1.1578947368421055,3.392857142857143,1.5,2.197222222222222,1.9012499999999999,16.716666666666665,1.1972222222222222,1.27725,3.655555555555556,4.0,1,0,0,0,0,0.0,0,0,0.029937461460746606,0.10589890744421186,0.16291123548306055
2026-M073-RSA-CAN,73,2026-06-28,Round of 32,CAN_jacob_shaffelburg,Jacob SHAFFELBURG,CAN,Canada,RSA,MF,0,3,3,0.875,0.125,15.354166666666666,0.07659574468085106,1.5319148936170213,0.15319148936170213,2.1724137931034484,0.12413793103448276,2.197222222222222,1.9012499999999999,16.716666666666665,1.1972222222222222,1.27725,3.655555555555556,4.0,1,0,0,0,1,19.0,0,0,0.01298236840799516,0.01903749305548591,0.05814423504237081
2026-M073-RSA-CAN,73,2026-06-28,Round of 32,CAN_alphonso_davies,Alphonso DAVIES,CAN,Canada,RSA,DF,0,3,0,0.125,0.125,1.9249999999999998,0.1,0.5,0.2,0.5,0.2,2.197222222222222,1.9012499999999999,16.716666666666665,1.1972222222222222,1.27725,3.655555555555556,4.0,1,0,0,0,1,15.0,0,0,0.00213660309602548,0.0057580410938500295,0.004102607430837446
2026-M073-RSA-CAN,73,2026-06-28,Round of 32,CAN_ali_ahmed,Ali AHMED,CAN,Canada,RSA,FW,0,3,3,0.875,0.625,9.787500000000001,0.05325443786982249,1.0650887573964498,0.37278106508875736,1.2701612903225807,0.43548387096774194,2.197222222222222,1.9012499999999999,16.716666666666665,1.1972222222222222,1.27725,3.655555555555556,4.0,1,0,0,0,0,0.0,0,0,0.005774682172596579,0.020570418832931495,0.03834053546622369
2026-M073-RSA-CAN,73,2026-06-28,Round of 32,CAN_jonathan_osorio,Jonathan OSORIO,CAN,Canada,RSA,MF,0,3,1,0.375,0.125,0.0,0.1,0.5,0.2,0.5,0.2,2.197222222222222,1.9012499999999999,16.716666666666665,1.1972222222222222,1.27725,3.655555555555556,4.0,1,0,0,0,0,0.0,0,0,0.0,0.014358459393979792,0.01690147686998095
2026-M073-RSA-CAN,73,2026-06-28,Round of 32,CAN_niko_sigur,Niko SIGUR,CAN,Canada,RSA,DF,0,3,1,0.375,0.125,2.3625000000000003,0.0962566844919786,0.9625668449197861,0.1925133689839572,1.3917525773195876,0.18556701030927836,2.197222222222222,1.9012499999999999,16.716666666666665,1.1972222222222222,1.27725,3.655555555555556,4.0,1,0,0,0,1,31.0,0,0,0.0025235484524573915,0.006123302312137093,0.008037847643765451
2026-M073-RSA-CAN,73,2026-06-28,Round of 32,CAN_promise_david,Promise DAVID,CAN,Canada,RSA,FW,0,3,2,0.625,0.125,12.925,0.48214285714285715,2.0089285714285716,1.3660714285714286,3.0223880597014925,2.1492537313432836,2.197222222222222,1.9012499999999999,16.716666666666665,1.1972222222222222,1.27725,3.655555555555556,4.0,1,0,0,0,1,20.0,1,0,0.06689829119972512,0.09701115964032188,0.11888131853986482
2026-M073-RSA-CAN,73,2026-06-28,Round of 32,CAN_jayden_nelson,Jayden NELSON,CAN,Canada,RSA,FW,0,3,0,0.125,0.125,1.9249999999999998,0.1,0.5,0.2,0.5,0.2,2.197222222222222,1.9012499999999999,16.716666666666665,1.1972222222222222,1.27725,3.655555555555556,4.0,1,0,0,0,0,0.0,0,0,0.00213660309602548,0.025350744468530653,0.025619179433022336
2026-M073-RSA-CAN,73,2026-06-28,Round of 32,RSA_ronwen_williams,Ronwen WILLIAMS,RSA,South Africa,CAN,GK,1,3,3,0.875,0.875,90.0,0.04,0.2,0.08,0.125,0.05,0.9972222222222221,0.9672499999999999,11.516666666666666,1.1972222222222222,1.0292499999999998,3.055555555555556,4.0,1,0,0,0,1,90.0,0,0,0.03921056084767682,0.00796611818652205,0.0062380427650931
2026-M073-RSA-CAN,73,2026-06-28,Round of 32,RSA_teboho_mokoena,Teboho MOKOENA,RSA,South Africa,CAN,MF,1,2,2,0.8333333333333334,0.8333333333333334,90.0,0.3,0.75,0.35,0.8333333333333334,0.4,0.9972222222222221,0.9672499999999999,11.516666666666666,1.1972222222222222,1.0292499999999998,3.055555555555556,10.0,1,0,0,0,1,90.0,2,1,0.2591817793182821,0.11352462833169893,0.07097420121989025
2026-M073-RSA-CAN,73,2026-06-28,Round of 32,RSA_aubrey_modiba,Aubrey MODIBA,RSA,South Africa,CAN,DF,1,3,3,0.875,0.875,85.66666666666667,0.041189931350114416,1.2356979405034325,0.2883295194508009,1.4265129682997117,0.3112391930835735,0.9972222222222221,0.9672499999999999,11.516666666666666,1.1972222222222222,1.0292499999999998,3.055555555555556,4.0,1,0,0,0,1,90.0,0,0,0.03844807613650503,0.027298371122700373,0.060168111545298955
2026-M073-RSA-CAN,73,2026-06-28,Round of 32,RSA_oswin_appollis,Oswin APPOLLIS,RSA,South Africa,CAN,FW,1,3,3,0.875,0.625,76.0,0.05217391304347826,0.782608695652174,0.36521739130434777,0.8823529411764706,0.4235294117647059,0.9972222222222221,0.9672499999999999,11.516666666666666,1.1972222222222222,1.0292499999999998,3.055555555555556,4.0,1,0,0,0,1,90.0,2,0,0.043101516510733795,0.11851942746663537,0.15805797933506485
2026-M073-RSA-CAN,73,2026-06-28,Round of 32,RSA_relebohile_mofokeng,Relebohile MOFOKENG,RSA,South Africa,CAN,FW,1,3,2,0.625,0.375,80.0,0.05901639344262295,1.180327868852459,0.4131147540983606,1.4651162790697674,0.5023255813953489,0.9972222222222221,0.9672499999999999,11.516666666666666,1.1972222222222222,1.0292499999999998,3.055555555555556,4.0,1,0,0,0,1,45.0,0,0,0.05110679067513901,0.1574530097750224,0.18259462049610004
2026-M073-RSA-CAN,73,2026-06-28,Round of 32,RSA_thapelo_maseko,Thapelo MASEKO,RSA,South Africa,CAN,FW,1,3,2,0.625,0.625,79.5,0.3185840707964602,2.3893805309734515,0.3716814159292035,3.072289156626506,0.43373493975903615,0.9972222222222221,0.9672499999999999,11.516666666666666,1.1972222222222222,1.0292499999999998,3.055555555555556,4.0,1,0,0,0,1,86.0,0,0,0.24528563755421484,0.26604801154106084,0.2317432784210333
2026-M073-RSA-CAN,73,2026-06-28,Round of 32,RSA_sphephelo_sithole,Sphephelo SITHOLE,RSA,South Africa,CAN,MF,1,2,2,0.8333333333333334,0.8333333333333334,90.0,0.05,0.25,0.1,0.16666666666666666,0.06666666666666667,0.9972222222222221,0.9672499999999999,11.516666666666666,1.1972222222222222,1.0292499999999998,3.055555555555556,4.0,1,0,0,0,1,90.0,0,0,0.048770575499285984,0.0555408313681012,0.02226882921850116
2026-M073-RSA-CAN,73,2026-06-28,Round of 32,RSA_mbekezeli_mbokazi,Mbekezeli MBOKAZI,RSA,South Africa,CAN,DF,1,3,3,0.875,0.875,90.0,0.04,1.0,0.27999999999999997,1.125,0.3,0.9972222222222221,0.9672499999999999,11.516666666666666,1.1972222222222222,1.0292499999999998,3.055555555555556,4.0,1,0,0,0,1,90.0,0,0,0.03921056084767682,0.026172076657725793,0.021980340638288524
2026-M073-RSA-CAN,73,2026-06-28,Round of 32,RSA_evidence_makgopa,Evidence MAKGOPA,RSA,South Africa,CAN,FW,1,3,3,0.875,0.375,90.0,0.05844155844155844,1.4610389610389611,0.9935064935064936,1.8577981651376148,1.3211009174311927,0.9972222222222221,0.9672499999999999,11.516666666666666,1.1972222222222222,1.0292499999999998,3.055555555555556,4.0,1,0,0,0,1,86.0,0,0,0.05676663718337194,0.20151063422155946,0.3207167984561685
2026-M073-RSA-CAN,73,2026-06-28,Round of 32,RSA_khuliso_mudau,Khuliso MUDAU,RSA,South Africa,CAN,DF,1,3,3,0.875,0.875,90.0,0.04,0.2,0.08,0.125,0.05,0.9972222222222221,0.9672499999999999,11.516666666666666,1.1972222222222222,1.0292499999999998,3.055555555555556,4.0,1,0,0,0,1,90.0,0,0,0.03921056084767682,0.01975412929147854,0.005388122130843044
2026-M073-RSA-CAN,73,2026-06-28,Round of 32,RSA_ime_okon,Ime OKON,RSA,South Africa,CAN,DF,1,3,3,0.875,0.875,90.0,0.04,0.2,0.08,0.125,0.05,0.9972222222222221,0.9672499999999999,11.516666666666666,1.1972222222222222,1.0292499999999998,3.055555555555556,4.0,1,0,0,0,1,90.0,1,0,0.03921056084767682,0.01975412929147854,0.005388122130843044
2026-M073-RSA-CAN,73,2026-06-28,Round of 32,RSA_sipho_chaine,Sipho CHAINE,RSA,South Africa,CAN,GK,0,3,0,0.125,0.125,1.9249999999999998,0.1,0.5,0.2,0.5,0.2,0.9972222222222221,0.9672499999999999,11.516666666666666,1.1972222222222222,1.0292499999999998,3.055555555555556,4.0,1,0,0,0,0,0.0,0,0,0.00213660309602548,0.0023765812912615683,0.002360113305455385
2026-M073-RSA-CAN,73,2026-06-28,Round of 32,RSA_ricardo_goss,Ricardo GOSS,RSA,South Africa,CAN,GK,0,3,0,0.125,0.125,1.9249999999999998,0.1,0.5,0.2,0.5,0.2,0.9972222222222221,0.9672499999999999,11.516666666666666,1.1972222222222222,1.0292499999999998,3.055555555555556,4.0,1,0,0,0,0,0.0,0,0,0.00213660309602548,0.0023765812912615683,0.002360113305455385
2026-M073-RSA-CAN,73,2026-06-28,Round of 32,RSA_thabang_matuludi,Thabang MATULUDI,RSA,South Africa,CAN,DF,0,3,0,0.125,0.125,1.9249999999999998,0.1,0.5,0.2,0.5,0.2,0.9972222222222221,0.9672499999999999,11.516666666666666,1.1972222222222222,1.0292499999999998,3.055555555555556,4.0,1,0,0,0,0,0.0,0,0,0.00213660309602548,0.005942921463450305,0.0018722366525475273
2026-M073-RSA-CAN,73,2026-06-28,Round of 32,RSA_khulumani_ndamane,Khulumani NDAMANE,RSA,South Africa,CAN,DF,0,3,0,0.125,0.125,1.9249999999999998,0.1,0.5,0.2,0.5,0.2,0.9972222222222221,0.9672499999999999,11.516666666666666,1.1972222222222222,1.0292499999999998,3.055555555555556,4.0,1,0,0,0,0,0.0,0,0,0.00213660309602548,0.005942921463450305,0.0018722366525475273
2026-M073-RSA-CAN,73,2026-06-28,Round of 32,RSA_thalente_mbatha,Thalente MBATHA,RSA,South Africa,CAN,MF,0,3,3,0.875,0.625,11.475000000000001,0.04568527918781726,0.9137055837563451,0.31979695431472077,1.0361842105263157,0.35526315789473684,0.9972222222222221,0.9672499999999999,11.516666666666666,1.1972222222222222,1.0292499999999998,3.055555555555556,4.0,1,0,0,0,1,45.0,1,0,0.005807941414070372,0.01120712615510372,0.005664293911155915
2026-M073-RSA-CAN,73,2026-06-28,Round of 32,RSA_tshepang_moremi,Tshepang MOREMI,RSA,South Africa,CAN,FW,0,3,1,0.375,0.125,9.450000000000001,0.08653846153846154,0.4326923076923077,0.17307692307692307,0.3813559322033898,0.15254237288135594,0.9972222222222221,0.9672499999999999,11.516666666666666,1.1972222222222222,1.0292499999999998,3.055555555555556,4.0,1,0,0,0,1,4.0,0,0,0.009045380626021116,0.027231719229955834,0.022747442781404482
2026-M073-RSA-CAN,73,2026-06-28,Round of 32,RSA_lyle_foster,Lyle FOSTER,RSA,South Africa,CAN,FW,0,3,1,0.375,0.375,1.9249999999999998,0.07627118644067797,0.7627118644067796,0.15254237288135594,0.9246575342465754,0.1232876712328767,0.9972222222222221,0.9672499999999999,11.516666666666666,1.1972222222222222,1.0292499999999998,3.055555555555556,4.0,1,0,0,0,0,0.0,0,0,0.001630025994413531,0.02136448235311739,0.022044782730440304
2026-M073-RSA-CAN,73,2026-06-28,Round of 32,RSA_iqraam_rayners,Iqraam RAYNERS,RSA,South Africa,CAN,FW,0,3,3,0.875,0.625,5.0625,0.05341246290801187,0.5341246290801187,0.10682492581602374,0.5465587044534413,0.0728744939271255,0.9972222222222221,0.9672499999999999,11.516666666666666,1.1972222222222222,1.0292499999999998,3.055555555555556,4.0,1,0,0,0,1,4.0,0,0,0.0029999421922204395,0.016929072129896458,0.026165390049686443
2026-M073-RSA-CAN,73,2026-06-28,Round of 32,RSA_samukele_kabini,Samukele KABINI,RSA,South Africa,CAN,DF,0,3,0,0.125,0.125,1.9249999999999998,0.1,0.5,0.2,0.5,0.2,0.9972222222222221,0.9672499999999999,11.516666666666666,1.1972222222222222,1.0292499999999998,3.055555555555556,4.0,1,0,0,0,0,0.0,0,0,0.00213660309602548,0.005942921463450305,0.0018722366525475273
2026-M073-RSA-CAN,73,2026-06-28,Round of 32,RSA_nkosinathi_sibisi,Nkosinathi SIBISI,RSA,South Africa,CAN,DF,0,3,1,0.375,0.375,1.9249999999999998,0.06666666666666667,0.3333333333333333,0.13333333333333333,0.25,0.1,0.9972222222222221,0.9672499999999999,11.516666666666666,1.1972222222222222,1.0292499999999998,3.055555555555556,4.0,1,0,0,0,0,0.0,0,0,0.0014249097765947072,0.0043470542541223615,0.0017764344518916497
2026-M073-RSA-CAN,73,2026-06-28,Round of 32,RSA_jayden_adams,Jayden ADAMS,RSA,South Africa,CAN,MF,0,3,3,0.875,0.625,3.375,0.06060606060606061,0.30303030303030304,0.12121212121212122,0.21739130434782608,0.08695652173913043,0.9972222222222221,0.9672499999999999,11.516666666666666,1.1972222222222222,1.0292499999999998,3.055555555555556,4.0,1,0,0,0,0,0.0,0,0,0.0022701465835369694,0.0089369890291889,0.005741181740277863
2026-M073-RSA-CAN,73,2026-06-28,Round of 32,RSA_olwethu_makhanya,Olwethu MAKHANYA,RSA,South Africa,CAN,DF,0,3,0,0.125,0.125,1.9249999999999998,0.1,0.5,0.2,0.5,0.2,0.9972222222222221,0.9672499999999999,11.516666666666666,1.1972222222222222,1.0292499999999998,3.055555555555556,4.0,1,0,0,0,0,0.0,0,0,0.00213660309602548,0.005942921463450305,0.0018722366525475273
2026-M073-RSA-CAN,73,2026-06-28,Round of 32,RSA_kamogelo_sebelebele,Kamogelo SEBELEBELE,RSA,South Africa,CAN,FW,0,3,1,0.375,0.125,2.0250000000000004,0.0967741935483871,0.4838709677419355,0.1935483870967742,0.46875,0.1875,0.9972222222222221,0.9672499999999999,11.516666666666666,1.1972222222222222,1.0292499999999998,3.055555555555556,4.0,1,0,0,0,0,0.0,0,0,0.0021750504969595408,0.026838366398657745,0.024924340232935823
2026-M073-RSA-CAN,73,2026-06-28,Round of 32,RSA_bradley_cross,Bradley CROSS,RSA,South Africa,CAN,DF,0,3,0,0.125,0.125,1.9249999999999998,0.1,0.5,0.2,0.5,0.2,0.9972222222222221,0.9672499999999999,11.516666666666666,1.1972222222222222,1.0292499999999998,3.055555555555556,4.0,1,0,0,0,0,0.0,0,0,0.00213660309602548,0.005942921463450305,0.0018722366525475273
2026-M074-GER-PAR,74,2026-06-29,Round of 32,GER_manuel_neuer,Manuel NEUER,GER,Germany,PAR,GK,1,3,3,0.875,0.875,90.0,0.04,0.2,0.08,0.125,0.05,2.591780821917808,1.9744657534246577,15.498630136986302,1.391780821917808,1.4404657534246574,4.854794520547945,4.0,1,0,0,0,1,90.0,0,0,0.03921056084767682,0.00027500482731598403,0.02809482626547987
2026-M074-GER-PAR,74,2026-06-29,Round of 32,GER_antonio_ruediger,Antonio RUEDIGER,GER,Germany,PAR,DF,1,3,3,0.875,0.375,90.0,0.05421686746987952,0.5421686746987951,0.10843373493975904,0.5578512396694215,0.0743801652892562,2.591780821917808,1.9744657534246577,15.498630136986302,1.391780821917808,1.4404657534246574,4.854794520547945,4.0,1,0,0,0,1,90.0,0,0,0.052773338424055516,0.0012603181044968566,0.04031758846279036
2026-M074-GER-PAR,74,2026-06-29,Round of 32,GER_jonathan_tah,Jonathan TAH,GER,Germany,PAR,DF,1,3,3,0.875,0.875,84.33333333333333,0.04157043879907621,0.20785219399538107,0.08314087759815242,0.13119533527696792,0.052478134110787174,2.591780821917808,1.9744657534246577,15.498630136986302,1.391780821917808,1.4404657534246574,4.854794520547945,4.0,1,0,0,0,1,90.0,0,0,0.038204126749897815,0.0006771784711640658,0.03086821444966607
2026-M074-GER-PAR,74,2026-06-29,Round of 32,GER_aleksandar_pavlovic,Aleksandar PAVLOVIC,GER,Germany,PAR,MF,1,3,3,0.875,0.875,65.0,0.048,0.96,0.33599999999999997,1.105263157894737,0.37894736842105264,2.591780821917808,1.9744657534246577,15.498630136986302,1.391780821917808,1.4404657534246574,4.854794520547945,4.0,1,0,0,0,1,79.0,1,0,0.03407266161964129,0.0019351023555692123,0.07991324982746503
2026-M074-GER-PAR,74,2026-06-29,Round of 32,GER_joshua_kimmich,Joshua KIMMICH,GER,Germany,PAR,DF,1,3,3,0.875,0.875,77.66666666666667,0.043583535108958835,0.2179176755447942,0.08716707021791767,0.1393188854489164,0.05572755417956656,2.591780821917808,1.9744657534246577,15.498630136986302,1.391780821917808,1.4404657534246574,4.854794520547945,4.0,1,0,0,0,1,90.0,3,0,0.036912468384005526,0.0006548680339487771,0.030314221011770642
2026-M074-GER-PAR,74,2026-06-29,Round of 32,GER_kai_havertz,Kai HAVERTZ,GER,Germany,PAR,FW,1,3,3,0.875,0.875,78.33333333333333,0.47710843373493983,1.9518072289156627,0.9542168674698797,2.353846153846154,1.1630769230769231,2.591780821917808,1.9744657534246577,15.498630136986302,1.391780821917808,1.4404657534246574,4.854794520547945,4.0,1,1,1,1,1,90.0,3,2,0.3398320747827632,0.015406311686284998,0.23331222353735115
2026-M074-GER-PAR,74,2026-06-29,Round of 32,GER_florian_wirtz,Florian WIRTZ,GER,Germany,PAR,MF,1,3,3,0.875,0.875,84.33333333333333,0.04157043879907621,1.8706697459584296,0.29099307159353344,2.2303206997084546,0.31486880466472306,2.591780821917808,1.9744657534246577,15.498630136986302,1.391780821917808,1.4404657534246574,4.854794520547945,4.0,1,0,0,0,1,90.0,2,0,0.038204126749897815,0.0027878923544112162,0.12245557518496239
2026-M074-GER-PAR,74,2026-06-29,Round of 32,GER_nathaniel_brown,Nathaniel BROWN,GER,Germany,PAR,DF,1,3,2,0.625,0.625,81.5,0.31486880466472306,1.0495626822157433,0.6297376093294461,1.2450592885375493,0.7826086956521741,2.591780821917808,1.9744657534246577,15.498630136986302,1.391780821917808,1.4404657534246574,4.854794520547945,4.0,1,0,0,0,1,90.0,0,0,0.248084399971213,0.002118128952162334,0.08801252589882298
2026-M074-GER-PAR,74,2026-06-29,Round of 32,GER_leroy_sane,Leroy SANE,GER,Germany,PAR,MF,1,3,3,0.875,0.875,80.0,0.2571428571428571,1.2857142857142858,0.5142857142857142,1.5,0.6000000000000001,2.591780821917808,1.9744657534246577,15.498630136986302,1.391780821917808,1.4404657534246574,4.854794520547945,4.0,1,0,0,0,1,88.0,1,0,0.20433053835830717,0.003921461621231692,0.1354461197625777
2026-M074-GER-PAR,74,2026-06-29,Round of 32,GER_felix_nmecha,Felix NMECHA,GER,Germany,PAR,MF,1,3,3,0.875,0.875,75.66666666666667,0.26535626535626533,1.99017199017199,0.7518427518427518,2.413249211356467,0.9085173501577287,2.591780821917808,1.9744657534246577,15.498630136986302,1.391780821917808,1.4404657534246574,4.854794520547945,4.0,1,0,0,0,1,45.0,0,0,0.19996181651408307,0.004986647789152211,0.13072964237930645
2026-M074-GER-PAR,74,2026-06-29,Round of 32,GER_deniz_undav,Deniz UNDAV,GER,Germany,PAR,FW,1,3,3,0.875,0.125,80.0,0.7443609022556392,2.030075187969925,1.4887218045112784,2.8125,2.147727272727273,2.591780821917808,1.9744657534246577,15.498630136986302,1.391780821917808,1.4404657534246574,4.854794520547945,4.0,1,0,0,0,1,63.0,1,0,0.4840029008601361,0.0528752000797758,0.2675821928500194
2026-M074-GER-PAR,74,2026-06-29,Round of 32,GER_oliver_baumann,Oliver BAUMANN,GER,Germany,PAR,GK,0,3,0,0.125,0.125,1.9249999999999998,0.1,0.5,0.2,0.5,0.2,2.591780821917808,1.9744657534246577,15.498630136986302,1.391780821917808,1.4404657534246574,4.854794520547945,4.0,1,0,0,0,0,0.0,0,0,0.00213660309602548,8.283587508472159e-05,0.009074984632449878
2026-M074-GER-PAR,74,2026-06-29,Round of 32,GER_alexander_nuebel,Alexander NUEBEL,GER,Germany,PAR,GK,0,3,0,0.125,0.125,1.9249999999999998,0.1,0.5,0.2,0.5,0.2,2.591780821917808,1.9744657534246577,15.498630136986302,1.391780821917808,1.4404657534246574,4.854794520547945,4.0,1,0,0,0,0,0.0,0,0,0.00213660309602548,8.283587508472159e-05,0.009074984632449878
2026-M074-GER-PAR,74,2026-06-29,Round of 32,GER_waldemar_anton,Waldemar ANTON,GER,Germany,PAR,DF,0,3,1,0.375,0.125,2.3625000000000003,0.0962566844919786,0.48128342245989303,0.1925133689839572,0.4639175257731959,0.18556701030927836,2.591780821917808,1.9744657534246577,15.498630136986302,1.391780821917808,1.4404657534246574,4.854794520547945,4.0,1,0,0,0,1,11.0,0,0,0.0025235484524573915,0.00021508094626755962,0.013517605134072224
2026-M074-GER-PAR,74,2026-06-29,Round of 32,GER_leon_goretzka,Leon GORETZKA,GER,Germany,PAR,MF,0,3,2,0.625,0.125,6.4625,0.0891089108910891,0.44554455445544555,0.1782178217821782,0.4017857142857143,0.16071428571428573,2.591780821917808,1.9744657534246577,15.498630136986302,1.391780821917808,1.4404657534246574,4.854794520547945,4.0,1,0,0,0,1,45.0,2,0,0.006378087945839717,0.0005448386850869531,0.01786302489022073
2026-M074-GER-PAR,74,2026-06-29,Round of 32,GER_jamie_leweling,Jamie LEWELING,GER,Germany,PAR,MF,0,3,1,0.375,0.125,10.125,0.08571428571428572,0.8571428571428571,0.17142857142857143,1.125,0.15,2.591780821917808,1.9744657534246577,15.498630136986302,1.391780821917808,1.4404657534246574,4.854794520547945,4.0,1,0,0,0,0,0.0,0,0,0.009596513876042212,0.0005660423265384779,0.016338622253121007
2026-M074-GER-PAR,74,2026-06-29,Round of 32,GER_jamal_musiala,Jamal MUSIALA,GER,Germany,PAR,MF,0,3,3,0.875,0.875,1.9249999999999998,0.27411167512690354,1.598984771573604,0.31979695431472077,1.924342105263158,0.35526315789473684,2.591780821917808,1.9744657534246577,15.498630136986302,1.391780821917808,1.4404657534246574,4.854794520547945,4.0,1,0,0,0,1,27.0,0,0,0.005845790645054527,0.0005840372862433757,0.06520284374079993
2026-M074-GER-PAR,74,2026-06-29,Round of 32,GER_nick_woltemade,Nick WOLTEMADE,GER,Germany,PAR,FW,0,3,0,0.125,0.125,1.9249999999999998,0.1,0.5,0.2,0.5,0.2,2.591780821917808,1.9744657534246577,15.498630136986302,1.391780821917808,1.4404657534246574,4.854794520547945,4.0,1,0,0,0,1,2.0,0,0,0.00213660309602548,0.0009392378544600515,0.04243486744206545
2026-M074-GER-PAR,74,2026-06-29,Round of 32,GER_pascal_gross,Pascal GROSS,GER,Germany,PAR,MF,0,3,1,0.375,0.125,5.737500000000001,0.09137055837563451,0.9137055837563451,0.18274111675126903,1.2616822429906542,0.16822429906542055,2.591780821917808,1.9744657534246577,15.498630136986302,1.391780821917808,1.4404657534246574,4.854794520547945,4.0,1,0,0,0,0,0.0,0,0,0.005807941414070372,0.0005560346155838555,0.015373071996506225
2026-M074-GER-PAR,74,2026-06-29,Round of 32,GER_maximilian_beier,Maximilian BEIER,GER,Germany,PAR,FW,0,3,1,0.375,0.125,8.775,0.08737864077669903,0.4368932038834951,0.17475728155339806,0.3879310344827586,0.15517241379310345,2.591780821917808,1.9744657534246577,15.498630136986302,1.391780821917808,1.4404657534246574,4.854794520547945,4.0,1,0,0,0,0,0.0,0,0,0.008483230076768433,0.0009741301385980914,0.048141336122091524
2026-M074-GER-PAR,74,2026-06-29,Round of 32,GER_nico_schlotterbeck,Nico SCHLOTTERBECK,GER,Germany,PAR,DF,0,3,2,0.625,0.625,1.9249999999999998,0.34285714285714286,0.8571428571428571,0.6857142857142857,1.0,0.8800000000000001,2.591780821917808,1.9744657534246577,15.498630136986302,1.391780821917808,1.4404657534246574,4.854794520547945,4.0,1,0,0,0,0,0.0,0,0,0.007306510052513926,0.0002971080263256649,0.031161620278848286
2026-M074-GER-PAR,74,2026-06-29,Round of 32,GER_angelo_stiller,Angelo STILLER,GER,Germany,PAR,MF,0,3,1,0.375,0.125,15.187500000000002,0.08,0.4,0.16,0.3333333333333333,0.13333333333333333,2.591780821917808,1.9744657534246577,15.498630136986302,1.391780821917808,1.4404657534246574,4.854794520547945,4.0,1,0,0,0,0,0.0,0,0,0.013409283682267348,0.0005406023368887218,0.02641905812245267
2026-M074-GER-PAR,74,2026-06-29,Round of 32,GER_nadiem_amiri,Nadiem AMIRI,GER,Germany,PAR,MF,0,3,1,0.375,0.125,10.125,0.08571428571428572,0.8571428571428571,0.6,1.125,0.9,2.591780821917808,1.9744657534246577,15.498630136986302,1.391780821917808,1.4404657534246574,4.854794520547945,4.0,1,0,0,0,1,0.0,0,0,0.009596513876042212,0.000604180685682636,0.019586314332783294
2026-M074-GER-PAR,74,2026-06-29,Round of 32,GER_david_raum,David RAUM,GER,Germany,PAR,DF,0,3,2,0.625,0.375,5.737500000000001,0.0627177700348432,0.627177700348432,0.4390243902439024,0.6852791878172588,0.5482233502538071,2.591780821917808,1.9744657534246577,15.498630136986302,1.391780821917808,1.4404657534246574,4.854794520547945,4.0,1,0,0,0,0,0.0,0,0,0.0039902754489407055,0.00018225308177354614,0.017446734849599032
2026-M074-GER-PAR,74,2026-06-29,Round of 32,GER_malick_thiaw,Malick THIAW,GER,Germany,PAR,DF,0,3,1,0.375,0.125,10.125,0.08571428571428572,0.42857142857142855,0.17142857142857143,0.375,0.15,2.591780821917808,1.9744657534246577,15.498630136986302,1.391780821917808,1.4404657534246574,4.854794520547945,4.0,1,0,0,0,1,0.0,0,0,0.009596513876042212,0.0002185056672146412,0.014429477917375554
2026-M074-GER-PAR,74,2026-06-29,Round of 32,GER_assan_ouedraogo,Assan OUEDRAOGO,GER,Germany,PAR,MF,0,3,0,0.125,0.125,1.9249999999999998,0.1,0.5,0.2,0.5,0.2,2.591780821917808,1.9744657534246577,15.498630136986302,1.391780821917808,1.4404657534246574,4.854794520547945,4.0,1,0,0,0,0,0.0,0,0,0.00213660309602548,0.0005137385296044135,0.009817985174170955
2026-M074-GER-PAR,74,2026-06-29,Round of 32,PAR_orlando_gill,Orlando GILL,PAR,Paraguay,GER,GK,1,3,3,0.875,0.875,90.0,0.04,0.2,0.08,0.125,0.05,0.9917808219178081,0.7484657534246575,9.498630136986302,1.391780821917808,1.0904657534246573,3.054794520547945,4.0,1,0,0,0,1,90.0,0,0,0.03921056084767682,0.00039819820308911687,0.010029976819407451
2026-M074-GER-PAR,74,2026-06-29,Round of 32,PAR_juan_jose_caceres,Juan Jose CACERES,PAR,Paraguay,GER,DF,1,3,3,0.875,0.875,83.66666666666667,0.04176334106728538,0.6264501160092807,0.29234338747099764,0.6598240469208211,0.31671554252199413,0.9917808219178081,0.7484657534246575,9.498630136986302,1.391780821917808,1.0904657534246573,3.054794520547945,4.0,1,0,0,0,1,90.0,0,0,0.03808043039262965,0.00116031849100429,0.02298026022729542
2026-M074-GER-PAR,74,2026-06-29,Round of 32,PAR_junior_alonso,Junior ALONSO,PAR,Paraguay,GER,DF,1,3,3,0.875,0.625,90.0,0.05,0.25,0.1,0.16666666666666666,0.06666666666666667,0.9917808219178081,0.7484657534246575,9.498630136986302,1.391780821917808,1.0904657534246573,3.054794520547945,4.0,1,0,0,0,1,90.0,1,1,0.048770575499285984,0.0013316022976555765,0.009655567761695615
2026-M074-GER-PAR,74,2026-06-29,Round of 32,PAR_miguel_almiron,Miguel ALMIRON,PAR,Paraguay,GER,MF,1,2,2,0.8333333333333334,0.8333333333333334,84.5,0.05157593123209169,0.7736389684813754,0.10315186246418338,0.8687258687258688,0.0694980694980695,0.9917808219178081,0.7484657534246575,9.498630136986302,1.391780821917808,1.0904657534246573,3.054794520547945,10.0,1,0,0,0,1,90.0,0,0,0.04727032150226318,0.0033547778160883967,0.03656329455632797
2026-M074-GER-PAR,74,2026-06-29,Round of 32,PAR_jose_canale,Jose CANALE,PAR,Paraguay,GER,DF,1,3,2,0.625,0.125,80.0,0.0967741935483871,0.4838709677419355,0.1935483870967742,0.46875,0.1875,0.9917808219178081,0.7484657534246575,9.498630136986302,1.391780821917808,1.0904657534246573,3.054794520547945,4.0,1,0,0,0,1,90.0,0,0,0.08242550177693908,0.0023051794221137516,0.03663726138890637
2026-M074-GER-PAR,74,2026-06-29,Round of 32,PAR_andres_cubas,Andres CUBAS,PAR,Paraguay,GER,MF,1,3,3,0.875,0.875,90.0,0.04,0.4,0.08,0.375,0.05,0.9917808219178081,0.7484657534246575,9.498630136986302,1.391780821917808,1.0904657534246573,3.054794520547945,4.0,1,0,0,0,1,90.0,0,0,0.03921056084767682,0.002609896763568043,0.03028044141790104
2026-M074-GER-PAR,74,2026-06-29,Round of 32,PAR_gustavo_gomez,Gustavo GOMEZ,PAR,Paraguay,GER,DF,1,3,3,0.875,0.875,90.0,0.04,0.4,0.08,0.375,0.05,0.9917808219178081,0.7484657534246575,9.498630136986302,1.391780821917808,1.0904657534246573,3.054794520547945,4.0,1,0,0,0,1,90.0,1,0,0.03921056084767682,0.00106851432760793,0.01066659627567091
2026-M074-GER-PAR,74,2026-06-29,Round of 32,PAR_damian_bobadilla,Damian BOBADILLA,PAR,Paraguay,GER,MF,1,3,3,0.875,0.375,45.0,0.06666666666666667,0.3333333333333333,0.13333333333333333,0.25,0.1,0.9917808219178081,0.7484657534246575,9.498630136986302,1.391780821917808,1.0904657534246573,3.054794520547945,4.0,1,0,0,0,1,90.0,0,0,0.0327838995179941,0.0032851084544395916,0.029282540148044826
2026-M074-GER-PAR,74,2026-06-29,Round of 32,PAR_julio_enciso,Julio ENCISO,PAR,Paraguay,GER,FW,1,3,3,0.875,0.875,90.0,0.04,1.2,0.08,1.375,0.05,0.9917808219178081,0.7484657534246575,9.498630136986302,1.391780821917808,1.0904657534246573,3.054794520547945,4.0,1,1,1,1,1,57.0,3,1,0.03921056084767682,0.005976868519329126,0.15834365537382109
2026-M074-GER-PAR,74,2026-06-29,Round of 32,PAR_gabriel_avalos,Gabriel AVALOS,PAR,Paraguay,GER,FW,1,3,2,0.625,0.375,67.0,0.0728744939271255,0.728744939271255,0.145748987854251,0.8598726114649682,0.11464968152866242,0.9917808219178081,0.7484657534246575,9.498630136986302,1.391780821917808,1.0904657534246573,3.054794520547945,4.0,1,0,0,0,1,55.0,0,0,0.05280568061922997,0.007367556351982234,0.12897563912211404
2026-M074-GER-PAR,74,2026-06-29,Round of 32,PAR_matias_galarza,Matias GALARZA,PAR,Paraguay,GER,MF,1,3,2,0.625,0.625,90.0,0.3,0.75,0.35,0.8333333333333334,0.4,0.9917808219178081,0.7484657534246575,9.498630136986302,1.391780821917808,1.0904657534246573,3.054794520547945,4.0,1,0,0,0,1,90.0,0,0,0.2591817793182821,0.006635957657340993,0.06663871547631584
2026-M074-GER-PAR,74,2026-06-29,Round of 32,PAR_gatito_fernandez,Gatito FERNANDEZ,PAR,Paraguay,GER,GK,0,3,0,0.125,0.125,1.9249999999999998,0.1,0.5,0.2,0.5,0.2,0.9917808219178081,0.7484657534246575,9.498630136986302,1.391780821917808,1.0904657534246573,3.054794520547945,4.0,1,0,0,0,0,0.0,0,0,0.00213660309602548,0.00011995402952707983,0.006035645238410507
2026-M074-GER-PAR,74,2026-06-29,Round of 32,PAR_gaston_olveira,Gaston OLVEIRA,PAR,Paraguay,GER,GK,0,3,0,0.125,0.125,1.9249999999999998,0.1,0.5,0.2,0.5,0.2,0.9917808219178081,0.7484657534246575,9.498630136986302,1.391780821917808,1.0904657534246573,3.054794520547945,4.0,1,0,0,0,0,0.0,0,0,0.00213660309602548,0.00011995402952707983,0.006035645238410507
2026-M074-GER-PAR,74,2026-06-29,Round of 32,PAR_gustavo_velazquez,Gustavo VELAZQUEZ,PAR,Paraguay,GER,DF,0,3,3,0.875,0.375,9.69375,0.0594059405940594,0.297029702970297,0.1188118811881188,0.2112676056338028,0.08450704225352113,0.9917808219178081,0.7484657534246575,9.498630136986302,1.391780821917808,1.0904657534246573,3.054794520547945,4.0,1,0,0,0,1,0.0,0,0,0.006378087945839717,0.00023968114176152813,0.005329806332718332
2026-M074-GER-PAR,74,2026-06-29,Round of 32,PAR_omar_alderete,Omar ALDERETE,PAR,Paraguay,GER,DF,0,3,3,0.875,0.875,1.9249999999999998,0.04054054054054054,0.40540540540540543,0.08108108108108109,0.3813559322033898,0.05084745762711865,0.9917808219178081,0.7484657534246575,9.498630136986302,1.391780821917808,1.0904657534246573,3.054794520547945,4.0,1,0,0,0,0,0.0,0,0,0.0008667412797092044,0.0001396376606831054,0.005262788230371871
2026-M074-GER-PAR,74,2026-06-29,Round of 32,PAR_fabian_balbuena,Fabian BALBUENA,PAR,Paraguay,GER,DF,0,3,0,0.125,0.125,1.9249999999999998,0.1,0.5,0.2,0.5,0.2,0.9917808219178081,0.7484657534246575,9.498630136986302,1.391780821917808,1.0904657534246573,3.054794520547945,4.0,1,0,0,0,1,0.0,0,0,0.00213660309602548,0.0003041809820845729,0.005343815796641362
2026-M074-GER-PAR,74,2026-06-29,Round of 32,PAR_ramon_sosa,Ramon SOSA,PAR,Paraguay,GER,MF,0,3,1,0.375,0.125,3.7125000000000004,0.09424083769633508,0.4712041884816754,0.18848167539267016,0.44554455445544555,0.1782178217821782,0.9917808219178081,0.7484657534246575,9.498630136986302,1.391780821917808,1.0904657534246573,3.054794520547945,4.0,1,0,0,0,0,0.0,0,0,0.0038798882630032283,0.0007635773298991275,0.01044010909115257
2026-M074-GER-PAR,74,2026-06-29,Round of 32,PAR_antonio_sanabria,Antonio SANABRIA,PAR,Paraguay,GER,FW,0,3,1,0.375,0.375,1.9249999999999998,0.0743801652892562,0.371900826446281,0.1487603305785124,0.29605263157894735,0.11842105263157894,0.9917808219178081,0.7484657534246575,9.498630136986302,1.391780821917808,1.0904657534246573,3.054794520547945,4.0,1,0,0,0,1,0.0,0,0,0.0015896442658708265,0.0010217356557155285,0.020317883728630727
2026-M074-GER-PAR,74,2026-06-29,Round of 32,PAR_mauricio,MAURICIO,PAR,Paraguay,GER,MF,0,3,2,0.625,0.125,26.4375,0.4,1.3333333333333333,1.1333333333333333,1.75,1.6,0.9917808219178081,0.7484657534246575,9.498630136986302,1.391780821917808,1.0904657534246573,3.054794520547945,4.0,1,0,0,0,1,33.0,0,0,0.11085948825355196,0.0026201304302856253,0.1407428185544349
2026-M074-GER-PAR,74,2026-06-29,Round of 32,PAR_alejandro_romero_gamarra,Alejandro ROMERO GAMARRA,PAR,Paraguay,GER,FW,0,3,1,0.375,0.125,3.375,0.09473684210526316,0.47368421052631576,0.18947368421052632,0.45,0.18,0.9917808219178081,0.7484657534246575,9.498630136986302,1.391780821917808,1.0904657534246573,3.054794520547945,4.0,1,0,0,0,0,0.0,0,0,0.0035463284498206127,0.0013947831471013239,0.022565510325854455
2026-M074-GER-PAR,74,2026-06-29,Round of 32,PAR_alex_arce,Alex ARCE,PAR,Paraguay,GER,FW,0,3,2,0.625,0.125,14.981250000000001,0.07792207792207792,0.38961038961038963,0.15584415584415584,0.3191489361702128,0.1276595744680851,0.9917808219178081,0.7484657534246575,9.498630136986302,1.391780821917808,1.0904657534246573,3.054794520547945,4.0,1,0,0,0,0,0.0,0,0,0.012887021190713721,0.0014621402316712063,0.024389547617416803
2026-M074-GER-PAR,74,2026-06-29,Round of 32,PAR_braian_ojeda,Braian OJEDA,PAR,Paraguay,GER,MF,0,3,0,0.125,0.125,1.9249999999999998,0.1,0.5,0.2,0.5,0.2,0.9917808219178081,0.7484657534246575,9.498630136986302,1.391780821917808,1.0904657534246573,3.054794520547945,4.0,1,0,0,0,1,0.0,0,0,0.00213660309602548,0.0007437974087136222,0.010982518690485409
2026-M074-GER-PAR,74,2026-06-29,Round of 32,PAR_gustavo_caballero,Gustavo CABALLERO,PAR,Paraguay,GER,MF,0,3,0,0.125,0.125,1.9249999999999998,0.1,0.5,0.2,0.5,0.2,0.9917808219178081,0.7484657534246575,9.498630136986302,1.391780821917808,1.0904657534246573,3.054794520547945,4.0,1,0,0,0,1,35.0,1,1,0.00213660309602548,0.0007437974087136222,0.010982518690485409
2026-M074-GER-PAR,74,2026-06-29,Round of 32,PAR_isidro_pitta,Isidro PITTA,PAR,Paraguay,GER,FW,0,3,1,0.375,0.375,1.9249999999999998,0.08,0.4,0.16,0.3333333333333333,0.13333333333333333,0.9917808219178081,0.7484657534246575,9.498630136986302,1.391780821917808,1.0904657534246573,3.054794520547945,4.0,1,0,0,0,0,0.0,0,0,0.0017096479951308474,0.0010451312583553477,0.020317883728630727
2026-M074-GER-PAR,74,2026-06-29,Round of 32,PAR_alexandro_maidana,Alexandro MAIDANA,PAR,Paraguay,GER,DF,0,3,2,0.625,0.375,3.0375,0.07692307692307693,0.38461538461538464,0.15384615384615385,0.3125,0.125,0.9917808219178081,0.7484657534246575,9.498630136986302,1.391780821917808,1.0904657534246573,3.054794520547945,4.0,1,0,0,0,0,0.0,0,0,0.002592786753218057,0.00024003644911579482,0.005078234575566224
2026-M075-NED-MAR,75,2026-06-29,Round of 32,MAR_yassine_bounou,Yassine BOUNOU,MAR,Morocco,NED,GK,1,3,3,0.875,0.875,90.0,0.04,0.2,0.08,0.125,0.05,1.787837837837838,1.3455,14.48918918918919,1.387837837837838,0.9755,4.450675675675676,5.0,1,0,0,0,1,90.0,0,0,0.03921056084767682,0.0017850558642956496,0.010100902307996483
2026-M075-NED-MAR,75,2026-06-29,Round of 32,MAR_achraf_hakimi,Achraf HAKIMI,MAR,Morocco,NED,DF,1,3,3,0.875,0.875,90.0,0.24,2.2,0.68,2.625,0.8,1.787837837837838,1.3455,14.48918918918919,1.387837837837838,0.9755,4.450675675675676,5.0,1,0,0,0,1,90.0,3,1,0.21337213893344653,0.01468624291423899,0.07806235108396853
2026-M075-NED-MAR,75,2026-06-29,Round of 32,MAR_noussair_mazraoui,Noussair MAZRAOUI,MAR,Morocco,NED,DF,1,3,3,0.875,0.625,85.0,0.05042016806722689,0.25210084033613445,0.10084033613445378,0.16853932584269662,0.06741573033707865,1.787837837837838,1.3455,14.48918918918919,1.387837837837838,0.9755,4.450675675675676,5.0,1,0,0,0,1,90.0,0,0,0.04650304516652326,0.005535062933323754,0.009906757382202964
2026-M075-NED-MAR,75,2026-06-29,Round of 32,MAR_ayyoub_bouaddi,Ayyoub BOUADDI,MAR,Morocco,NED,MF,1,3,2,0.625,0.625,90.0,0.05,0.5,0.1,0.5,0.06666666666666667,1.787837837837838,1.3455,14.48918918918919,1.387837837837838,0.9755,4.450675675675676,5.0,1,0,0,0,1,79.0,2,0,0.048770575499285984,0.014195916460852106,0.03112740586265939
2026-M075-NED-MAR,75,2026-06-29,Round of 32,MAR_azzedine_ounahi,Azzedine OUNAHI,MAR,Morocco,NED,MF,1,3,3,0.875,0.625,77.5,0.05070422535211268,0.5070422535211268,0.10140845070422536,0.5094339622641509,0.06792452830188679,1.787837837837838,1.3455,14.48918918918919,1.387837837837838,0.9755,4.450675675675676,5.0,1,0,0,0,1,86.0,1,0,0.0427225104544815,0.013790625880611468,0.033053528163546377
2026-M075-NED-MAR,75,2026-06-29,Round of 32,MAR_brahim_diaz,Brahim DIAZ,MAR,Morocco,NED,FW,1,3,3,0.875,0.875,73.0,0.045112781954887216,1.3533834586466165,0.3157894736842105,1.6019417475728155,0.34951456310679613,1.787837837837838,1.3455,14.48918918918919,1.387837837837838,0.9755,4.450675675675676,5.0,1,0,0,0,1,79.0,0,0,0.03593010199547464,0.027082822757680758,0.10274334144073824
2026-M075-NED-MAR,75,2026-06-29,Round of 32,MAR_ismael_saibari,Ismael SAIBARI,MAR,Morocco,NED,MF,1,3,3,0.875,0.875,81.0,0.6808510638297872,2.3404255319148937,0.723404255319149,2.8378378378378377,0.8648648648648649,1.787837837837838,1.3455,14.48918918918919,1.387837837837838,0.9755,4.450675675675676,5.0,1,0,0,0,1,90.0,0,0,0.4581499397645238,0.08856248322672311,0.2168731545542057
2026-M075-NED-MAR,75,2026-06-29,Round of 32,MAR_issa_diop,Issa DIOP,MAR,Morocco,NED,DF,1,3,2,0.625,0.625,90.0,0.05,0.25,0.1,0.16666666666666666,0.06666666666666667,1.787837837837838,1.3455,14.48918918918919,1.387837837837838,0.9755,4.450675675675676,5.0,1,0,1,0,1,90.0,1,1,0.048770575499285984,0.005428146499395671,0.010620329650799157
2026-M075-NED-MAR,75,2026-06-29,Round of 32,MAR_chadi_riad,Chadi RIAD,MAR,Morocco,NED,DF,1,3,3,0.875,0.875,90.0,0.04,0.4,0.08,0.375,0.05,1.787837837837838,1.3455,14.48918918918919,1.387837837837838,0.9755,4.450675675675676,5.0,1,0,0,0,1,76.0,0,0,0.03921056084767682,0.004768502815534122,0.012418323809866268
2026-M075-NED-MAR,75,2026-06-29,Round of 32,MAR_bilal_el_khannouss,Bilal EL KHANNOUSS,MAR,Morocco,NED,MF,1,3,3,0.875,0.875,84.66666666666667,0.041474654377880185,1.2442396313364055,0.7050691244239631,1.438953488372093,0.8372093023255814,1.787837837837838,1.3455,14.48918918918919,1.387837837837838,0.9755,4.450675675675676,5.0,1,0,0,0,1,87.0,1,1,0.03826554149637029,0.015857250927514967,0.0798499822559037
2026-M075-NED-MAR,75,2026-06-29,Round of 32,MAR_neil_el_aynaoui,Neil EL AYNAOUI,MAR,Morocco,NED,MF,1,3,3,0.875,0.875,87.66666666666667,0.040632054176072234,1.2189616252821671,0.28442437923250563,1.4022662889518414,0.3059490084985836,1.787837837837838,1.3455,14.48918918918919,1.387837837837838,0.9755,4.450675675675676,5.0,1,0,0,0,1,90.0,1,1,0.03880562822232103,0.015326970985603657,0.07045175815858253
2026-M075-NED-MAR,75,2026-06-29,Round of 32,MAR_munir_el_kajoui,Munir EL KAJOUI,MAR,Morocco,NED,GK,0,3,0,0.125,0.125,1.9249999999999998,0.1,0.5,0.2,0.5,0.2,1.787837837837838,1.3455,14.48918918918919,1.387837837837838,0.9755,4.450675675675676,5.0,1,0,0,0,0,0.0,0,0,0.00213660309602548,0.0004650552041124919,0.0018118829240873417
2026-M075-NED-MAR,75,2026-06-29,Round of 32,MAR_ahmed_reda_tagnaouti,Ahmed Reda TAGNAOUTI,MAR,Morocco,NED,GK,0,3,0,0.125,0.125,1.9249999999999998,0.1,0.5,0.2,0.5,0.2,1.787837837837838,1.3455,14.48918918918919,1.387837837837838,0.9755,4.450675675675676,5.0,1,0,0,0,0,0.0,0,0,0.00213660309602548,0.0004650552041124919,0.0018118829240873417
2026-M075-NED-MAR,75,2026-06-29,Round of 32,MAR_sofyan_amrabat,Sofyan AMRABAT,MAR,Morocco,NED,MF,0,3,1,0.375,0.375,1.9249999999999998,0.06666666666666667,0.3333333333333333,0.13333333333333333,0.25,0.1,1.787837837837838,1.3455,14.48918918918919,1.387837837837838,0.9755,4.450675675675676,5.0,1,0,0,0,0,0.0,0,0,0.0014249097765947072,0.0021740246279229854,0.0028778473831068438
2026-M075-NED-MAR,75,2026-06-29,Round of 32,MAR_marwane_saadane,Marwane SAADANE,MAR,Morocco,NED,DF,0,3,0,0.125,0.125,1.9249999999999998,0.1,0.5,0.2,0.5,0.2,1.787837837837838,1.3455,14.48918918918919,1.387837837837838,0.9755,4.450675675675676,5.0,1,0,0,0,0,0.0,0,0,0.00213660309602548,0.0011635211297540545,0.0016753473157552342
2026-M075-NED-MAR,75,2026-06-29,Round of 32,MAR_chemsdine_talbi,Chemsdine TALBI,MAR,Morocco,NED,MF,0,3,2,0.625,0.125,9.106250000000001,0.08530805687203792,1.2796208530805686,0.17061611374407584,1.859504132231405,0.1487603305785124,1.787837837837838,1.3455,14.48918918918919,1.387837837837838,0.9755,4.450675675675676,5.0,1,0,0,0,1,3.0,0,0,0.008594371996588301,0.0035996316286935875,0.026610301024899544
2026-M075-NED-MAR,75,2026-06-29,Round of 32,MAR_soufiane_rahimi,Souﬁane RAHIMI,MAR,Morocco,NED,FW,0,3,3,0.875,0.125,7.5375000000000005,0.5217391304347826,1.3043478260869565,0.608695652173913,1.9230769230769231,0.9230769230769231,1.787837837837838,1.3455,14.48918918918919,1.387837837837838,0.9755,4.450675675675676,5.0,1,0,0,0,1,4.0,0,0,0.042754751345660646,0.018739614497123542,0.089692221632432
2026-M075-NED-MAR,75,2026-06-29,Round of 32,MAR_zakaria_el_ouahdi,Zakaria EL OUAHDI,MAR,Morocco,NED,DF,0,3,0,0.125,0.125,1.9249999999999998,0.1,0.5,0.2,0.5,0.2,1.787837837837838,1.3455,14.48918918918919,1.387837837837838,0.9755,4.450675675675676,5.0,1,0,0,0,0,0.0,0,0,0.00213660309602548,0.0011635211297540545,0.0016753473157552342
2026-M075-NED-MAR,75,2026-06-29,Round of 32,MAR_samir_el_mourabet,Samir EL MOURABET,MAR,Morocco,NED,MF,0,3,3,0.875,0.125,8.933333333333334,0.08490566037735849,0.42452830188679247,0.16981132075471697,0.36885245901639346,0.14754098360655737,1.787837837837838,1.3455,14.48918918918919,1.387837837837838,0.9755,4.450675675675676,5.0,1,0,0,0,1,11.0,0,0,0.008392259673930313,0.003313626429948522,0.0025211589785567087
2026-M075-NED-MAR,75,2026-06-29,Round of 32,MAR_gessime_yassine,Gessime YASSINE,MAR,Morocco,NED,MF,0,3,1,0.375,0.125,6.75,0.54,0.9,0.6299999999999999,1.2272727272727273,0.9818181818181818,1.787837837837838,1.3455,14.48918918918919,1.387837837837838,0.9755,4.450675675675676,5.0,1,0,0,0,1,11.0,0,0,0.039690835488586984,0.008749385504830638,0.0619599954636919
2026-M075-NED-MAR,75,2026-06-29,Round of 32,MAR_amine_sbai,Amine SBAI,MAR,Morocco,NED,FW,0,3,0,0.125,0.125,1.9249999999999998,0.1,0.5,0.2,0.5,0.2,1.787837837837838,1.3455,14.48918918918919,1.387837837837838,0.9755,4.450675675675676,5.0,1,0,0,0,0,0.0,0,0,0.00213660309602548,0.005337656427680159,0.011317502164551232
2026-M075-NED-MAR,75,2026-06-29,Round of 32,MAR_youssef_belammari,Youssef BELAMMARI,MAR,Morocco,NED,DF,0,3,0,0.125,0.125,1.9249999999999998,0.1,0.5,0.2,0.5,0.2,1.787837837837838,1.3455,14.48918918918919,1.387837837837838,0.9755,4.450675675675676,5.0,1,0,0,0,0,0.0,0,0,0.00213660309602548,0.0011635211297540545,0.0016753473157552342
2026-M075-NED-MAR,75,2026-06-29,Round of 32,MAR_ayoub_el_kaabi,Ayoub EL KAABI,MAR,Morocco,NED,FW,0,3,1,0.375,0.375,1.9249999999999998,0.072,1.44,0.864,1.96875,1.2375000000000003,1.787837837837838,1.3455,14.48918918918919,1.387837837837838,0.9755,4.450675675675676,5.0,1,0,0,0,0,0.0,0,0,0.0015388148084763964,0.00547872368622232,0.0870475592536029
2026-M075-NED-MAR,75,2026-06-29,Round of 32,MAR_ayoube_amaimouni,Ayoube AMAIMOUNI,MAR,Morocco,NED,FW,0,3,2,0.625,0.125,4.7,0.09183673469387756,1.3775510204081634,0.6428571428571428,2.1226415094339623,1.0188679245283019,1.787837837837838,1.3455,14.48918918918919,1.387837837837838,0.9755,4.450675675675676,5.0,1,0,0,0,0,0.0,0,0,0.004784436313851281,0.006469070676292994,0.03526533957810301
2026-M075-NED-MAR,75,2026-06-29,Round of 32,MAR_redouane_halhal,Redouane HALHAL,MAR,Morocco,NED,DF,0,3,1,0.375,0.375,1.9249999999999998,0.06666666666666667,0.3333333333333333,0.13333333333333333,0.25,0.1,1.787837837837838,1.3455,14.48918918918919,1.387837837837838,0.9755,4.450675675675676,5.0,1,0,0,0,0,0.0,0,0,0.0014249097765947072,0.0008910560815198959,0.0016441309482507778
2026-M075-NED-MAR,75,2026-06-29,Round of 32,MAR_anass_salah_eddine,Anass SALAH EDDINE,MAR,Morocco,NED,DF,0,3,2,0.625,0.375,3.375,0.06593406593406594,0.32967032967032966,0.13186813186813187,0.2459016393442623,0.09836065573770492,1.787837837837838,1.3455,14.48918918918919,1.387837837837838,0.9755,4.450675675675676,5.0,1,0,0,0,1,14.0,1,0,0.0024694732941747954,0.0009441875589469541,0.001413147276406891
2026-M075-NED-MAR,75,2026-06-29,Round of 32,NED_bart_verbruggen,Bart VERBRUGGEN,NED,Netherlands,MAR,GK,1,3,3,0.875,0.875,90.0,0.04,0.2,0.08,0.125,0.05,2.5878378378378377,1.4295,12.88918918918919,1.1878378378378378,0.9754999999999999,3.050675675675676,4.0,1,0,0,0,1,90.0,0,0,0.03921056084767682,0.00205598512873481,0.015947873871057113
2026-M075-NED-MAR,75,2026-06-29,Round of 32,NED_virgil_van_dijk,Virgil VAN DIJK,NED,Netherlands,MAR,DF,1,3,3,0.875,0.875,90.0,0.24,0.6,0.48,0.625,0.55,2.5878378378378377,1.4295,12.88918918918919,1.1878378378378378,0.9754999999999999,3.050675675675676,4.0,1,0,0,0,1,90.0,0,0,0.21337213893344653,0.009663338782346124,0.0706662069568336
2026-M075-NED-MAR,75,2026-06-29,Round of 32,NED_nathan_ake,Nathan AKE,NED,Netherlands,MAR,DF,1,3,2,0.625,0.375,90.0,0.06451612903225806,0.6451612903225806,0.12903225806451613,0.7142857142857143,0.09523809523809523,2.5878378378378377,1.4295,12.88918918918919,1.1878378378378378,0.9754999999999999,3.050675675675676,4.0,1,0,0,0,1,71.0,0,0,0.062479007166233,0.008843030912858351,0.023758371221313475
2026-M075-NED-MAR,75,2026-06-29,Round of 32,NED_jan_paul_van_hecke,Jan Paul VAN HECKE,NED,Netherlands,MAR,DF,1,3,3,0.875,0.875,90.0,0.24,0.8,0.48,0.875,0.55,2.5878378378378377,1.4295,12.88918918918919,1.1878378378378378,0.9754999999999999,3.050675675675676,4.0,1,0,0,0,1,90.0,0,0,0.21337213893344653,0.010334503385503046,0.06571248847892627
2026-M075-NED-MAR,75,2026-06-29,Round of 32,NED_ryan_gravenberch,Ryan GRAVENBERCH,NED,Netherlands,MAR,MF,1,3,3,0.875,0.875,87.0,0.04081632653061224,0.8163265306122449,0.08163265306122448,0.8974358974358975,0.05128205128205128,2.5878378378378377,1.4295,12.88918918918919,1.1878378378378378,0.9754999999999999,3.050675675675676,4.0,1,0,0,0,1,86.0,2,0,0.03868753993562857,0.015010806060199278,0.032549191713195216
2026-M075-NED-MAR,75,2026-06-29,Round of 32,NED_cody_gakpo,Cody GAKPO,NED,Netherlands,MAR,FW,1,3,3,0.875,0.875,86.0,0.45205479452054803,2.0547945205479454,1.1095890410958906,2.456896551724138,1.3448275862068966,2.5878378378378377,1.4295,12.88918918918919,1.1878378378378378,0.9754999999999999,3.050675675675676,4.0,1,1,1,1,1,90.0,1,1,0.35076690747066874,0.11032247391885461,0.22915335333304565
2026-M075-NED-MAR,75,2026-06-29,Round of 32,NED_micky_van_de_ven,Micky VAN DE VEN,NED,Netherlands,MAR,DF,1,3,2,0.625,0.625,90.0,0.05,0.5,0.1,0.5,0.06666666666666667,2.5878378378378377,1.4295,12.88918918918919,1.1878378378378378,0.9754999999999999,3.050675675675676,4.0,1,0,0,0,1,86.0,2,1,0.048770575499285984,0.0067453118021067685,0.023881403244370214
2026-M075-NED-MAR,75,2026-06-29,Round of 32,NED_brian_brobbey,Brian BROBBEY,NED,Netherlands,MAR,FW,1,3,3,0.875,0.625,74.5,0.8597014925373134,1.3432835820895523,0.9134328358208955,1.653061224489796,1.1755102040816328,2.5878378378378377,1.4295,12.88918918918919,1.1878378378378378,0.9754999999999999,3.050675675675676,4.0,1,0,0,0,1,71.0,0,0,0.5091623173340966,0.20587126883902096,0.2633342069666381
2026-M075-NED-MAR,75,2026-06-29,Round of 32,NED_frenkie_de_jong,Frenkie DE JONG,NED,Netherlands,MAR,MF,1,3,3,0.875,0.875,73.66666666666667,0.04488778054862843,0.4488778054862843,0.08977556109725686,0.4340836012861736,0.05787781350482315,2.5878378378378377,1.4295,12.88918918918919,1.1878378378378378,0.9754999999999999,3.050675675675676,4.0,1,0,0,0,1,90.0,0,0,0.03607470253861689,0.012292149454247234,0.031042840405843777
2026-M075-NED-MAR,75,2026-06-29,Round of 32,NED_denzel_dumfries,Denzel DUMFRIES,NED,Netherlands,MAR,DF,1,3,3,0.875,0.875,90.0,0.04,1.0,0.48,1.125,0.55,2.5878378378378377,1.4295,12.88918918918919,1.1878378378378378,0.9754999999999999,3.050675675675676,4.0,1,0,0,0,1,90.0,1,0,0.03921056084767682,0.0070290623785759145,0.0385632362728469
2026-M075-NED-MAR,75,2026-06-29,Round of 32,NED_crysencio_summerville,Crysencio SUMMERVILLE,NED,Netherlands,MAR,FW,1,2,2,0.8333333333333334,0.16666666666666666,80.0,0.4444444444444444,0.7407407407407407,0.5185185185185185,0.8823529411764706,0.7058823529411765,2.5878378378378377,1.4295,12.88918918918919,1.1878378378378378,0.9754999999999999,3.050675675675676,4.0,1,0,0,0,1,90.0,0,0,0.32636154465527334,0.1108065240414143,0.1839817866183597
2026-M075-NED-MAR,75,2026-06-29,Round of 32,NED_robin_roefs,Robin ROEFS,NED,Netherlands,MAR,GK,0,3,0,0.125,0.125,1.9249999999999998,0.1,0.5,0.2,0.5,0.2,2.5878378378378377,1.4295,12.88918918918919,1.1878378378378378,0.9754999999999999,3.050675675675676,4.0,1,0,0,0,0,0.0,0,0,0.00213660309602548,0.0005357471118847825,0.0030489551519885592
2026-M075-NED-MAR,75,2026-06-29,Round of 32,NED_mark_flekken,Mark FLEKKEN,NED,Netherlands,MAR,GK,0,3,0,0.125,0.125,1.9249999999999998,0.1,0.5,0.2,0.5,0.2,2.5878378378378377,1.4295,12.88918918918919,1.1878378378378378,0.9754999999999999,3.050675675675676,4.0,1,0,0,0,0,0.0,0,0,0.00213660309602548,0.0005357471118847825,0.0030489551519885592
2026-M075-NED-MAR,75,2026-06-29,Round of 32,NED_lutsharel_geertruida,Lutsharel GEERTRUIDA,NED,Netherlands,MAR,DF,0,3,0,0.125,0.125,1.9249999999999998,0.1,0.5,0.2,0.5,0.2,2.5878378378378377,1.4295,12.88918918918919,1.1878378378378378,0.9754999999999999,3.050675675675676,4.0,1,0,0,0,0,0.0,0,0,0.00213660309602548,0.0013402427774227964,0.001911853985052814
2026-M075-NED-MAR,75,2026-06-29,Round of 32,NED_marten_de_roon,Marten DE ROON,NED,Netherlands,MAR,MF,0,3,0,0.125,0.125,1.9249999999999998,0.1,0.5,0.2,0.5,0.2,2.5878378378378377,1.4295,12.88918918918919,1.1878378378378378,0.9754999999999999,3.050675675675676,4.0,1,0,0,0,1,0.0,0,0,0.00213660309602548,0.0032678480629078255,0.0031530549681878443
2026-M075-NED-MAR,75,2026-06-29,Round of 32,NED_justin_kluivert,Justin KLUIVERT,NED,Netherlands,MAR,MF,0,3,1,0.375,0.125,6.075,0.09090909090909091,0.45454545454545453,0.18181818181818182,0.4166666666666667,0.16666666666666666,2.5878378378378377,1.4295,12.88918918918919,1.1878378378378378,0.9754999999999999,3.050675675675676,4.0,1,0,0,0,1,0.0,0,0,0.006117574608771381,0.0034475734632716977,0.005052568022343348
2026-M075-NED-MAR,75,2026-06-29,Round of 32,NED_wout_weghorst,Wout WEGHORST,NED,Netherlands,MAR,FW,0,3,0,0.125,0.125,1.9249999999999998,0.1,0.5,0.2,0.5,0.2,2.5878378378378377,1.4295,12.88918918918919,1.1878378378378378,0.9754999999999999,3.050675675675676,4.0,1,0,0,0,1,19.0,0,0,0.00213660309602548,0.006144467414176805,0.03424261533446258
2026-M075-NED-MAR,75,2026-06-29,Round of 32,NED_memphis_depay,Memphis DEPAY,NED,Netherlands,MAR,FW,0,3,3,0.875,0.125,14.2375,0.07792207792207792,0.38961038961038963,0.15584415584415584,0.3191489361702128,0.1276595744680851,2.5878378378378377,1.4295,12.88918918918919,1.1878378378378378,0.9754999999999999,3.050675675675676,4.0,1,0,0,0,0,0.0,0,0,0.012251175556334815,0.007238698868772802,0.04553573602543899
2026-M075-NED-MAR,75,2026-06-29,Round of 32,NED_mats_wieffer,Mats WIEFFER,NED,Netherlands,MAR,DF,0,3,0,0.125,0.125,1.9249999999999998,0.1,0.5,0.2,0.5,0.2,2.5878378378378377,1.4295,12.88918918918919,1.1878378378378378,0.9754999999999999,3.050675675675676,4.0,1,0,0,0,0,0.0,0,0,0.00213660309602548,0.0013402427774227964,0.001911853985052814
2026-M075-NED-MAR,75,2026-06-29,Round of 32,NED_tijjani_reijnders,Tijjani REIJNDERS,NED,Netherlands,MAR,MF,0,3,3,0.875,0.875,1.9249999999999998,0.04712041884816754,1.1780104712041886,0.5654450261780105,1.3869863013698631,0.678082191780822,2.5878378378378377,1.4295,12.88918918918919,1.1878378378378378,0.9754999999999999,3.050675675675676,4.0,1,0,0,0,0,0.0,0,0,0.0010073456894815758,0.002403632183191444,0.01668776364575345
2026-M075-NED-MAR,75,2026-06-29,Round of 32,NED_guus_til,Guus TIL,NED,Netherlands,MAR,MF,0,3,1,0.375,0.125,10.4625,0.08530805687203792,0.4265402843601896,0.17061611374407584,0.371900826446281,0.1487603305785124,2.5878378378378377,1.4295,12.88918918918919,1.1878378378378378,0.9754999999999999,3.050675675675676,4.0,1,0,0,0,0,0.0,0,0,0.009868049707701942,0.0034847822237321566,0.006096458509341356
2026-M075-NED-MAR,75,2026-06-29,Round of 32,NED_noa_lang,Noa LANG,NED,Netherlands,MAR,FW,0,3,2,0.625,0.125,1.7625000000000002,0.0967741935483871,0.4838709677419355,0.1935483870967742,0.46875,0.1875,2.5878378378378377,1.4295,12.88918918918919,1.1878378378378378,0.9754999999999999,3.050675675675676,4.0,1,0,0,0,0,0.0,0,0,0.0018933666060821919,0.006741699199723089,0.03832000248823749
2026-M075-NED-MAR,75,2026-06-29,Round of 32,NED_donyell_malen,Donyell MALEN,NED,Netherlands,MAR,FW,0,3,3,0.875,0.875,1.9249999999999998,0.04904632152588556,1.2261580381471389,0.5885558583106267,1.4620938628158844,0.7148014440433214,2.5878378378378377,1.4295,12.88918918918919,1.1878378378378378,0.9754999999999999,3.050675675675676,4.0,1,0,0,0,0,0.0,0,0,0.0010484962647953067,0.00459540211389641,0.05141103679612919
2026-M075-NED-MAR,75,2026-06-29,Round of 32,NED_teun_koopmeiners,Teun KOOPMEINERS,NED,Netherlands,MAR,MF,0,3,3,0.875,0.125,19.2625,0.07228915662650602,1.0843373493975903,0.14457831325301204,1.4150943396226414,0.11320754716981132,2.5878378378378377,1.4295,12.88918918918919,1.1878378378378378,0.9754999999999999,3.050675675675676,4.0,1,0,0,0,1,19.0,0,0,0.015352812792731263,0.004565171048416457,0.019296786681742464
2026-M075-NED-MAR,75,2026-06-29,Round of 32,NED_jorrel_hato,Jorrel HATO,NED,Netherlands,MAR,DF,0,3,0,0.125,0.125,1.9249999999999998,0.1,0.5,0.2,0.5,0.2,2.5878378378378377,1.4295,12.88918918918919,1.1878378378378378,0.9754999999999999,3.050675675675676,4.0,1,0,0,0,1,4.0,0,0,0.00213660309602548,0.0013402427774227964,0.001911853985052814
2026-M075-NED-MAR,75,2026-06-29,Round of 32,NED_quinten_timber,Quinten TIMBER,NED,Netherlands,MAR,MF,0,3,1,0.375,0.125,6.4125000000000005,0.09045226130653267,0.45226130653266333,0.18090452261306533,0.41284403669724773,0.1651376146788991,2.5878378378378377,1.4295,12.88918918918919,1.1878378378378378,0.9754999999999999,3.050675675675676,4.0,1,0,0,0,1,4.0,0,0,0.006424000928068496,0.003450392852325229,0.005052568022343348
2026-M076-BRA-JPN,76,2026-06-29,Round of 32,BRA_alisson,ALISSON,BRA,Brazil,JPN,GK,1,3,3,0.875,0.875,90.0,0.04,0.2,0.08,0.125,0.05,1.984,1.7301533333333332,12.857999999999999,1.184,0.7341533333333333,3.8426666666666662,5.0,1,0,0,0,1,90.0,0,0,0.03921056084767682,0.0016612590045769911,0.009046147930123247
2026-M076-BRA-JPN,76,2026-06-29,Round of 32,BRA_gabriel_magalhaes,GABRIEL MAGALHAES,BRA,Brazil,JPN,DF,1,3,3,0.875,0.875,90.0,0.04,0.4,0.08,0.375,0.05,1.984,1.7301533333333332,12.857999999999999,1.184,0.7341533333333333,3.8426666666666662,5.0,1,0,0,0,1,90.0,0,0,0.03921056084767682,0.004503967464162356,0.011931125975896092
2026-M076-BRA-JPN,76,2026-06-29,Round of 32,BRA_marquinhos,MARQUINHOS,BRA,Brazil,JPN,DF,1,3,3,0.875,0.875,90.0,0.04,0.6,0.08,0.625,0.05,1.984,1.7301533333333332,12.857999999999999,1.184,0.7341533333333333,3.8426666666666662,5.0,1,0,0,0,1,90.0,0,0,0.03921056084767682,0.004822874041705787,0.01671086574406659
2026-M076-BRA-JPN,76,2026-06-29,Round of 32,BRA_casemiro,CASEMIRO,BRA,Brazil,JPN,MF,1,3,3,0.875,0.875,66.66666666666667,0.04736842105263158,0.47368421052631576,0.09473684210526316,0.46551724137931033,0.06206896551724138,1.984,1.7301533333333332,12.857999999999999,1.184,0.7341533333333333,3.8426666666666662,5.0,1,1,1,1,1,90.0,2,2,0.03447928225702834,0.009582043358294693,0.02396338569995129
2026-M076-BRA-JPN,76,2026-06-29,Round of 32,BRA_vinicius_junior,VINICIUS JUNIOR,BRA,Brazil,JPN,FW,1,3,3,0.875,0.875,87.0,0.8571428571428571,2.6530612244897958,1.7142857142857142,3.2051282051282053,2.102564102564102,1.984,1.7301533333333332,12.857999999999999,1.184,0.7341533333333333,3.8426666666666662,5.0,1,0,0,0,1,90.0,3,2,0.5633273409663693,0.27354960369075537,0.32154049835071447
2026-M076-BRA-JPN,76,2026-06-29,Round of 32,BRA_bruno_guimaraes,BRUNO GUIMARAES,BRA,Brazil,JPN,MF,1,3,3,0.875,0.875,83.66666666666667,0.04176334106728538,0.6264501160092807,0.08352668213457076,0.6598240469208211,0.05278592375366569,1.984,1.7301533333333332,12.857999999999999,1.184,0.7341533333333333,3.8426666666666662,5.0,1,0,0,0,1,90.0,4,1,0.03808043039262965,0.011193632905565049,0.026061852805126
2026-M076-BRA-JPN,76,2026-06-29,Round of 32,BRA_matheus_cunha,MATHEUS CUNHA,BRA,Brazil,JPN,FW,1,3,3,0.875,0.625,70.0,0.8252148997134671,1.8051575931232091,0.8767908309455588,2.258687258687259,1.111969111969112,1.984,1.7301533333333332,12.857999999999999,1.184,0.7341533333333333,3.8426666666666662,5.0,1,0,0,0,1,66.0,3,1,0.4736736444812355,0.1763557836004399,0.23221638199593553
2026-M076-BRA-JPN,76,2026-06-29,Round of 32,BRA_danilo,DANILO,BRA,Brazil,JPN,DF,1,3,3,0.875,0.625,90.0,0.044444444444444446,0.2222222222222222,0.08888888888888889,0.14285714285714285,0.05714285714285714,1.984,1.7301533333333332,12.857999999999999,1.184,0.7341533333333333,3.8426666666666662,5.0,1,0,0,0,1,90.0,0,0,0.04347126089697073,0.005197759946182333,0.009875081947418084
2026-M076-BRA-JPN,76,2026-06-29,Round of 32,BRA_douglas_santos,DOUGLAS SANTOS,BRA,Brazil,JPN,DF,1,3,3,0.875,0.875,87.33333333333333,0.04072398190045249,0.6108597285067874,0.08144796380090498,0.6392045454545454,0.05113636363636364,1.984,1.7301533333333332,12.857999999999999,1.184,0.7341533333333333,3.8426666666666662,5.0,1,0,0,0,1,90.0,0,0,0.03874671947636732,0.004758174911074492,0.01645445548765634
2026-M076-BRA-JPN,76,2026-06-29,Round of 32,BRA_lucas_paqueta,LUCAS PAQUETA,BRA,Brazil,JPN,MF,1,3,3,0.875,0.875,63.666666666666664,0.04851752021563342,0.9703504043126685,0.33962264150943394,1.1209964412811388,0.38434163701067614,1.984,1.7301533333333332,12.857999999999999,1.184,0.7341533333333333,3.8426666666666662,5.0,1,0,0,0,1,45.0,2,0,0.0337393461741573,0.01157109268307175,0.037816407324720275
2026-M076-BRA-JPN,76,2026-06-29,Round of 32,BRA_rayan,RAYAN,BRA,Brazil,JPN,FW,1,3,2,0.625,0.375,82.0,0.057692307692307696,0.8653846153846154,0.4038461538461538,1.0135135135135136,0.4864864864864865,1.984,1.7301533333333332,12.857999999999999,1.184,0.7341533333333333,3.8426666666666662,5.0,1,0,0,0,1,90.0,1,0,0.051206500989692816,0.03389939144146415,0.1173755796998162
2026-M076-BRA-JPN,76,2026-06-29,Round of 32,BRA_weverton,WEVERTON,BRA,Brazil,JPN,GK,0,3,0,0.125,0.125,1.9249999999999998,0.1,0.5,0.2,0.5,0.2,1.984,1.7301533333333332,12.857999999999999,1.184,0.7341533333333333,3.8426666666666662,5.0,1,0,0,0,0,0.0,0,0,0.00213660309602548,0.00043901385226261127,0.0017210612309564869
2026-M076-BRA-JPN,76,2026-06-29,Round of 32,BRA_ederson,EDERSON,BRA,Brazil,JPN,GK,0,3,0,0.125,0.125,1.9249999999999998,0.1,0.5,0.2,0.5,0.2,1.984,1.7301533333333332,12.857999999999999,1.184,0.7341533333333333,3.8426666666666662,5.0,1,0,0,0,0,0.0,0,0,0.00213660309602548,0.00043901385226261127,0.0017210612309564869
2026-M076-BRA-JPN,76,2026-06-29,Round of 32,BRA_ederson_silva,EDERSON SILVA,BRA,Brazil,JPN,MF,0,3,1,0.375,0.125,3.0375,0.09523809523809523,0.9523809523809523,0.19047619047619047,1.3636363636363635,0.18181818181818182,1.984,1.7301533333333332,12.857999999999999,1.184,0.7341533333333333,3.8426666666666662,5.0,1,0,0,0,0,0.0,0,0,0.0032091254283176385,0.0028715985890901234,0.0032162578106325413
2026-M076-BRA-JPN,76,2026-06-29,Round of 32,BRA_alex_sandro,ALEX SANDRO,BRA,Brazil,JPN,DF,0,3,1,0.375,0.125,2.7,0.09574468085106383,0.4787234042553192,0.19148936170212766,0.45918367346938777,0.1836734693877551,1.984,1.7301533333333332,12.857999999999999,1.184,0.7341533333333333,3.8426666666666662,5.0,1,0,0,0,0,0.0,0,0,0.0028682192025679676,0.0011467977545566131,0.001467669166918207
2026-M076-BRA-JPN,76,2026-06-29,Round of 32,BRA_neymar_jr,NEYMAR JR,BRA,Brazil,JPN,FW,0,3,1,0.375,0.125,4.7250000000000005,0.09278350515463918,0.9278350515463918,0.6494845360824741,1.2980769230769231,1.0384615384615385,1.984,1.7301533333333332,12.857999999999999,1.184,0.7341533333333333,3.8426666666666662,5.0,1,0,0,0,0,0.0,0,0,0.004859289287526991,0.005523000592843242,0.025325732218771536
2026-M076-BRA-JPN,76,2026-06-29,Round of 32,BRA_raphinha,RAPHINHA,BRA,Brazil,JPN,FW,0,3,2,0.625,0.625,1.9249999999999998,0.05806451612903226,1.1612903225806452,0.6967741935483871,1.4318181818181819,0.9000000000000001,1.984,1.7301533333333332,12.857999999999999,1.184,0.7341533333333333,3.8426666666666662,5.0,1,0,0,0,0,0.0,0,0,0.001241164601159861,0.004505608351444418,0.031946003372535954
2026-M076-BRA-JPN,76,2026-06-29,Round of 32,BRA_bremer,BREMER,BRA,Brazil,JPN,DF,0,3,0,0.125,0.125,1.9249999999999998,0.1,0.5,0.2,0.5,0.2,1.984,1.7301533333333332,12.857999999999999,1.184,0.7341533333333333,3.8426666666666662,5.0,1,0,0,0,0,0.0,0,0,0.00213660309602548,0.001113605811762062,0.0014921339987224883
2026-M076-BRA-JPN,76,2026-06-29,Round of 32,BRA_leo_pereira,LEO PEREIRA,BRA,Brazil,JPN,DF,0,3,0,0.125,0.125,1.9249999999999998,0.1,0.5,0.2,0.5,0.2,1.984,1.7301533333333332,12.857999999999999,1.184,0.7341533333333333,3.8426666666666662,5.0,1,0,0,0,0,0.0,0,0,0.00213660309602548,0.001113605811762062,0.0014921339987224883
2026-M076-BRA-JPN,76,2026-06-29,Round of 32,BRA_fabinho,FABINHO,BRA,Brazil,JPN,MF,0,3,2,0.625,0.125,20.5625,0.072,0.36,0.144,0.28125,0.1125,1.984,1.7301533333333332,12.857999999999999,1.184,0.7341533333333333,3.8426666666666662,5.0,1,0,0,0,1,0.0,1,0,0.01631543761079335,0.002979361383872923,0.0064033227303868685
2026-M076-BRA-JPN,76,2026-06-29,Round of 32,BRA_danilo_santos,DANILO SANTOS,BRA,Brazil,JPN,MF,0,3,2,0.625,0.125,5.58125,0.09045226130653267,1.35678391959799,0.6331658291457286,2.0642201834862384,0.9908256880733946,1.984,1.7301533333333332,12.857999999999999,1.184,0.7341533333333333,3.8426666666666662,5.0,1,0,0,0,1,0.0,0,0,0.005593593753038917,0.0032086442813124873,0.030767309745555634
2026-M076-BRA-JPN,76,2026-06-29,Round of 32,BRA_endrick,ENDRICK,BRA,Brazil,JPN,FW,0,3,2,0.625,0.125,9.9875,0.08411214953271028,0.4205607476635514,0.16822429906542055,0.3629032258064516,0.14516129032258066,1.984,1.7301533333333332,12.857999999999999,1.184,0.7341533333333333,3.8426666666666662,5.0,1,0,0,0,1,45.0,1,0,0.009290684549123074,0.00550426627456633,0.024374496124028568
2026-M076-BRA-JPN,76,2026-06-29,Round of 32,BRA_luiz_henrique,LUIZ HENRIQUE,BRA,Brazil,JPN,FW,0,3,1,0.375,0.125,9.450000000000001,0.08653846153846154,0.4326923076923077,0.17307692307692307,0.3813559322033898,0.15254237288135594,1.984,1.7301533333333332,12.857999999999999,1.184,0.7341533333333333,3.8426666666666662,5.0,1,0,0,0,0,0.0,0,0,0.009045380626021116,0.005344637888162429,0.02427676471465119
2026-M076-BRA-JPN,76,2026-06-29,Round of 32,BRA_gabriel_martinelli,GABRIEL MARTINELLI,BRA,Brazil,JPN,FW,0,3,2,0.625,0.125,14.6875,0.0782608695652174,0.391304347826087,0.1565217391304348,0.32142857142857145,0.12857142857142856,1.984,1.7301533333333332,12.857999999999999,1.184,0.7341533333333333,3.8426666666666662,5.0,1,0,1,0,1,24.0,2,1,0.012690526579727468,0.005565452814416407,0.03529303358945104
2026-M076-BRA-JPN,76,2026-06-29,Round of 32,BRA_roger_ibanez,ROGER IBANEZ,BRA,Brazil,JPN,DF,0,3,1,0.375,0.375,1.9249999999999998,0.08,0.4,0.16,0.3333333333333333,0.13333333333333333,1.984,1.7301533333333332,12.857999999999999,1.184,0.7341533333333333,3.8426666666666662,5.0,1,0,0,0,0,0.0,0,0,0.0017096479951308474,0.0008962486803935839,0.001467669166918207
2026-M076-BRA-JPN,76,2026-06-29,Round of 32,BRA_igor_thiago,IGOR THIAGO,BRA,Brazil,JPN,FW,0,3,1,0.375,0.375,1.9249999999999998,0.0743801652892562,1.115702479338843,0.5206611570247933,1.480263157894737,0.7105263157894737,1.984,1.7301533333333332,12.857999999999999,1.184,0.7341533333333333,3.8426666666666662,5.0,1,0,0,0,0,0.0,0,0,0.0015896442658708265,0.004860672515039021,0.021764325658423123
2026-M076-BRA-JPN,76,2026-06-29,Round of 32,JPN_zion_suzuki,Zion SUZUKI,JPN,Japan,BRA,GK,1,3,3,0.875,0.875,90.0,0.04,0.2,0.08,0.125,0.05,1.984,1.0761533333333333,10.258,0.784,0.9481533333333335,3.8426666666666662,4.0,1,0,0,0,1,90.0,0,0,0.03921056084767682,0.0016368149778481088,0.00868055432957121
2026-M076-BRA-JPN,76,2026-06-29,Round of 32,JPN_shogo_taniguchi,Shogo TANIGUCHI,JPN,Japan,BRA,DF,1,3,2,0.625,0.375,90.0,0.056074766355140186,0.2803738317757009,0.11214953271028037,0.19480519480519481,0.07792207792207792,1.984,1.0761533333333333,10.258,0.784,0.9481533333333335,3.8426666666666662,4.0,1,0,0,0,1,90.0,0,0,0.054531555981716884,0.006345628772502827,0.010655837727557297
2026-M076-BRA-JPN,76,2026-06-29,Round of 32,JPN_ritsu_doan,Ritsu DOAN,JPN,Japan,BRA,MF,1,3,3,0.875,0.875,71.66666666666667,0.04556962025316456,0.45569620253164556,0.09113924050632911,0.4426229508196721,0.05901639344262295,1.984,1.0761533333333333,10.258,0.784,0.9481533333333335,3.8426666666666662,4.0,1,0,0,0,1,66.0,0,0,0.03563644124483545,0.009676172382436458,0.024846898437225436
2026-M076-BRA-JPN,76,2026-06-29,Round of 32,JPN_daizen_maeda,Daizen MAEDA,JPN,Japan,BRA,MF,1,3,2,0.625,0.625,78.0,0.32142857142857145,0.8035714285714286,0.37499999999999994,0.9146341463414634,0.43902439024390244,1.984,1.0761533333333333,10.258,0.784,0.9481533333333335,3.8426666666666662,4.0,1,0,0,0,1,90.0,0,0,0.24313579590977963,0.02480039826278892,0.08303589949081507
2026-M076-BRA-JPN,76,2026-06-29,Round of 32,JPN_keito_nakamura,Keito NAKAMURA,JPN,Japan,BRA,MF,1,3,3,0.875,0.875,81.33333333333333,0.25471698113207547,1.2735849056603774,0.5094339622641509,1.4820359281437125,0.5928143712574852,1.984,1.0761533333333333,10.258,0.784,0.9481533333333335,3.8426666666666662,4.0,1,0,0,0,1,66.0,0,0,0.20561629535538617,0.023267071459571773,0.09445804701797662
2026-M076-BRA-JPN,76,2026-06-29,Round of 32,JPN_junya_ito,Junya ITO,JPN,Japan,BRA,MF,1,3,3,0.875,0.375,90.0,0.33962264150943394,0.8490566037735849,0.3962264150943396,0.9868421052631579,0.47368421052631576,1.984,1.0761533333333333,10.258,0.784,0.9481533333333335,3.8426666666666662,4.0,1,0,0,0,1,78.0,1,0,0.28796103397854345,0.035150240425108205,0.096436835270064
2026-M076-BRA-JPN,76,2026-06-29,Round of 32,JPN_daichi_kamada,Daichi KAMADA,JPN,Japan,BRA,MF,1,3,3,0.875,0.875,84.33333333333333,0.4572748267898384,0.20785219399538107,0.08314087759815242,0.13119533527696792,0.052478134110787174,1.984,1.0761533333333333,10.258,0.784,0.9481533333333335,3.8426666666666662,4.0,1,0,0,0,1,78.0,1,0,0.3485036264926903,0.023239996422884043,0.11748313942125425
2026-M076-BRA-JPN,76,2026-06-29,Round of 32,JPN_ayase_ueda,Ayase UEDA,JPN,Japan,BRA,FW,1,3,3,0.875,0.875,78.33333333333333,0.47710843373493983,1.7349397590361446,0.7373493975903614,2.076923076923077,0.8861538461538462,1.984,1.0761533333333333,10.258,0.784,0.9481533333333335,3.8426666666666662,4.0,1,0,0,0,1,90.0,2,1,0.3398320747827632,0.080639122957926,0.22392980682526128
2026-M076-BRA-JPN,76,2026-06-29,Round of 32,JPN_hiroki_ito,Hiroki ITO,JPN,Japan,BRA,DF,1,3,3,0.875,0.875,90.0,0.04,0.4,0.08,0.375,0.05,1.984,1.0761533333333333,10.258,0.784,0.9481533333333335,3.8426666666666662,4.0,1,0,0,0,1,90.0,0,0,0.03921056084767682,0.004437881314139091,0.012653721913600468
2026-M076-BRA-JPN,76,2026-06-29,Round of 32,JPN_takehiro_tomiyasu,Takehiro TOMIYASU,JPN,Japan,BRA,DF,1,3,2,0.625,0.375,79.0,0.06569343065693431,0.656934306569343,0.13138686131386862,0.7336956521739131,0.09782608695652174,1.984,1.0761533333333333,10.258,0.784,0.9481533333333335,3.8426666666666662,4.0,1,0,0,0,1,90.0,0,0,0.05603315339637638,0.006667707220307863,0.016395318241486528
2026-M076-BRA-JPN,76,2026-06-29,Round of 32,JPN_kaishu_sano,Kaishu SANO,JPN,Japan,BRA,MF,1,3,2,0.625,0.625,90.0,0.05,0.25,0.1,0.16666666666666666,0.06666666666666667,1.984,1.0761533333333333,10.258,0.784,0.9481533333333335,3.8426666666666662,4.0,1,1,1,1,1,90.0,1,1,0.048770575499285984,0.012212746707005041,0.02330612315930236
2026-M076-BRA-JPN,76,2026-06-29,Round of 32,JPN_keisuke_osako,Keisuke OSAKO,JPN,Japan,BRA,GK,0,3,0,0.125,0.125,1.9249999999999998,0.1,0.5,0.2,0.5,0.2,1.984,1.0761533333333333,10.258,0.784,0.9481533333333335,3.8426666666666662,4.0,1,0,0,0,0,0.0,0,0,0.00213660309602548,0.0004325463412816538,0.003321191820393976
2026-M076-BRA-JPN,76,2026-06-29,Round of 32,JPN_tomoki_hayakawa,Tomoki HAYAKAWA,JPN,Japan,BRA,GK,0,3,0,0.125,0.125,1.9249999999999998,0.1,0.5,0.2,0.5,0.2,1.984,1.0761533333333333,10.258,0.784,0.9481533333333335,3.8426666666666662,4.0,1,0,0,0,0,0.0,0,0,0.00213660309602548,0.0004325463412816538,0.003321191820393976
2026-M076-BRA-JPN,76,2026-06-29,Round of 32,JPN_yukinari_sugawara,Yukinari SUGAWARA,JPN,Japan,BRA,DF,0,3,3,0.875,0.375,9.106250000000001,0.059800664451827246,0.8970099667774086,0.717607973421927,1.066350710900474,0.9383886255924172,1.984,1.0761533333333333,10.258,0.784,0.9481533333333335,3.8426666666666662,4.0,1,0,0,0,1,24.0,0,0,0.006032396045575816,0.001187139684920569,0.013780005166107927
2026-M076-BRA-JPN,76,2026-06-29,Round of 32,JPN_kou_itakura,Kou ITAKURA,JPN,Japan,BRA,DF,0,3,2,0.625,0.625,1.9249999999999998,0.05825242718446602,0.2912621359223301,0.11650485436893204,0.2054794520547945,0.0821917808219178,1.984,1.0761533333333333,10.258,0.784,0.9481533333333335,3.8426666666666662,4.0,1,0,0,0,0,0.0,0,0,0.0012451788132789021,0.0006860908113732997,0.0020683218314849713
2026-M076-BRA-JPN,76,2026-06-29,Round of 32,JPN_yuto_nagatomo,Yuto NAGATOMO,JPN,Japan,BRA,DF,0,3,1,0.375,0.125,5.0625,0.09230769230769231,0.46153846153846156,0.18461538461538463,0.42857142857142855,0.17142857142857143,1.984,1.0761533333333333,10.258,0.784,0.9481533333333335,3.8426666666666662,4.0,1,0,0,0,0,0.0,0,0,0.005178850963288517,0.001137988495128924,0.0024150383977191
2026-M076-BRA-JPN,76,2026-06-29,Round of 32,JPN_shuto_machino,Shuto MACHINO,JPN,Japan,BRA,FW,0,3,0,0.125,0.125,1.9249999999999998,0.1,0.5,0.2,0.5,0.2,1.984,1.0761533333333333,10.258,0.784,0.9481533333333335,3.8426666666666662,4.0,1,0,0,0,1,12.0,0,0,0.00213660309602548,0.00501460401071886,0.035893361684060425
2026-M076-BRA-JPN,76,2026-06-29,Round of 32,JPN_ao_tanaka,Ao TANAKA,JPN,Japan,BRA,MF,0,3,2,0.625,0.625,1.9249999999999998,0.05,0.75,0.1,0.8333333333333334,0.06666666666666667,1.984,1.0761533333333333,10.258,0.784,0.9481533333333335,3.8426666666666662,4.0,1,0,0,0,1,12.0,0,0,0.0010688727925360908,0.0018489609908442966,0.005945273444212216
2026-M076-BRA-JPN,76,2026-06-29,Round of 32,JPN_takefusa_kubo,Takefusa KUBO,JPN,Japan,BRA,MF,0,3,1,0.375,0.375,1.9249999999999998,0.07058823529411765,0.7058823529411765,0.1411764705882353,0.8181818181818182,0.10909090909090909,1.984,1.0761533333333333,10.258,0.784,0.9481533333333335,3.8426666666666662,4.0,1,0,0,0,0,0.0,0,0,0.0015086647410130771,0.0022128674075843056,0.005750110876352194
2026-M076-BRA-JPN,76,2026-06-29,Round of 32,JPN_keisuke_goto,Keisuke GOTO,JPN,Japan,BRA,FW,0,3,1,0.375,0.125,1.6875,0.0972972972972973,0.4864864864864865,0.1945945945945946,0.47368421052631576,0.18947368421052632,1.984,1.0761533333333333,10.258,0.784,0.9481533333333335,3.8426666666666662,4.0,1,0,0,0,0,0.0,0,0,0.0018226612561831335,0.005147064436742451,0.03389754045126966
2026-M076-BRA-JPN,76,2026-06-29,Round of 32,JPN_tsuyoshi_watanabe,Tsuyoshi WATANABE,JPN,Japan,BRA,DF,0,3,2,0.625,0.375,5.0625,0.06666666666666667,0.3333333333333333,0.13333333333333333,0.25,0.1,1.984,1.0761533333333333,10.258,0.784,0.9481533333333335,3.8426666666666662,4.0,1,0,0,0,0,0.0,0,0,0.0037429775308289726,0.0008821732598002097,0.002033085910137704
2026-M076-BRA-JPN,76,2026-06-29,Round of 32,JPN_yuito_suzuki,Yuito SUZUKI,JPN,Japan,BRA,MF,0,3,1,0.375,0.125,3.7125000000000004,0.09424083769633508,0.4712041884816754,0.18848167539267016,0.44554455445544555,0.1782178217821782,1.984,1.0761533333333333,10.258,0.784,0.9481533333333335,3.8426666666666662,4.0,1,0,0,0,0,0.0,0,0,0.0038798882630032283,0.002729245769997227,0.005833813485904138
2026-M076-BRA-JPN,76,2026-06-29,Round of 32,JPN_koki_ogawa,Koki OGAWA,JPN,Japan,BRA,FW,0,3,2,0.625,0.125,11.45625,0.0821917808219178,1.643835616438356,0.1643835616438356,2.441860465116279,0.13953488372093023,1.984,1.0761533333333333,10.258,0.784,0.9481533333333335,3.8426666666666662,4.0,1,0,0,0,1,0.0,0,0,0.010407788975633436,0.006658938987836137,0.06565459658378371
2026-M076-BRA-JPN,76,2026-06-29,Round of 32,JPN_ayumu_seko,Ayumu SEKO,JPN,Japan,BRA,DF,0,3,2,0.625,0.375,3.7125000000000004,0.06766917293233082,0.3383458646616541,0.13533834586466165,0.2556818181818182,0.10227272727272728,1.984,1.0761533333333333,10.258,0.784,0.9481533333333335,3.8426666666666662,4.0,1,0,0,0,0,0.0,0,0,0.002787461178951345,0.0008777414422214136,0.002033085910137704
2026-M076-BRA-JPN,76,2026-06-29,Round of 32,JPN_junnosuke_suzuki,Junnosuke SUZUKI,JPN,Japan,BRA,DF,0,3,1,0.375,0.125,5.737500000000001,0.09137055837563451,0.45685279187817257,0.18274111675126903,0.4205607476635514,0.16822429906542055,1.984,1.0761533333333333,10.258,0.784,0.9481533333333335,3.8426666666666662,4.0,1,0,0,0,1,24.0,0,0,0.005807941414070372,0.0011402405268659372,0.0024150383977191
2026-M076-BRA-JPN,76,2026-06-29,Round of 32,JPN_kento_shiogai,Kento SHIOGAI,JPN,Japan,BRA,FW,0,3,1,0.375,0.125,2.0250000000000004,0.0967741935483871,0.4838709677419355,0.1935483870967742,0.46875,0.1875,1.984,1.0761533333333333,10.258,0.784,0.9481533333333335,3.8426666666666662,4.0,1,0,0,0,0,0.0,0,0,0.0021750504969595408,0.0051525896041417114,0.033553625107354317
2026-M077-FRA-SWE,77,2026-06-30,Round of 32,FRA_mike_maignan,Mike MAIGNAN,FRA,France,SWE,GK,1,3,3,0.875,0.875,90.0,0.04,0.2,0.08,0.125,0.05,2.5842105263157893,1.4859407894736842,14.457236842105264,1.9842105263157894,1.2539407894736843,4.044736842105263,4.0,1,0,0,0,1,90.0,0,0,0.03921056084767682,0.0043325737315464755,0.028550720700418867
2026-M077-FRA-SWE,77,2026-06-30,Round of 32,FRA_lucas_digne,Lucas DIGNE,FRA,France,SWE,DF,1,3,1,0.375,0.375,90.0,0.06666666666666667,0.3333333333333333,0.13333333333333333,0.25,0.1,2.5842105263157893,1.4859407894736842,14.457236842105264,1.9842105263157894,1.2539407894736843,4.044736842105263,4.0,1,0,0,0,1,78.0,1,1,0.06449301496838222,0.01570202711507944,0.037436693181910334
2026-M077-FRA-SWE,77,2026-06-30,Round of 32,FRA_dayot_upamecano,Dayot UPAMECANO,FRA,France,SWE,DF,1,3,3,0.875,0.875,85.33333333333333,0.04128440366972477,0.20642201834862386,0.08256880733944955,0.13005780346820808,0.05202312138728324,2.5842105263157893,1.4859407894736842,14.457236842105264,1.9842105263157894,1.2539407894736843,4.044736842105263,4.0,1,0,0,0,1,90.0,2,0,0.03838751420226749,0.010527129368762558,0.031040608719430717
2026-M077-FRA-SWE,77,2026-06-30,Round of 32,FRA_jules_kounde,Jules KOUNDE,FRA,France,SWE,DF,1,3,3,0.875,0.875,86.66666666666667,0.04090909090909091,0.20454545454545456,0.08181818181818182,0.12857142857142856,0.05142857142857143,2.5842105263157893,1.4859407894736842,14.457236842105264,1.9842105263157894,1.2539407894736843,4.044736842105263,4.0,1,0,0,0,1,75.0,1,0,0.038628087728710736,0.010604239692653226,0.031040608719430717
2026-M077-FRA-SWE,77,2026-06-30,Round of 32,FRA_ousmane_dembele,Ousmane DEMBELE,FRA,France,SWE,FW,1,2,2,0.8333333333333334,0.8333333333333334,73.5,0.3302752293577982,1.651376146788991,0.6605504587155964,2.088607594936709,0.8354430379746837,2.5842105263157893,1.4859407894736842,14.457236842105264,1.9842105263157894,1.2539407894736843,4.044736842105263,8.0,1,0,0,0,1,75.0,2,0,0.23641037229905526,0.12125981856840022,0.13140375257302567
2026-M077-FRA-SWE,77,2026-06-30,Round of 32,FRA_aurelien_tchouameni,Aurelien TCHOUAMENI,FRA,France,SWE,MF,1,3,2,0.625,0.625,90.0,0.05,0.5,0.1,0.5,0.06666666666666667,2.5842105263157893,1.4859407894736842,14.457236842105264,1.9842105263157894,1.2539407894736843,4.044736842105263,4.0,1,0,0,0,1,90.0,1,0,0.048770575499285984,0.033998667403435504,0.10211981240940915
2026-M077-FRA-SWE,77,2026-06-30,Round of 32,FRA_kylian_mbappe,Kylian MBAPPE,FRA,France,SWE,FW,1,3,3,0.875,0.875,89.0,0.6442953020134228,3.422818791946309,1.8926174496644295,4.159663865546219,2.3193277310924367,2.5842105263157893,1.4859407894736842,14.457236842105264,1.9842105263157894,1.2539407894736843,4.044736842105263,4.0,1,1,1,2,1,85.0,5,4,0.47119549189718213,0.3639599249148323,0.2429540574388837
2026-M077-FRA-SWE,77,2026-06-30,Round of 32,FRA_michael_olise,Michael OLISE,FRA,France,SWE,FW,1,3,3,0.875,0.875,74.33333333333333,0.04466501240694789,2.009925558312655,0.5359801488833746,2.4440894568690097,0.6325878594249202,2.5842105263157893,1.4859407894736842,14.457236842105264,1.9842105263157894,1.2539407894736843,4.044736842105263,4.0,1,0,0,0,1,85.0,6,3,0.03621784647387383,0.07658774967145927,0.12433834853950856
2026-M077-FRA-SWE,77,2026-06-30,Round of 32,FRA_bradley_barcola,Bradley BARCOLA,FRA,France,SWE,FW,1,3,3,0.875,0.375,83.0,0.3624161073825503,0.9060402684563759,0.42281879194630867,1.0817307692307692,0.5192307692307693,2.5842105263157893,1.4859407894736842,14.457236842105264,1.9842105263157894,1.2539407894736843,4.044736842105263,4.0,1,1,1,1,1,90.0,3,2,0.2841095939546372,0.13723643944642241,0.14330981861787426
2026-M077-FRA-SWE,77,2026-06-30,Round of 32,FRA_adrien_rabiot,Adrien RABIOT,FRA,France,SWE,MF,1,3,2,0.625,0.625,90.0,0.05,0.5,0.1,0.5,0.06666666666666667,2.5842105263157893,1.4859407894736842,14.457236842105264,1.9842105263157894,1.2539407894736843,4.044736842105263,4.0,1,0,0,0,1,90.0,2,1,0.048770575499285984,0.033998667403435504,0.10211981240940915
2026-M077-FRA-SWE,77,2026-06-30,Round of 32,FRA_william_saliba,William SALIBA,FRA,France,SWE,DF,1,3,2,0.625,0.625,90.0,0.05,0.5,0.1,0.5,0.06666666666666667,2.5842105263157893,1.4859407894736842,14.457236842105264,1.9842105263157894,1.2539407894736843,4.044736842105263,4.0,1,0,0,0,1,90.0,0,0,0.048770575499285984,0.013745696827792996,0.0444372017144069
2026-M077-FRA-SWE,77,2026-06-30,Round of 32,FRA_brice_samba,Brice SAMBA,FRA,France,SWE,GK,0,3,0,0.125,0.125,1.9249999999999998,0.1,0.5,0.2,0.5,0.2,2.5842105263157893,1.4859407894736842,14.457236842105264,1.9842105263157894,1.2539407894736843,4.044736842105263,4.0,1,0,0,0,0,0.0,0,0,0.00213660309602548,0.0010455299371959787,0.018771146297420053
2026-M077-FRA-SWE,77,2026-06-30,Round of 32,FRA_robin_risser,Robin RISSER,FRA,France,SWE,GK,0,3,0,0.125,0.125,1.9249999999999998,0.1,0.5,0.2,0.5,0.2,2.5842105263157893,1.4859407894736842,14.457236842105264,1.9842105263157894,1.2539407894736843,4.044736842105263,4.0,1,0,0,0,0,0.0,0,0,0.00213660309602548,0.0010455299371959787,0.018771146297420053
2026-M077-FRA-SWE,77,2026-06-30,Round of 32,FRA_malo_gusto,Malo GUSTO,FRA,France,SWE,DF,0,3,2,0.625,0.125,2.9375,0.09473684210526316,0.47368421052631576,0.18947368421052632,0.45,0.18,2.5842105263157893,1.4859407894736842,14.457236842105264,1.9842105263157894,1.2539407894736843,4.044736842105263,4.0,1,0,0,0,1,15.0,0,0,0.0030873296292009966,0.0027402984488889013,0.013110031983840616
2026-M077-FRA-SWE,77,2026-06-30,Round of 32,FRA_manu_kone,Manu KONE,FRA,France,SWE,MF,0,3,2,0.625,0.625,1.9249999999999998,0.05,0.75,0.35,0.8333333333333334,0.4,2.5842105263157893,1.4859407894736842,14.457236842105264,1.9842105263157894,1.2539407894736843,4.044736842105263,4.0,1,0,0,0,0,0.0,0,0,0.0010688727925360908,0.005022757739344997,0.014976076803189787
2026-M077-FRA-SWE,77,2026-06-30,Round of 32,FRA_marcus_thuram,Marcus THURAM,FRA,France,SWE,FW,0,3,1,0.375,0.125,0.0,0.1,0.5,0.2,0.5,0.2,2.5842105263157893,1.4859407894736842,14.457236842105264,1.9842105263157894,1.2539407894736843,4.044736842105263,4.0,1,0,0,0,0,0.0,0,0,0.0,0.012240787488958804,0.08669846195591856
2026-M077-FRA-SWE,77,2026-06-30,Round of 32,FRA_ngolo_kante,Ngolo KANTE,FRA,France,SWE,MF,0,3,0,0.125,0.125,1.9249999999999998,0.1,0.5,0.2,0.5,0.2,2.5842105263157893,1.4859407894736842,14.457236842105264,1.9842105263157894,1.2539407894736843,4.044736842105263,4.0,1,0,0,0,0,0.0,0,0,0.00213660309602548,0.006588189508890273,0.02031378974001961
2026-M077-FRA-SWE,77,2026-06-30,Round of 32,FRA_ibrahima_konate,Ibrahima KONATE,FRA,France,SWE,DF,0,3,1,0.375,0.125,4.7250000000000005,0.09278350515463918,0.4639175257731959,0.18556701030927836,0.4326923076923077,0.17307692307692307,2.5842105263157893,1.4859407894736842,14.457236842105264,1.9842105263157894,1.2539407894736843,4.044736842105263,4.0,1,0,0,0,0,0.0,0,0,0.004859289287526991,0.0026872600857346593,0.013143270350412316
2026-M077-FRA-SWE,77,2026-06-30,Round of 32,FRA_warren_zaire_emery,Warren ZAIRE-EMERY,FRA,France,SWE,MF,0,3,0,0.125,0.125,1.9249999999999998,0.1,0.5,0.2,0.5,0.2,2.5842105263157893,1.4859407894736842,14.457236842105264,1.9842105263157894,1.2539407894736843,4.044736842105263,4.0,1,0,0,0,0,0.0,0,0,0.00213660309602548,0.006588189508890273,0.02031378974001961
2026-M077-FRA-SWE,77,2026-06-30,Round of 32,FRA_theo_hernandez,Theo HERNANDEZ,FRA,France,SWE,DF,0,3,2,0.625,0.625,1.9249999999999998,0.05,1.0,0.1,1.1666666666666667,0.06666666666666667,2.5842105263157893,1.4859407894736842,14.457236842105264,1.9842105263157894,1.2539407894736843,4.044736842105263,4.0,1,0,0,0,1,12.0,0,0,0.0010688727925360908,0.0020525496945659936,0.01350308071769227
2026-M077-FRA-SWE,77,2026-06-30,Round of 32,FRA_desire_doue,Desire DOUE,FRA,France,SWE,FW,0,3,3,0.875,0.625,7.7625,0.04736842105263158,1.6578947368421053,1.0421052631578949,2.0172413793103448,1.303448275862069,2.5842105263157893,1.4859407894736842,14.457236842105264,1.9842105263157894,1.2539407894736843,4.044736842105263,4.0,1,0,0,0,1,15.0,1,1,0.004077191907162825,0.013986772038983807,0.12025188001518941
2026-M077-FRA-SWE,77,2026-06-30,Round of 32,FRA_lucas_hernandez,Lucas HERNANDEZ,FRA,France,SWE,DF,0,3,0,0.125,0.125,1.9249999999999998,0.1,0.5,0.2,0.5,0.2,2.5842105263157893,1.4859407894736842,14.457236842105264,1.9842105263157894,1.2539407894736843,4.044736842105263,4.0,1,0,0,0,0,0.0,0,0,0.00213660309602548,0.0026193370653864053,0.017937694412337023
2026-M077-FRA-SWE,77,2026-06-30,Round of 32,FRA_jean_philippe_mateta,Jean-Philippe MATETA,FRA,France,SWE,FW,0,3,1,0.375,0.125,1.0125000000000002,0.09836065573770492,0.4918032786885246,0.19672131147540983,0.4838709677419355,0.1935483870967742,2.5842105263157893,1.4859407894736842,14.457236842105264,1.9842105263157894,1.2539407894736843,4.044736842105263,4.0,1,0,0,0,1,5.0,1,0,0.001105945368196637,0.012273923992824825,0.07792554913953419
2026-M077-FRA-SWE,77,2026-06-30,Round of 32,FRA_rayan_cherki,Rayan CHERKI,FRA,France,SWE,MF,0,3,3,0.875,0.125,13.958333333333334,0.0782608695652174,0.391304347826087,0.1565217391304348,0.32142857142857145,0.12857142857142856,2.5842105263157893,1.4859407894736842,14.457236842105264,1.9842105263157894,1.2539407894736843,4.044736842105263,4.0,1,0,0,0,1,5.0,0,0,0.012064316632522498,0.007227525478445902,0.017927493441712794
2026-M077-FRA-SWE,77,2026-06-30,Round of 32,FRA_maghnes_akliouche,Maghnes AKLIOUCHE,FRA,France,SWE,MF,0,3,1,0.375,0.125,2.3625000000000003,0.0962566844919786,0.48128342245989303,0.1925133689839572,0.4639175257731959,0.18556701030927836,2.5842105263157893,1.4859407894736842,14.457236842105264,1.9842105263157894,1.2539407894736843,4.044736842105263,4.0,1,0,0,0,0,0.0,0,0,0.0025235484524573915,0.00671634410307673,0.0185840979107453
2026-M077-FRA-SWE,77,2026-06-30,Round of 32,FRA_maxence_lacroix,Maxence LACROIX,FRA,France,SWE,DF,0,3,1,0.375,0.375,1.9249999999999998,0.06666666666666667,0.3333333333333333,0.13333333333333333,0.25,0.1,2.5842105263157893,1.4859407894736842,14.457236842105264,1.9842105263157894,1.2539407894736843,4.044736842105263,4.0,1,0,0,0,0,0.0,0,0,0.0014249097765947072,0.0020544826867429805,0.013619556896303418
2026-M077-FRA-SWE,77,2026-06-30,Round of 32,SWE_jacob_widell_zetterstrom,Jacob WIDELL ZETTERSTROM,SWE,Sweden,FRA,GK,1,3,1,0.375,0.375,90.0,0.06666666666666667,0.3333333333333333,0.13333333333333333,0.25,0.1,1.9842105263157894,1.281940789473684,12.857236842105262,0.9842105263157894,0.9999407894736843,3.044736842105263,5.0,1,0,0,0,1,90.0,0,0,0.06449301496838222,0.005640462155031748,0.02559319449959887
2026-M077-FRA-SWE,77,2026-06-30,Round of 32,SWE_gustaf_lagerbielke,Gustaf LAGERBIELKE,SWE,Sweden,FRA,DF,1,3,3,0.875,0.875,90.0,0.04,0.8,0.27999999999999997,0.875,0.3,1.9842105263157894,1.281940789473684,12.857236842105262,0.9842105263157894,0.9999407894736843,3.044736842105263,5.0,1,0,0,0,1,90.0,0,0,0.03921056084767682,0.011858308398182053,0.02388476087926742
2026-M077-FRA-SWE,77,2026-06-30,Round of 32,SWE_victor_lindelof,Victor LINDELOF,SWE,Sweden,FRA,DF,1,3,3,0.875,0.875,89.0,0.040268456375838924,0.6040268456375839,0.08053691275167785,0.6302521008403361,0.05042016806722689,1.9842105263157894,1.281940789473684,12.857236842105262,0.9842105263157894,0.9999407894736843,3.044736842105263,5.0,1,0,0,0,1,90.0,0,0,0.039038592092246804,0.010781667011305137,0.018067051996087227
2026-M077-FRA-SWE,77,2026-06-30,Round of 32,SWE_gabriel_gudmundsson,Gabriel GUDMUNDSSON,SWE,Sweden,FRA,DF,1,3,3,0.875,0.875,81.0,0.0425531914893617,0.2127659574468085,0.0851063829787234,0.13513513513513514,0.05405405405405406,1.9842105263157894,1.281940789473684,12.857236842105262,0.9842105263157894,0.9999407894736843,3.044736842105263,5.0,1,0,0,0,1,90.0,0,0,0.037573781960138275,0.009184560770668995,0.013345150145929746
2026-M077-FRA-SWE,77,2026-06-30,Round of 32,SWE_lucas_bergvall,Lucas BERGVALL,SWE,Sweden,FRA,MF,1,3,3,0.875,0.125,80.0,0.06143344709897611,0.6143344709897611,0.12286689419795221,0.6650246305418719,0.08866995073891626,1.9842105263157894,1.281940789473684,12.857236842105262,0.9842105263157894,0.9999407894736843,3.044736842105263,5.0,1,0,0,0,1,66.0,1,0,0.053143291789410796,0.04180605436573995,0.06802425740906776
2026-M077-FRA-SWE,77,2026-06-30,Round of 32,SWE_daniel_svensson,Daniel SVENSSON,SWE,Sweden,FRA,DF,1,3,2,0.625,0.125,80.0,0.09230769230769231,0.9230769230769231,0.18461538461538463,1.2857142857142858,0.17142857142857143,1.9842105263157894,1.281940789473684,12.857236842105262,0.9842105263157894,0.9999407894736843,3.044736842105263,5.0,1,0,0,0,1,82.0,0,0,0.0787752848080997,0.018089784284954166,0.03726878635389949
2026-M077-FRA-SWE,77,2026-06-30,Round of 32,SWE_alexander_isak,Alexander ISAK,SWE,Sweden,FRA,FW,1,3,3,0.875,0.875,90.0,0.24,1.4,1.08,1.625,1.3,1.9842105263157894,1.281940789473684,12.857236842105262,0.9842105263157894,0.9999407894736843,3.044736842105263,5.0,1,0,0,0,1,89.0,2,1,0.21337213893344653,0.10115714713814736,0.2730702855429878
2026-M077-FRA-SWE,77,2026-06-30,Round of 32,SWE_anthony_elanga,Anthony ELANGA,SWE,Sweden,FRA,FW,1,3,3,0.875,0.375,90.0,0.6491803278688526,1.180327868852459,1.0032786885245901,1.4651162790697674,1.3395348837209302,1.9842105263157894,1.281940789473684,12.857236842105262,0.9842105263157894,0.9999407894736843,3.044736842105263,5.0,1,0,0,0,1,90.0,0,0,0.47752614144519934,0.23375041112469686,0.3574999190384096
2026-M077-FRA-SWE,77,2026-06-30,Round of 32,SWE_viktor_gyokeres,Viktor GYOKERES,SWE,Sweden,FRA,FW,1,3,3,0.875,0.875,90.0,0.24,2.4,1.08,2.875,1.3,1.9842105263157894,1.281940789473684,12.857236842105262,0.9842105263157894,0.9999407894736843,3.044736842105263,5.0,1,0,0,0,1,90.0,1,1,0.21337213893344653,0.13110480649407383,0.2648463788027009
2026-M077-FRA-SWE,77,2026-06-30,Round of 32,SWE_yasin_ayari,Yasin AYARI,SWE,Sweden,FRA,MF,1,3,3,0.875,0.875,86.33333333333333,0.2460136674259681,1.6400911161731206,0.6970387243735763,1.9340974212034383,0.8252148997134671,1.9842105263157894,1.281940789473684,12.857236842105262,0.9842105263157894,0.9999407894736843,3.044736842105263,5.0,1,0,0,0,1,82.0,0,0,0.21021212985515136,0.05706596671018316,0.09157506053455904
2026-M077-FRA-SWE,77,2026-06-30,Round of 32,SWE_elliot_stroud,Elliot STROUD,SWE,Sweden,FRA,DF,1,3,3,0.875,0.375,75.0,0.06428571428571428,0.32142857142857145,0.12857142857142856,0.23684210526315788,0.09473684210526316,1.9842105263157894,1.281940789473684,12.857236842105262,0.9842105263157894,0.9999407894736843,3.044736842105263,5.0,1,0,0,0,1,66.0,1,0,0.05216176414534157,0.013235589304279963,0.01647434763676086
2026-M077-FRA-SWE,77,2026-06-30,Round of 32,SWE_viktor_johansson,Viktor JOHANSSON,SWE,Sweden,FRA,GK,0,3,0,0.125,0.125,1.9249999999999998,0.1,0.5,0.2,0.5,0.2,1.9842105263157894,1.281940789473684,12.857236842105262,0.9842105263157894,0.9999407894736843,3.044736842105263,5.0,1,0,0,0,0,0.0,0,0,0.00213660309602548,0.0009329689402530662,0.001321645483017155
2026-M077-FRA-SWE,77,2026-06-30,Round of 32,SWE_kristoffer_nordfeldt,Kristoffer NORDFELDT,SWE,Sweden,FRA,GK,0,3,2,0.625,0.625,1.9249999999999998,0.05,0.25,0.1,0.16666666666666666,0.06666666666666667,1.9842105263157894,1.281940789473684,12.857236842105262,0.9842105263157894,0.9999407894736843,3.044736842105263,5.0,1,0,0,0,0,0.0,0,0,0.0010688727925360908,0.0005977313000152546,0.01078452119345874
2026-M077-FRA-SWE,77,2026-06-30,Round of 32,SWE_isak_hien,Isak HIEN,SWE,Sweden,FRA,DF,0,3,3,0.875,0.875,1.9249999999999998,0.04534005037783375,0.22670025188916876,0.0906801007556675,0.1465798045602606,0.05863192182410423,1.9842105263157894,1.281940789473684,12.857236842105262,0.9842105263157894,0.9999407894736843,3.044736842105263,5.0,1,0,0,0,0,0.0,0,0,0.0009693032215903896,0.0012862550856420159,0.00976182829159569
2026-M077-FRA-SWE,77,2026-06-30,Round of 32,SWE_herman_johansson,Herman JOHANSSON,SWE,Sweden,FRA,DF,0,3,0,0.125,0.125,1.9249999999999998,0.1,0.5,0.2,0.5,0.2,1.9842105263157894,1.281940789473684,12.857236842105262,0.9842105263157894,0.9999407894736843,3.044736842105263,5.0,1,0,0,0,0,0.0,0,0,0.00213660309602548,0.002337737640144675,0.0008921804411887404
2026-M077-FRA-SWE,77,2026-06-30,Round of 32,SWE_benjamin_nygren,Benjamin NYGREN,SWE,Sweden,FRA,MF,0,3,3,0.875,0.625,0.675,0.059602649006622516,0.5960264900662252,0.11920529801324503,0.6367924528301887,0.08490566037735849,1.9842105263157894,1.281940789473684,12.857236842105262,0.9842105263157894,0.9999407894736843,3.044736842105263,5.0,1,0,0,0,1,8.0,0,0,0.00044691996905477094,0.004299279068417486,0.0028675150378929684
2026-M077-FRA-SWE,77,2026-06-30,Round of 32,SWE_ken_sema,Ken SEMA,SWE,Sweden,FRA,MF,0,3,1,0.375,0.125,5.0625,0.09230769230769231,0.9230769230769231,0.18461538461538463,1.2857142857142858,0.17142857142857143,1.9842105263157894,1.281940789473684,12.857236842105262,0.9842105263157894,0.9999407894736843,3.044736842105263,5.0,1,0,0,0,0,0.0,0,0,0.005178850963288517,0.006355622922092738,0.002252580308483372
2026-M077-FRA-SWE,77,2026-06-30,Round of 32,SWE_hjalmar_ekdal,Hjalmar EKDAL,SWE,Sweden,FRA,DF,0,3,0,0.125,0.125,1.9249999999999998,0.1,0.5,0.2,0.5,0.2,1.9842105263157894,1.281940789473684,12.857236842105262,0.9842105263157894,0.9999407894736843,3.044736842105263,5.0,1,0,0,0,0,0.0,0,0,0.00213660309602548,0.002337737640144675,0.0008921804411887404
2026-M077-FRA-SWE,77,2026-06-30,Round of 32,SWE_carl_starfelt,Carl STARFELT,SWE,Sweden,FRA,DF,0,3,1,0.375,0.125,1.0125000000000002,0.09836065573770492,0.4918032786885246,0.19672131147540983,0.4838709677419355,0.1935483870967742,1.9842105263157894,1.281940789473684,12.857236842105262,0.9842105263157894,0.9999407894736843,3.044736842105263,5.0,1,0,0,0,0,0.0,0,0,0.001105945368196637,0.0023748604004318976,0.0012030825992671971
2026-M077-FRA-SWE,77,2026-06-30,Round of 32,SWE_jesper_karlstrom,Jesper KARLSTROM,SWE,Sweden,FRA,MF,0,3,2,0.625,0.625,1.9249999999999998,0.05625,0.5625,0.1125,0.5869565217391305,0.0782608695652174,1.9842105263157894,1.281940789473684,12.857236842105262,0.9842105263157894,0.9999407894736843,3.044736842105263,5.0,1,0,0,0,0,0.0,0,0,0.0012024015352857242,0.004160409270704654,0.0026510432811386085
2026-M077-FRA-SWE,77,2026-06-30,Round of 32,SWE_mattias_svanberg,Mattias SVANBERG,SWE,Sweden,FRA,MF,0,3,1,0.375,0.125,2.0250000000000004,0.5806451612903226,0.967741935483871,0.6774193548387096,1.40625,1.125,1.9842105263157894,1.281940789473684,12.857236842105262,0.9842105263157894,0.9999407894736843,3.044736842105263,5.0,1,0,0,0,1,8.0,2,1,0.012979545772891843,0.01675472612577541,0.07155270697418244
2026-M077-FRA-SWE,77,2026-06-30,Round of 32,SWE_eric_smith,Eric SMITH,SWE,Sweden,FRA,DF,0,3,0,0.125,0.125,1.9249999999999998,0.1,0.5,0.2,0.5,0.2,1.9842105263157894,1.281940789473684,12.857236842105262,0.9842105263157894,0.9999407894736843,3.044736842105263,5.0,1,0,0,0,0,0.0,0,0,0.00213660309602548,0.002337737640144675,0.0008921804411887404
2026-M077-FRA-SWE,77,2026-06-30,Round of 32,SWE_alexander_bernhardsson,Alexander BERNHARDSSON,SWE,Sweden,FRA,DF,0,3,3,0.875,0.875,1.9249999999999998,0.045,0.45,0.31499999999999995,0.43548387096774194,0.34838709677419355,1.9842105263157894,1.281940789473684,12.857236842105262,0.9842105263157894,0.9999407894736843,3.044736842105263,5.0,1,0,0,0,0,0.0,0,0,0.0009620369454502731,0.0014177236409492178,0.0013132856788534133
2026-M077-FRA-SWE,77,2026-06-30,Round of 32,SWE_besfort_zeneli,Besfort ZENELI,SWE,Sweden,FRA,MF,0,3,1,0.375,0.125,11.475000000000001,0.08411214953271028,0.8411214953271028,0.5887850467289719,1.0887096774193548,0.8709677419354839,1.9842105263157894,1.281940789473684,12.857236842105262,0.9842105263157894,0.9999407894736843,3.044736842105263,5.0,1,0,0,0,1,24.0,0,0,0.010666998788229742,0.006866305733017825,0.00497846300202176
2026-M077-FRA-SWE,77,2026-06-30,Round of 32,SWE_gustaf_nilsson,Gustaf NILSSON,SWE,Sweden,FRA,FW,0,3,0,0.125,0.125,1.9249999999999998,0.1,0.5,0.2,0.5,0.2,1.9842105263157894,1.281940789473684,12.857236842105262,0.9842105263157894,0.9999407894736843,3.044736842105263,5.0,1,0,0,0,1,1.0,1,0,0.00213660309602548,0.010795832824502128,0.010390178302772352
2026-M077-FRA-SWE,77,2026-06-30,Round of 32,SWE_taha_ali,Taha ALI,SWE,Sweden,FRA,FW,0,3,1,0.375,0.125,3.7125000000000004,0.09424083769633508,0.4712041884816754,0.18848167539267016,0.44554455445544555,0.1782178217821782,1.9842105263157894,1.281940789473684,12.857236842105262,0.9842105263157894,0.9999407894736843,3.044736842105263,5.0,1,0,0,0,1,24.0,0,0,0.0038798882630032283,0.011043988260777224,0.010263152791123237
2026-M078-CIV-NOR,78,2026-06-30,Round of 32,CIV_yahia_fofana,Yahia FOFANA,CIV,Côte d'Ivoire,NOR,GK,1,3,3,0.875,0.875,90.0,0.04,0.2,0.08,0.125,0.05,1.3844155844155845,1.3109285714285714,11.07987012987013,1.9844155844155842,1.3549285714285715,4.462337662337662,5.0,1,0,0,0,1,90.0,0,0,0.03921056084767682,0.005226936590086219,0.015560374930154074
2026-M078-CIV-NOR,78,2026-06-30,Round of 32,CIV_ghislain_konan,Ghislain KONAN,CIV,Côte d'Ivoire,NOR,DF,1,3,2,0.625,0.625,90.0,0.05,0.75,0.1,0.8333333333333334,0.06666666666666667,1.3844155844155845,1.3109285714285714,11.07987012987013,1.9844155844155842,1.3549285714285715,4.462337662337662,5.0,1,0,0,0,1,90.0,2,0,0.048770575499285984,0.017879148834922934,0.02722593231668909
2026-M078-CIV-NOR,78,2026-06-30,Round of 32,CIV_odilon_kossounou,Odilon KOSSOUNOU,CIV,Côte d'Ivoire,NOR,DF,1,3,3,0.875,0.625,90.0,0.04986149584487535,0.24930747922437674,0.0997229916897507,0.16605166051660517,0.06642066420664207,1.3844155844155845,1.3109285714285714,11.07987012987013,1.9844155844155842,1.3549285714285715,4.462337662337662,5.0,1,0,0,0,1,90.0,0,0,0.048638817147186875,0.016408985058820647,0.017467149424711736
2026-M078-CIV-NOR,78,2026-06-30,Round of 32,CIV_franck_kessie,Franck KESSIE,CIV,Côte d'Ivoire,NOR,MF,1,3,3,0.875,0.875,85.66666666666667,0.2471395881006865,0.8237986270022883,0.2883295194508009,0.9077809798270894,0.3112391930835735,1.3844155844155845,1.3109285714285714,11.07987012987013,1.9844155844155842,1.3549285714285715,4.462337662337662,5.0,1,0,0,0,1,90.0,1,1,0.20961908164682452,0.05845681362336834,0.0968971159487047
2026-M078-CIV-NOR,78,2026-06-30,Round of 32,CIV_ange_yoan_bonny,Ange-Yoan BONNY,CIV,Côte d'Ivoire,NOR,FW,1,3,3,0.875,0.625,71.0,0.05056179775280899,0.5056179775280899,0.3539325842696629,0.5075187969924813,0.40601503759398494,1.3844155844155845,1.3109285714285714,11.07987012987013,1.9844155844155842,1.3549285714285715,4.462337662337662,5.0,1,0,0,0,1,60.0,0,0,0.03910260091305784,0.07157183660782111,0.12606372119674975
2026-M078-CIV-NOR,78,2026-06-30,Round of 32,CIV_yan_diomande,Yan DIOMANDE,CIV,Côte d'Ivoire,NOR,FW,1,3,3,0.875,0.875,80.66666666666667,0.04265402843601896,0.8530805687203792,0.08530805687203792,0.9487951807228916,0.05421686746987952,1.3844155844155845,1.3109285714285714,11.07987012987013,1.9844155844155842,1.3549285714285715,4.462337662337662,5.0,1,0,0,0,1,90.0,1,0,0.03750908103794148,0.06698792250365572,0.13161579327196626
2026-M078-CIV-NOR,78,2026-06-30,Round of 32,CIV_guela_doue,Guela DOUE,CIV,Côte d'Ivoire,NOR,DF,1,3,3,0.875,0.625,89.5,0.04891304347826087,0.24456521739130435,0.09782608695652174,0.1618705035971223,0.06474820143884892,1.3844155844155845,1.3109285714285714,11.07987012987013,1.9844155844155842,1.3549285714285715,4.462337662337662,5.0,1,0,0,0,1,90.0,1,0,0.047477265807829516,0.016278014319903045,0.017423106166382766
2026-M078-CIV-NOR,78,2026-06-30,Round of 32,CIV_ibrahim_sangare,Ibrahim SANGARE,CIV,Côte d'Ivoire,NOR,MF,1,3,3,0.875,0.625,82.5,0.05027932960893855,0.25139664804469275,0.1005586592178771,0.16791044776119404,0.06716417910447761,1.3844155844155845,1.3109285714285714,11.07987012987013,1.9844155844155842,1.3549285714285715,4.462337662337662,5.0,1,0,0,0,1,90.0,1,0,0.04504340087342151,0.03817272789401689,0.06048531789394448
2026-M078-CIV-NOR,78,2026-06-30,Round of 32,CIV_nicolas_pepe,Nicolas PEPE,CIV,Côte d'Ivoire,NOR,FW,1,3,3,0.875,0.625,72.0,0.6018237082066871,1.3677811550151975,0.6565349544072948,1.6945606694560669,0.8284518828451884,1.3844155844155845,1.3109285714285714,11.07987012987013,1.9844155844155842,1.3549285714285715,4.462337662337662,5.0,1,0,0,0,1,87.0,2,1,0.3821187342278165,0.23833654683615324,0.22627073621282856
2026-M078-CIV-NOR,78,2026-06-30,Round of 32,CIV_emmanuel_agbadou,Emmanuel AGBADOU,CIV,Côte d'Ivoire,NOR,DF,1,3,2,0.625,0.625,90.0,0.05,0.25,0.1,0.16666666666666666,0.06666666666666667,1.3844155844155845,1.3109285714285714,11.07987012987013,1.9844155844155842,1.3549285714285715,4.462337662337662,5.0,1,0,0,0,1,90.0,3,1,0.048770575499285984,0.015548903726890103,0.019633838066156657
2026-M078-CIV-NOR,78,2026-06-30,Round of 32,CIV_christ_inao_oulai,Christ Inao OULAI,CIV,Côte d'Ivoire,NOR,MF,1,3,3,0.875,0.375,90.0,0.054878048780487805,0.823170731707317,0.10975609756097561,0.9453781512605042,0.07563025210084033,1.3844155844155845,1.3109285714285714,11.07987012987013,1.9844155844155842,1.3549285714285715,4.462337662337662,5.0,1,0,0,0,1,60.0,0,0,0.053399419990076025,0.05594510498222229,0.06883292047382919
2026-M078-CIV-NOR,78,2026-06-30,Round of 32,CIV_mohamed_kone,Mohamed KONE,CIV,Côte d'Ivoire,NOR,GK,0,3,0,0.125,0.125,1.9249999999999998,0.1,0.5,0.2,0.5,0.2,1.3844155844155845,1.3109285714285714,11.07987012987013,1.9844155844155842,1.3549285714285715,4.462337662337662,5.0,1,0,0,0,0,0.0,0,0,0.00213660309602548,0.0012295298030049644,0.00598350036267649
2026-M078-CIV-NOR,78,2026-06-30,Round of 32,CIV_alban_lafont,Alban LAFONT,CIV,Côte d'Ivoire,NOR,GK,0,3,0,0.125,0.125,1.9249999999999998,0.1,0.5,0.2,0.5,0.2,1.3844155844155845,1.3109285714285714,11.07987012987013,1.9844155844155842,1.3549285714285715,4.462337662337662,5.0,1,0,0,0,0,0.0,0,0,0.00213660309602548,0.0012295298030049644,0.00598350036267649
2026-M078-CIV-NOR,78,2026-06-30,Round of 32,CIV_ousmane_diomande,Ousmane DIOMANDE,CIV,Côte d'Ivoire,NOR,DF,0,3,1,0.375,0.375,1.9249999999999998,0.06666666666666667,0.3333333333333333,0.13333333333333333,0.25,0.1,1.3844155844155845,1.3109285714285714,11.07987012987013,1.9844155844155842,1.3549285714285715,4.462337662337662,5.0,1,0,0,0,0,0.0,0,0,0.0014249097765947072,0.0024469947948012726,0.004303457099487978
2026-M078-CIV-NOR,78,2026-06-30,Round of 32,CIV_jean_michael_seri,Jean Michael SERI,CIV,Côte d'Ivoire,NOR,MF,0,3,1,0.375,0.125,4.3875,0.09326424870466321,0.46632124352331605,0.18652849740932642,0.4368932038834951,0.17475728155339806,1.3844155844155845,1.3109285714285714,11.07987012987013,1.9844155844155842,1.3549285714285715,4.462337662337662,5.0,1,0,0,0,0,0.0,0,0,0.004536311839286045,0.008161371403893582,0.0056327376754294785
2026-M078-CIV-NOR,78,2026-06-30,Round of 32,CIV_wilfried_singo,Wilfried SINGO,CIV,Côte d'Ivoire,NOR,DF,0,3,2,0.625,0.625,1.9249999999999998,0.05128205128205128,0.7692307692307693,0.10256410256410256,0.8620689655172413,0.06896551724137931,1.3844155844155845,1.3109285714285714,11.07987012987013,1.9844155844155842,1.3549285714285715,4.462337662337662,5.0,1,0,0,0,0,0.0,0,0,0.0010962647591312713,0.0023258640537306393,0.004108772946497751
2026-M078-CIV-NOR,78,2026-06-30,Round of 32,CIV_seko_fofana,Seko FOFANA,CIV,Côte d'Ivoire,NOR,MF,0,3,2,0.625,0.375,5.0625,0.0661764705882353,1.9852941176470589,0.463235294117647,2.71978021978022,0.5934065934065934,1.3844155844155845,1.3109285714285714,11.07987012987013,1.9844155844155842,1.3549285714285715,4.462337662337662,5.0,1,0,0,0,0,0.0,0,0,0.003715506829787829,0.009942416846523182,0.0667226037303574
2026-M078-CIV-NOR,78,2026-06-30,Round of 32,CIV_simon_adingra,Simon ADINGRA,CIV,Côte d'Ivoire,NOR,FW,0,3,1,0.375,0.125,5.0625,0.09230769230769231,0.46153846153846156,0.18461538461538463,0.42857142857142855,0.17142857142857143,1.3844155844155845,1.3109285714285714,11.07987012987013,1.9844155844155842,1.3549285714285715,4.462337662337662,5.0,1,0,0,0,0,0.0,0,0,0.005178850963288517,0.015195343813321651,0.016557725588560994
2026-M078-CIV-NOR,78,2026-06-30,Round of 32,CIV_elye_wahi,Elye WAHI,CIV,Côte d'Ivoire,NOR,FW,0,3,2,0.625,0.375,7.7625,0.0694980694980695,1.38996138996139,0.833976833976834,1.863905325443787,1.1715976331360949,1.3844155844155845,1.3109285714285714,11.07987012987013,1.9844155844155842,1.3549285714285715,4.462337662337662,5.0,1,0,0,0,1,30.0,0,0,0.0059762790685985445,0.017068028435375637,0.09785865219300924
2026-M078-CIV-NOR,78,2026-06-30,Round of 32,CIV_christopher_operi,Christopher OPERI,CIV,Côte d'Ivoire,NOR,DF,0,3,1,0.375,0.375,1.9249999999999998,0.06666666666666667,0.3333333333333333,0.13333333333333333,0.25,0.1,1.3844155844155845,1.3109285714285714,11.07987012987013,1.9844155844155842,1.3549285714285715,4.462337662337662,5.0,1,0,0,0,0,0.0,0,0,0.0014249097765947072,0.0024469947948012726,0.004303457099487978
2026-M078-CIV-NOR,78,2026-06-30,Round of 32,CIV_oumar_diakite,Oumar DIAKITE,CIV,Côte d'Ivoire,NOR,FW,0,3,1,0.375,0.125,7.7625,0.08866995073891626,0.4433497536945813,0.17733990147783252,0.39823008849557523,0.1592920353982301,1.3844155844155845,1.3109285714285714,11.07987012987013,1.9844155844155842,1.3549285714285715,4.462337662337662,5.0,1,0,0,0,1,3.0,0,0,0.007618613365923732,0.015316339843023986,0.0156325532458518
2026-M078-CIV-NOR,78,2026-06-30,Round of 32,CIV_amad_diallo,Amad DIALLO,CIV,Côte d'Ivoire,NOR,FW,0,3,3,0.875,0.625,11.475000000000001,0.32335329341317365,1.8862275449101797,0.6467065868263473,2.3975409836065573,0.8114754098360657,1.3844155844155845,1.3109285714285714,11.07987012987013,1.9844155844155842,1.3549285714285715,4.462337662337662,5.0,1,1,1,1,1,30.0,2,2,0.040389249438861685,0.030718076217704858,0.07434050069287348
2026-M078-CIV-NOR,78,2026-06-30,Round of 32,CIV_evan_ndicka,Evan NDICKA,CIV,Côte d'Ivoire,NOR,DF,0,3,0,0.125,0.125,1.9249999999999998,0.1,0.5,0.2,0.5,0.2,1.3844155844155845,1.3109285714285714,11.07987012987013,1.9844155844155842,1.3549285714285715,4.462337662337662,5.0,1,0,0,0,0,0.0,0,0,0.00213660309602548,0.0031000023505148447,0.005705492185350278
2026-M078-CIV-NOR,78,2026-06-30,Round of 32,CIV_evann_guessand,Evann GUESSAND,CIV,Côte d'Ivoire,NOR,FW,0,3,1,0.375,0.125,5.0625,0.09230769230769231,0.46153846153846156,0.18461538461538463,0.42857142857142855,0.17142857142857143,1.3844155844155845,1.3109285714285714,11.07987012987013,1.9844155844155842,1.3549285714285715,4.462337662337662,5.0,1,0,0,0,1,0.0,1,0,0.005178850963288517,0.015195343813321651,0.016557725588560994
2026-M078-CIV-NOR,78,2026-06-30,Round of 32,CIV_bazoumana_toure,Bazoumana TOURE,CIV,Côte d'Ivoire,NOR,FW,0,3,2,0.625,0.375,7.7625,0.0694980694980695,0.3474903474903475,0.138996138996139,0.26627218934911245,0.10650887573964497,1.3844155844155845,1.3109285714285714,11.07987012987013,1.9844155844155842,1.3549285714285715,4.462337662337662,5.0,1,0,0,0,1,0.0,0,0,0.0059762790685985445,0.012640096688406193,0.018702956793720308
2026-M078-CIV-NOR,78,2026-06-30,Round of 32,CIV_parfait_guiagon,Parfait GUIAGON,CIV,Côte d'Ivoire,NOR,MF,0,3,0,0.125,0.125,1.9249999999999998,0.1,0.5,0.2,0.5,0.2,1.3844155844155845,1.3109285714285714,11.07987012987013,1.9844155844155842,1.3549285714285715,4.462337662337662,5.0,1,0,0,0,0,0.0,0,0,0.00213660309602548,0.007721554165995671,0.007221884169545134
2026-M078-CIV-NOR,78,2026-06-30,Round of 32,NOR_orjan_nyland,Orjan NYLAND,NOR,Norway,CIV,GK,1,3,2,0.625,0.625,90.0,0.05,0.25,0.1,0.16666666666666666,0.06666666666666667,2.1844155844155844,1.5669285714285714,11.67987012987013,0.9844155844155844,1.3929285714285715,3.662337662337662,4.0,1,0,0,0,1,90.0,0,0,0.048770575499285984,0.0054986416922386105,0.026770327960018665
2026-M078-CIV-NOR,78,2026-06-30,Round of 32,NOR_kristoffer_ajer,Kristoffer AJER,NOR,Norway,CIV,DF,1,3,2,0.625,0.625,90.0,0.05,0.5,0.35,0.5,0.4,2.1844155844155844,1.5669285714285714,11.67987012987013,0.9844155844155844,1.3929285714285715,3.662337662337662,4.0,1,0,0,0,1,90.0,0,0,0.048770575499285984,0.015443954269819362,0.05050792214574617
2026-M078-CIV-NOR,78,2026-06-30,Round of 32,NOR_david_moller_wolfe,David MOLLER WOLFE,NOR,Norway,CIV,DF,1,3,2,0.625,0.625,81.5,0.052478134110787174,0.26239067055393583,0.10495626822157435,0.17786561264822134,0.07114624505928854,2.1844155844155844,1.5669285714285714,11.67987012987013,0.9844155844155844,1.3929285714285715,3.662337662337662,4.0,1,0,0,0,1,90.0,0,0,0.04641037818036431,0.013141492051795196,0.027838064243723076
2026-M078-CIV-NOR,78,2026-06-30,Round of 32,NOR_patrick_berg,Patrick BERG,NOR,Norway,CIV,MF,1,3,3,0.875,0.375,90.0,0.05555555555555555,0.5555555555555556,0.1111111111111111,0.5769230769230769,0.07692307692307693,2.1844155844155844,1.5669285714285714,11.67987012987013,0.9844155844155844,1.3929285714285715,3.662337662337662,4.0,1,0,0,0,1,90.0,0,0,0.05404053109323459,0.046582124320428124,0.06451010418800915
2026-M078-CIV-NOR,78,2026-06-30,Round of 32,NOR_alexander_sorloth,Alexander SORLOTH,NOR,Norway,CIV,FW,1,3,2,0.625,0.625,78.5,0.05341246290801187,0.8011869436201781,0.37388724035608306,0.9109311740890689,0.43724696356275305,2.1844155844155844,1.5669285714285714,11.67987012987013,0.9844155844155844,1.3929285714285715,3.662337662337662,4.0,1,0,0,0,1,71.0,1,0,0.0455189955785924,0.06913809604894597,0.14269080083303082
2026-M078-CIV-NOR,78,2026-06-30,Round of 32,NOR_sander_berge,Sander BERGE,NOR,Norway,CIV,MF,1,3,2,0.625,0.625,90.0,0.05,0.25,0.1,0.16666666666666666,0.06666666666666667,2.1844155844155844,1.5669285714285714,11.67987012987013,0.9844155844155844,1.3929285714285715,3.662337662337662,4.0,1,0,0,0,1,90.0,0,0,0.048770575499285984,0.03376979675117503,0.07687173927012739
2026-M078-CIV-NOR,78,2026-06-30,Round of 32,NOR_erling_haaland,Erling HAALAND,NOR,Norway,CIV,FW,1,3,2,0.625,0.625,90.0,1.05,2.5,1.6,3.1666666666666665,2.066666666666667,2.1844155844155844,1.5669285714285714,11.67987012987013,0.9844155844155844,1.3929285714285715,3.662337662337662,4.0,1,1,1,1,1,90.0,4,2,0.6500622508888447,0.5505526426633122,0.31225931668667206
2026-M078-CIV-NOR,78,2026-06-30,Round of 32,NOR_martin_odegaard,Martin ODEGAARD,NOR,Norway,CIV,MF,1,3,2,0.625,0.625,85.5,0.05128205128205128,1.2820512820512822,0.3589743589743589,1.5517241379310345,0.41379310344827586,2.1844155844155844,1.5669285714285714,11.67987012987013,0.9844155844155844,1.3929285714285715,3.662337662337662,4.0,1,0,0,0,1,90.0,1,0,0.0475502685151602,0.045357489388995365,0.08657612291980295
2026-M078-CIV-NOR,78,2026-06-30,Round of 32,NOR_marcus_holmgren_pedersen,Marcus HOLMGREN PEDERSEN,NOR,Norway,CIV,DF,1,3,2,0.625,0.125,80.0,0.3576158940397351,0.5960264900662252,0.4172185430463576,0.6367924528301887,0.5094339622641509,2.1844155844155844,1.5669285714285714,11.67987012987013,0.9844155844155844,1.3929285714285715,3.662337662337662,4.0,1,0,0,0,1,83.0,0,0,0.27231047230838834,0.03861228296740688,0.07990197013184938
2026-M078-CIV-NOR,78,2026-06-30,Round of 32,NOR_torbjorn_heggem,Torbjorn HEGGEM,NOR,Norway,CIV,DF,1,3,2,0.625,0.625,87.0,0.05084745762711865,0.2542372881355932,0.1016949152542373,0.17045454545454544,0.06818181818181818,2.1844155844155844,1.5669285714285714,11.67987012987013,0.9844155844155844,1.3929285714285715,3.662337662337662,4.0,1,0,0,0,1,90.0,1,1,0.04796410719276056,0.013545988010625336,0.027798627901410255
2026-M078-CIV-NOR,78,2026-06-30,Round of 32,NOR_antonio_nusa,Antonio NUSA,NOR,Norway,CIV,FW,1,3,3,0.875,0.625,72.0,0.054380664652567974,0.8157099697885196,0.10876132930513595,0.9336099585062241,0.07468879668049792,2.1844155844155844,1.5669285714285714,11.67987012987013,0.9844155844155844,1.3929285714285715,3.662337662337662,4.0,1,1,1,1,1,71.0,1,1,0.042571784717422845,0.06720179024592467,0.103914346827498
2026-M078-CIV-NOR,78,2026-06-30,Round of 32,NOR_sander_tangvik,Sander TANGVIK,NOR,Norway,CIV,GK,0,3,0,0.125,0.125,1.9249999999999998,0.1,0.5,0.2,0.5,0.2,2.1844155844155844,1.5669285714285714,11.67987012987013,0.9844155844155844,1.3929285714285715,3.662337662337662,4.0,1,0,0,0,0,0.0,0,0,0.00213660309602548,0.0010873825002491373,0.0033646435709668854
2026-M078-CIV-NOR,78,2026-06-30,Round of 32,NOR_egil_selvik,Egil SELVIK,NOR,Norway,CIV,GK,0,3,1,0.375,0.375,1.9249999999999998,0.06666666666666667,0.3333333333333333,0.13333333333333333,0.25,0.1,2.1844155844155844,1.5669285714285714,11.67987012987013,0.9844155844155844,1.3929285714285715,3.662337662337662,4.0,1,0,0,0,0,0.0,0,0,0.0014249097765947072,0.0008579632940809108,0.002940732083540121
2026-M078-CIV-NOR,78,2026-06-30,Round of 32,NOR_morten_thorsby,Morten THORSBY,NOR,Norway,CIV,MF,0,3,1,0.375,0.125,15.187500000000002,0.08,0.4,0.16,0.3333333333333333,0.13333333333333333,2.1844155844155844,1.5669285714285714,11.67987012987013,0.9844155844155844,1.3929285714285715,3.662337662337662,4.0,1,0,0,0,0,0.0,0,0,0.013409283682267348,0.007461633824267685,0.011485703918864089
2026-M078-CIV-NOR,78,2026-06-30,Round of 32,NOR_leo_ostigard,Leo OSTIGARD,NOR,Norway,CIV,DF,0,3,3,0.875,0.375,6.7562500000000005,0.36860068259385664,1.2286689419795223,0.4300341296928327,1.5517241379310345,0.5320197044334976,2.1844155844155844,1.5669285714285714,11.67987012987013,0.9844155844155844,1.3929285714285715,3.662337662337662,4.0,1,0,0,0,0,0.0,0,0,0.02729132285226099,0.005934882670528569,0.025011094737236412
2026-M078-CIV-NOR,78,2026-06-30,Round of 32,NOR_jorgen_strand_larsen,Jorgen STRAND LARSEN,NOR,Norway,CIV,FW,0,3,1,0.375,0.375,1.9249999999999998,0.06666666666666667,1.0,0.4666666666666666,1.25,0.6,2.1844155844155844,1.5669285714285714,11.67987012987013,0.9844155844155844,1.3929285714285715,3.662337662337662,4.0,1,0,0,0,0,0.0,0,0,0.0014249097765947072,0.012165347100330898,0.021269942998775482
2026-M078-CIV-NOR,78,2026-06-30,Round of 32,NOR_fredrik_aursnes,Fredrik AURSNES,NOR,Norway,CIV,MF,0,3,3,0.875,0.875,1.9249999999999998,0.04639175257731959,0.4639175257731959,0.09278350515463918,0.45302013422818793,0.06040268456375839,2.1844155844155844,1.5669285714285714,11.67987012987013,0.9844155844155844,1.3929285714285715,3.662337662337662,4.0,1,0,0,0,1,7.0,0,0,0.0009917759060944498,0.0041111093528147435,0.004981505743009949
2026-M078-CIV-NOR,78,2026-06-30,Round of 32,NOR_fredrik_andre_bjorkan,Fredrik Andre BJORKAN,NOR,Norway,CIV,DF,0,3,1,0.375,0.375,1.9249999999999998,0.08,0.4,0.16,0.3333333333333333,0.13333333333333333,2.1844155844155844,1.5669285714285714,11.67987012987013,0.9844155844155844,1.3929285714285715,3.662337662337662,4.0,1,0,0,0,0,0.0,0,0,0.0017096479951308474,0.0022827684675576373,0.002572046688250567
2026-M078-CIV-NOR,78,2026-06-30,Round of 32,NOR_kristian_thorstvedt,Kristian THORSTVEDT,NOR,Norway,CIV,MF,0,3,2,0.625,0.375,5.737500000000001,0.0743801652892562,1.487603305785124,0.5206611570247933,2.0723684210526314,0.7105263157894737,2.1844155844155844,1.5669285714285714,11.67987012987013,0.9844155844155844,1.3929285714285715,3.662337662337662,4.0,1,0,0,0,0,0.0,0,0,0.004730511257101666,0.007755146631541035,0.029578962045031913
2026-M078-CIV-NOR,78,2026-06-30,Round of 32,NOR_thelo_aasgaard,Thelo AASGAARD,NOR,Norway,CIV,MF,0,3,1,0.375,0.375,1.9249999999999998,0.4,1.0,0.4666666666666666,1.25,0.6,2.1844155844155844,1.5669285714285714,11.67987012987013,0.9844155844155844,1.3929285714285715,3.662337662337662,4.0,1,0,0,0,0,0.0,0,0,0.008519060941516998,0.012740639539517696,0.015023944872042429
2026-M078-CIV-NOR,78,2026-06-30,Round of 32,NOR_andreas_schjelderup,Andreas SCHJELDERUP,NOR,Norway,CIV,MF,0,3,3,0.875,0.375,10.575000000000001,0.06020066889632107,0.3010033444816054,0.12040133779264214,0.215311004784689,0.0861244019138756,2.1844155844155844,1.5669285714285714,11.67987012987013,0.9844155844155844,1.3929285714285715,3.662337662337662,4.0,1,0,0,0,1,19.0,1,0,0.007048619722435312,0.00622243598196907,0.00466233677393057
2026-M078-CIV-NOR,78,2026-06-30,Round of 32,NOR_oscar_bobb,Oscar BOBB,NOR,Norway,CIV,MF,0,3,3,0.875,0.375,6.7562500000000005,0.06293706293706294,1.2587412587412588,1.06993006993007,1.6071428571428572,1.469387755102041,2.1844155844155844,1.5669285714285714,11.67987012987013,0.9844155844155844,1.3929285714285715,3.662337662337662,4.0,1,0,0,0,1,19.0,0,0,0.004713506745971707,0.008767406589650592,0.06264729057878388
2026-M078-CIV-NOR,78,2026-06-30,Round of 32,NOR_jens_petter_hauge,Jens Petter HAUGE,NOR,Norway,CIV,MF,0,3,1,0.375,0.125,2.3625000000000003,0.0962566844919786,0.48128342245989303,0.1925133689839572,0.4639175257731959,0.18556701030927836,2.1844155844155844,1.5669285714285714,11.67987012987013,0.9844155844155844,1.3929285714285715,3.662337662337662,4.0,1,0,0,0,0,0.0,0,0,0.0025235484524573915,0.00717896943649657,0.00384019966210461
2026-M078-CIV-NOR,78,2026-06-30,Round of 32,NOR_sondre_langas,Sondre LANGAS,NOR,Norway,CIV,DF,0,3,1,0.375,0.125,7.7625,0.08866995073891626,0.4433497536945813,0.17733990147783252,0.39823008849557523,0.1592920353982301,2.1844155844155844,1.5669285714285714,11.67987012987013,0.9844155844155844,1.3929285714285715,3.662337662337662,4.0,1,0,0,0,0,0.0,0,0,0.007618613365923732,0.0029285461767339246,0.0027763660167460028
2026-M078-CIV-NOR,78,2026-06-30,Round of 32,NOR_henrik_falchener,Henrik FALCHENER,NOR,Norway,CIV,DF,0,3,1,0.375,0.375,1.9249999999999998,0.0728744939271255,0.3643724696356275,0.145748987854251,0.28662420382165604,0.11464968152866242,2.1844155844155844,1.5669285714285714,11.67987012987013,0.9844155844155844,1.3929285714285715,3.662337662337662,4.0,1,0,0,0,0,0.0,0,0,0.001557490304569753,0.0022210519425183116,0.002572046688250567
2026-M078-CIV-NOR,78,2026-06-30,Round of 32,NOR_julian_ryerson,Julian RYERSON,NOR,Norway,CIV,FW,0,3,2,0.625,0.625,1.9249999999999998,0.0636042402826855,0.31802120141342755,0.127208480565371,0.23316062176165803,0.09326424870466321,2.1844155844155844,1.5669285714285714,11.67987012987013,0.9844155844155844,1.3929285714285715,3.662337662337662,4.0,1,0,0,0,0,0.0,0,0,0.0013594990709924204,0.008777252275120573,0.022665698280247684
2026-M079-MEX-ECU,79,2026-06-30,Round of 32,ECU_hernan_galindez,Hernan GALINDEZ,ECU,Ecuador,MEX,GK,1,3,3,0.875,0.875,90.0,0.04,0.2,0.08,0.125,0.05,0.9846153846153847,1.5801474358974361,14.07628205128205,0.5846153846153845,0.7801474358974361,2.6641025641025644,5.0,1,0,0,0,1,90.0,0,0,0.03921056084767682,0.004554883517625595,0.01917375916953964
2026-M079-MEX-ECU,79,2026-06-30,Round of 32,ECU_piero_hincapie,Piero HINCAPIE,ECU,Ecuador,MEX,DF,1,3,3,0.875,0.875,83.66666666666667,0.04176334106728538,0.8352668213457076,0.08352668213457076,0.9237536656891495,0.05278592375366569,0.9846153846153847,1.5801474358974361,14.07628205128205,0.5846153846153845,0.7801474358974361,2.6641025641025644,5.0,1,0,0,0,1,90.0,0,0,0.03808043039262965,0.01388221676494614,0.023643796386805097
2026-M079-MEX-ECU,79,2026-06-30,Round of 32,ECU_joel_ordonez,Joel ORDONEZ,ECU,Ecuador,MEX,DF,1,3,2,0.625,0.625,90.0,0.05,0.75,0.1,0.8333333333333334,0.06666666666666667,0.9846153846153847,1.5801474358974361,14.07628205128205,0.5846153846153845,0.7801474358974361,2.6641025641025644,5.0,1,0,0,0,1,45.0,0,0,0.048770575499285984,0.01583775057372737,0.024310562632520186
2026-M079-MEX-ECU,79,2026-06-30,Round of 32,ECU_willian_pacho,Willian PACHO,ECU,Ecuador,MEX,DF,1,3,3,0.875,0.875,90.0,0.04,0.4,0.27999999999999997,0.375,0.3,0.9846153846153847,1.5801474358974361,14.07628205128205,0.5846153846153845,0.7801474358974361,2.6641025641025644,5.0,1,0,0,0,1,90.0,0,0,0.03921056084767682,0.012551409100520577,0.02752562321146025
2026-M079-MEX-ECU,79,2026-06-30,Round of 32,ECU_john_yeboah,John YEBOAH,ECU,Ecuador,MEX,FW,1,3,3,0.875,0.875,78.66666666666667,0.04326923076923077,1.5144230769230769,0.5192307692307693,1.794478527607362,0.6073619631901841,0.9846153846153847,1.5801474358974361,14.07628205128205,0.5846153846153845,0.7801474358974361,2.6641025641025644,5.0,1,0,0,0,1,79.0,2,1,0.037114248970245844,0.07965715549036968,0.23569322470326873
2026-M079-MEX-ECU,79,2026-06-30,Round of 32,ECU_enner_valencia,Enner VALENCIA,ECU,Ecuador,MEX,FW,1,3,3,0.875,0.875,77.0,0.043795620437956206,2.408759124087591,1.4014598540145986,2.94392523364486,1.7383177570093458,0.9846153846153847,1.5801474358974361,14.07628205128205,0.5846153846153845,0.7801474358974361,2.6641025641025644,5.0,1,0,0,0,1,59.0,0,0,0.03677628759958618,0.11438818446194272,0.27067738054271506
2026-M079-MEX-ECU,79,2026-06-30,Round of 32,ECU_pedro_vite,Pedro VITE,ECU,Ecuador,MEX,MF,1,3,3,0.875,0.875,90.0,0.04,0.8,0.27999999999999997,0.875,0.3,0.9846153846153847,1.5801474358974361,14.07628205128205,0.5846153846153845,0.7801474358974361,2.6641025641025644,5.0,1,0,0,0,1,90.0,1,0,0.03921056084767682,0.03545537562508088,0.045888884159333426
2026-M079-MEX-ECU,79,2026-06-30,Round of 32,ECU_gonzalo_plata,Gonzalo PLATA,ECU,Ecuador,MEX,FW,1,3,3,0.875,0.875,90.0,0.24,1.8,1.08,2.125,1.3,0.9846153846153847,1.5801474358974361,14.07628205128205,0.5846153846153845,0.7801474358974361,2.6641025641025644,5.0,1,0,0,0,1,90.0,0,0,0.21337213893344653,0.1449209797752373,0.2976119644189769
2026-M079-MEX-ECU,79,2026-06-30,Round of 32,ECU_nilson_angulo,Nilson ANGULO,ECU,Ecuador,MEX,FW,1,3,3,0.875,0.375,85.0,0.3385579937304075,0.8463949843260188,0.677115987460815,0.982532751091703,0.8646288209606988,0.9846153846153847,1.5801474358974361,14.07628205128205,0.5846153846153845,0.7801474358974361,2.6641025641025644,5.0,1,0,0,0,1,79.0,0,0,0.2736688337481632,0.15600084176666046,0.24491596932057122
2026-M079-MEX-ECU,79,2026-06-30,Round of 32,ECU_alan_franco,Alan FRANCO,ECU,Ecuador,MEX,MF,1,3,3,0.875,0.875,69.66666666666667,0.04627249357326478,0.23136246786632392,0.09254498714652956,0.1505016722408027,0.06020066889632107,0.9846153846153847,1.5801474358974361,14.07628205128205,0.5846153846153845,0.7801474358974361,2.6641025641025644,5.0,1,0,0,0,1,45.0,0,0,0.03518445174510165,0.02511440364858474,0.05212153954878673
2026-M079-MEX-ECU,79,2026-06-30,Round of 32,ECU_moises_caicedo,Moises CAICEDO,ECU,Ecuador,MEX,MF,1,3,3,0.875,0.875,90.0,0.04,0.8,0.27999999999999997,0.875,0.3,0.9846153846153847,1.5801474358974361,14.07628205128205,0.5846153846153845,0.7801474358974361,2.6641025641025644,5.0,1,0,0,0,1,90.0,1,0,0.03921056084767682,0.03545537562508088,0.045888884159333426
2026-M079-MEX-ECU,79,2026-06-30,Round of 32,ECU_moises_ramirez,Moises RAMIREZ,ECU,Ecuador,MEX,GK,0,3,0,0.125,0.125,1.9249999999999998,0.1,0.5,0.2,0.5,0.2,0.9846153846153847,1.5801474358974361,14.07628205128205,0.5846153846153845,0.7801474358974361,2.6641025641025644,5.0,1,0,0,0,0,0.0,0,0,0.00213660309602548,0.0010571736583857895,0.0031435968312717314
2026-M079-MEX-ECU,79,2026-06-30,Round of 32,ECU_gonzalo_valle,Gonzalo VALLE,ECU,Ecuador,MEX,GK,0,3,0,0.125,0.125,1.9249999999999998,0.1,0.5,0.2,0.5,0.2,0.9846153846153847,1.5801474358974361,14.07628205128205,0.5846153846153845,0.7801474358974361,2.6641025641025644,5.0,1,0,0,0,0,0.0,0,0,0.00213660309602548,0.0010571736583857895,0.0031435968312717314
2026-M079-MEX-ECU,79,2026-06-30,Round of 32,ECU_felix_torres,Felix TORRES,ECU,Ecuador,MEX,DF,0,3,1,0.375,0.125,1.6875,0.0972972972972973,0.4864864864864865,0.1945945945945946,0.47368421052631576,0.18947368421052632,0.9846153846153847,1.5801474358974361,14.07628205128205,0.5846153846153845,0.7801474358974361,2.6641025641025644,5.0,1,0,0,0,0,0.0,0,0,0.0018226612561831335,0.002839344728196216,0.0029673388727800643
2026-M079-MEX-ECU,79,2026-06-30,Round of 32,ECU_jordy_alcivar,Jordy ALCIVAR,ECU,Ecuador,MEX,MF,0,3,1,0.375,0.375,1.9249999999999998,0.08,0.8,0.16,1.0,0.13333333333333333,0.9846153846153847,1.5801474358974361,14.07628205128205,0.5846153846153845,0.7801474358974361,2.6641025641025644,5.0,1,0,0,0,0,0.0,0,0,0.0017096479951308474,0.006078036632018902,0.004593018121995609
2026-M079-MEX-ECU,79,2026-06-30,Round of 32,ECU_pervis_estupinan,Pervis ESTUPINAN,ECU,Ecuador,MEX,DF,0,3,2,0.625,0.375,6.4125000000000005,0.06691449814126393,0.3345724907063197,0.13382899628252787,0.25139664804469275,0.1005586592178771,0.9846153846153847,1.5801474358974361,14.07628205128205,0.5846153846153845,0.7801474358974361,2.6641025641025644,5.0,1,0,0,0,0,0.0,0,0,0.004756310751615089,0.002360542579483055,0.0030827441331128607
2026-M079-MEX-ECU,79,2026-06-30,Round of 32,ECU_anthony_valencia,Anthony VALENCIA,ECU,Ecuador,MEX,MF,0,3,0,0.125,0.125,1.9249999999999998,0.1,0.5,0.2,0.5,0.2,0.9846153846153847,1.5801474358974361,14.07628205128205,0.5846153846153845,0.7801474358974361,2.6641025641025644,5.0,1,0,0,0,0,0.0,0,0,0.00213660309602548,0.006589684976298332,0.004860515342503455
2026-M079-MEX-ECU,79,2026-06-30,Round of 32,ECU_kendry_paez,Kendry PAEZ,ECU,Ecuador,MEX,MF,0,3,0,0.125,0.125,1.9249999999999998,0.1,0.5,0.2,0.5,0.2,0.9846153846153847,1.5801474358974361,14.07628205128205,0.5846153846153845,0.7801474358974361,2.6641025641025644,5.0,1,0,0,0,1,11.0,0,0,0.00213660309602548,0.006589684976298332,0.004860515342503455
2026-M079-MEX-ECU,79,2026-06-30,Round of 32,ECU_kevin_rodriguez,Kevin RODRIGUEZ,ECU,Ecuador,MEX,FW,0,3,3,0.875,0.125,23.45,0.06818181818181818,2.0454545454545454,0.47727272727272724,2.8448275862068964,0.6206896551724138,0.9846153846153847,1.5801474358974361,14.07628205128205,0.5846153846153845,0.7801474358974361,2.6641025641025644,5.0,1,0,0,0,1,31.0,1,0,0.017608281524290392,0.025667426924258253,0.1189450719959791
2026-M079-MEX-ECU,79,2026-06-30,Round of 32,ECU_alan_minda,Alan MINDA,ECU,Ecuador,MEX,MF,0,3,1,0.375,0.375,1.9249999999999998,0.07627118644067797,1.1440677966101696,0.15254237288135594,1.5410958904109588,0.1232876712328767,0.9846153846153847,1.5801474358974361,14.07628205128205,0.5846153846153845,0.7801474358974361,2.6641025641025644,5.0,1,0,0,0,0,0.0,0,0,0.001630025994413531,0.0065787626776197755,0.013779154873748336
2026-M079-MEX-ECU,79,2026-06-30,Round of 32,ECU_jordy_caicedo,Jordy CAICEDO,ECU,Ecuador,MEX,FW,0,3,2,0.625,0.125,1.7625000000000002,0.0967741935483871,0.4838709677419355,0.1935483870967742,0.46875,0.1875,0.9846153846153847,1.5801474358974361,14.07628205128205,0.5846153846153845,0.7801474358974361,2.6641025641025644,5.0,1,0,0,0,1,11.0,1,0,0.0018933666060821919,0.014301405780682607,0.02268205136350477
2026-M079-MEX-ECU,79,2026-06-30,Round of 32,ECU_angelo_preciado,Angelo PRECIADO,ECU,Ecuador,MEX,DF,0,3,3,0.875,0.125,17.029166666666665,0.07468879668049792,0.37344398340248963,0.14937759336099585,0.2980132450331126,0.11920529801324503,0.9846153846153847,1.5801474358974361,14.07628205128205,0.5846153846153845,0.7801474358974361,2.6641025641025644,5.0,1,0,0,0,1,45.0,0,0,0.014032699300360885,0.00338153587657761,0.00924669016535058
2026-M079-MEX-ECU,79,2026-06-30,Round of 32,ECU_denil_castillo,Denil CASTILLO,ECU,Ecuador,MEX,MF,0,3,0,0.125,0.125,1.9249999999999998,0.1,0.5,0.2,0.5,0.2,0.9846153846153847,1.5801474358974361,14.07628205128205,0.5846153846153845,0.7801474358974361,2.6641025641025644,5.0,1,0,0,0,0,0.0,0,0,0.00213660309602548,0.006589684976298332,0.004860515342503455
2026-M079-MEX-ECU,79,2026-06-30,Round of 32,ECU_jeremy_arevalo,Jeremy AREVALO,ECU,Ecuador,MEX,FW,0,3,0,0.125,0.125,1.9249999999999998,0.1,0.5,0.2,0.5,0.2,0.9846153846153847,1.5801474358974361,14.07628205128205,0.5846153846153845,0.7801474358974361,2.6641025641025644,5.0,1,0,0,0,0,0.0,0,0,0.00213660309602548,0.012488311813763801,0.02254596058075166
2026-M079-MEX-ECU,79,2026-06-30,Round of 32,ECU_jackson_porozo,Jackson POROZO,ECU,Ecuador,MEX,DF,0,3,1,0.375,0.125,9.450000000000001,0.08653846153846154,0.4326923076923077,0.17307692307692307,0.3813559322033898,0.15254237288135594,0.9846153846153847,1.5801474358974361,14.07628205128205,0.5846153846153845,0.7801474358974361,2.6641025641025644,5.0,1,0,0,0,0,0.0,0,0,0.009045380626021116,0.002900782071289286,0.003329373159339661
2026-M079-MEX-ECU,79,2026-06-30,Round of 32,ECU_yaimar_medina,Yaimar MEDINA,ECU,Ecuador,MEX,DF,0,3,0,0.125,0.125,1.9249999999999998,0.1,0.5,0.2,0.5,0.2,0.9846153846153847,1.5801474358974361,14.07628205128205,0.5846153846153845,0.7801474358974361,2.6641025641025644,5.0,1,0,0,0,1,45.0,1,0,0.00213660309602548,0.0026610249467026214,0.0027221837839624366
2026-M079-MEX-ECU,79,2026-06-30,Round of 32,MEX_raul_rangel,Raul RANGEL,MEX,Mexico,ECU,GK,1,3,3,0.875,0.875,86.0,0.0410958904109589,0.2054794520547945,0.0821917808219178,0.12931034482758622,0.05172413793103448,1.7846153846153847,1.3421474358974361,11.87628205128205,0.9846153846153847,1.148147435897436,3.6641025641025644,6.0,1,0,0,0,1,90.0,0,0,0.03850835774415018,0.004158392742329191,0.01011068052559362
2026-M079-MEX-ECU,79,2026-06-30,Round of 32,MEX_jorge_sanchez,Jorge SANCHEZ,MEX,Mexico,ECU,DF,1,3,2,0.625,0.625,90.0,0.05,0.5,0.35,0.5,0.4,1.7846153846153847,1.3421474358974361,11.87628205128205,0.9846153846153847,1.148147435897436,3.6641025641025644,6.0,1,0,0,0,1,90.0,0,0,0.048770575499285984,0.013842169241304233,0.026511139936966976
2026-M079-MEX-ECU,79,2026-06-30,Round of 32,MEX_cesar_montes,Cesar MONTES,MEX,Mexico,ECU,DF,1,2,2,0.8333333333333334,0.8333333333333334,90.0,0.05,0.25,0.1,0.16666666666666666,0.06666666666666667,1.7846153846153847,1.3421474358974361,11.87628205128205,0.9846153846153847,1.148147435897436,3.6641025641025644,6.0,1,0,0,0,1,90.0,1,1,0.048770575499285984,0.012234900560059662,0.00883777307859197
2026-M079-MEX-ECU,79,2026-06-30,Round of 32,MEX_johan_vasquez,Johan VASQUEZ,MEX,Mexico,ECU,DF,1,3,2,0.625,0.625,90.0,0.05,0.25,0.1,0.16666666666666666,0.06666666666666667,1.7846153846153847,1.3421474358974361,11.87628205128205,0.9846153846153847,1.148147435897436,3.6641025641025644,6.0,1,0,0,0,1,90.0,1,0,0.048770575499285984,0.01246500539368968,0.010195680157705323
2026-M079-MEX-ECU,79,2026-06-30,Round of 32,MEX_erik_lira,Erik LIRA,MEX,Mexico,ECU,MF,1,3,2,0.625,0.625,83.0,0.05202312138728324,0.26011560693641617,0.10404624277456648,0.17578125,0.0703125,1.7846153846153847,1.3421474358974361,11.87628205128205,0.9846153846153847,1.148147435897436,3.6641025641025644,6.0,1,0,0,0,1,90.0,0,0,0.04684417489229753,0.029321155347600936,0.05256230832319148
2026-M079-MEX-ECU,79,2026-06-30,Round of 32,MEX_luis_romo,Luis ROMO,MEX,Mexico,ECU,MF,1,3,2,0.625,0.625,67.0,0.34394904458598724,0.5732484076433121,0.40127388535031844,0.6026785714285714,0.48214285714285715,1.7846153846153847,1.3421474358974361,11.87628205128205,0.9846153846153847,1.148147435897436,3.6641025641025644,6.0,1,0,0,0,1,73.0,1,0,0.22589747692728102,0.053399715013154554,0.08721162511202692
2026-M079-MEX-ECU,79,2026-06-30,Round of 32,MEX_raul_jimenez,Raul JIMENEZ,MEX,Mexico,ECU,FW,1,3,2,0.625,0.625,78.0,0.32142857142857145,1.875,0.9107142857142857,2.3780487804878048,1.170731707317073,1.7846153846153847,1.3421474358974361,11.87628205128205,0.9846153846153847,1.148147435897436,3.6641025641025644,6.0,1,1,1,1,1,74.0,4,1,0.24313579590977963,0.15080513949479096,0.2785171871290697
2026-M079-MEX-ECU,79,2026-06-30,Round of 32,MEX_julian_quinones,Julian QUINONES,MEX,Mexico,ECU,FW,1,3,3,0.875,0.875,84.33333333333333,0.4572748267898384,2.2863741339491916,0.9145496535796768,2.7551020408163267,1.1020408163265305,1.7846153846153847,1.3421474358974361,11.87628205128205,0.9846153846153847,1.148147435897436,3.6641025641025644,6.0,1,1,1,1,1,80.0,1,1,0.3485036264926903,0.21868432553812883,0.30233623152924727
2026-M079-MEX-ECU,79,2026-06-30,Round of 32,MEX_gilberto_mora,Gilberto MORA,MEX,Mexico,ECU,MF,1,3,2,0.625,0.375,72.0,0.06521739130434782,0.6521739130434783,0.13043478260869565,0.7258064516129032,0.0967741935483871,1.7846153846153847,1.3421474358974361,11.87628205128205,0.9846153846153847,1.148147435897436,3.6641025641025644,6.0,1,0,0,0,1,58.0,3,0,0.05083621947385686,0.03777853128913887,0.06990838447052118
2026-M079-MEX-ECU,79,2026-06-30,Round of 32,MEX_jesus_gallardo,Jesus GALLARDO,MEX,Mexico,ECU,DF,1,3,3,0.875,0.625,90.0,0.04838709677419355,0.967741935483871,0.0967741935483871,1.1170212765957446,0.06382978723404255,1.7846153846153847,1.3421474358974361,11.87628205128205,0.9846153846153847,1.148147435897436,3.6641025641025644,6.0,1,0,0,0,1,90.0,0,0,0.047235096535413246,0.017088601883325977,0.020974462692030085
2026-M079-MEX-ECU,79,2026-06-30,Round of 32,MEX_roberto_alvarado,Roberto ALVARADO,MEX,Mexico,ECU,FW,1,3,3,0.875,0.875,86.66666666666667,0.04090909090909091,0.6136363636363636,0.08181818181818182,0.6428571428571429,0.05142857142857143,1.7846153846153847,1.3421474358974361,11.87628205128205,0.9846153846153847,1.148147435897436,3.6641025641025644,6.0,1,0,0,0,1,80.0,3,0,0.038628087728710736,0.05516679879880275,0.1383040326527285
2026-M079-MEX-ECU,79,2026-06-30,Round of 32,MEX_carlos_acevedo,Carlos ACEVEDO,MEX,Mexico,ECU,GK,0,3,0,0.125,0.125,1.9249999999999998,0.1,0.5,0.2,0.5,0.2,1.7846153846153847,1.3421474358974361,11.87628205128205,0.9846153846153847,1.148147435897436,3.6641025641025644,6.0,1,0,0,0,0,0.0,0,0,0.00213660309602548,0.0009860769114543016,0.0012521556322985072
2026-M079-MEX-ECU,79,2026-06-30,Round of 32,MEX_guillermo_ochoa,Guillermo OCHOA,MEX,Mexico,ECU,GK,0,3,1,0.375,0.125,4.050000000000001,0.09375,0.46875,0.1875,0.4411764705882353,0.17647058823529413,1.7846153846153847,1.3421474358974361,11.87628205128205,0.9846153846153847,1.148147435897436,3.6641025641025644,6.0,1,0,0,0,0,0.0,0,0,0.004209863575145745,0.0010594259297021702,0.001200593266435803
2026-M079-MEX-ECU,79,2026-06-30,Round of 32,MEX_edson_alvarez,Edson ALVAREZ,MEX,Mexico,ECU,DF,0,3,3,0.875,0.625,4.7250000000000005,0.0481283422459893,0.24064171122994651,0.0962566844919786,0.15845070422535212,0.06338028169014084,1.7846153846153847,1.3421474358974361,11.87628205128205,0.9846153846153847,1.148147435897436,3.6641025641025644,6.0,1,0,0,0,0,0.0,0,0,0.0025235484524573915,0.0017853746710815735,0.007557094390292004
2026-M079-MEX-ECU,79,2026-06-30,Round of 32,MEX_alvaro_fidalgo,Alvaro FIDALGO,MEX,Mexico,ECU,MF,0,3,2,0.625,0.375,6.075,0.06818181818181818,0.6818181818181818,0.47727272727272724,0.7758620689655172,0.6206896551724138,1.7846153846153847,1.3421474358974361,11.87628205128205,0.9846153846153847,1.148147435897436,3.6641025641025644,6.0,1,0,0,0,0,0.0,0,0,0.004591698498192853,0.0060445106837623604,0.001794438455954577
2026-M079-MEX-ECU,79,2026-06-30,Round of 32,MEX_alexis_vega,Alexis VEGA,MEX,Mexico,ECU,FW,0,3,1,0.375,0.125,3.7125000000000004,0.09424083769633508,0.4712041884816754,0.18848167539267016,0.44554455445544555,0.1782178217821782,1.7846153846153847,1.3421474358974361,11.87628205128205,0.9846153846153847,1.148147435897436,3.6641025641025644,6.0,1,0,0,0,0,0.0,0,0,0.0038798882630032283,0.012502944290043491,0.010471631989161451
2026-M079-MEX-ECU,79,2026-06-30,Round of 32,MEX_santiago_gimenez,Santiago GIMENEZ,MEX,Mexico,ECU,FW,0,3,2,0.625,0.125,10.86875,0.08294930875576037,0.8294930875576036,0.5806451612903225,1.062992125984252,0.8503937007874016,1.7846153846153847,1.3421474358974361,11.87628205128205,0.9846153846153847,1.148147435897436,3.6641025641025644,6.0,1,0,0,0,1,16.0,0,0,0.00996727525911345,0.014493553241568974,0.01740988960340168
2026-M079-MEX-ECU,79,2026-06-30,Round of 32,MEX_armando_gonzalez,Armando GONZALEZ,MEX,Mexico,ECU,FW,0,3,1,0.375,0.125,4.7250000000000005,0.09278350515463918,0.4639175257731959,0.18556701030927836,0.4326923076923077,0.17307692307692307,1.7846153846153847,1.3421474358974361,11.87628205128205,0.9846153846153847,1.148147435897436,3.6641025641025644,6.0,1,0,0,0,0,0.0,0,0,0.004859289287526991,0.012537768234336343,0.010489083996142253
2026-M079-MEX-ECU,79,2026-06-30,Round of 32,MEX_israel_reyes,Israel REYES,MEX,Mexico,ECU,DF,0,3,3,0.875,0.625,3.375,0.04864864864864865,0.7297297297297297,0.0972972972972973,0.8035714285714286,0.06428571428571428,1.7846153846153847,1.3421474358974361,11.87628205128205,0.9846153846153847,1.148147435897436,3.6641025641025644,6.0,1,0,0,0,1,10.0,0,0,0.0018226612561831335,0.0021030117407719487,0.0009914122550129427
2026-M079-MEX-ECU,79,2026-06-30,Round of 32,MEX_orbelin_pineda,Orbelin PINEDA,MEX,Mexico,ECU,MF,0,3,1,0.375,0.125,6.4125000000000005,0.09045226130653267,0.45226130653266333,0.18090452261306533,0.41284403669724773,0.1651376146788991,1.7846153846153847,1.3421474358974361,11.87628205128205,0.9846153846153847,1.148147435897436,3.6641025641025644,6.0,1,0,0,0,1,10.0,1,0,0.006424000928068496,0.0066462965368366085,0.001803499280709434
2026-M079-MEX-ECU,79,2026-06-30,Round of 32,MEX_obed_vargas,Obed VARGAS,MEX,Mexico,ECU,MF,0,3,2,0.625,0.125,13.512500000000001,0.07964601769911504,0.7964601769911505,0.5575221238938053,0.9926470588235294,0.7941176470588235,1.7846153846153847,1.3421474358974361,11.87628205128205,0.9846153846153847,1.148147435897436,3.6641025641025644,6.0,1,0,0,0,1,17.0,0,0,0.01188675227717828,0.007783838906318629,0.00847590483933503
2026-M079-MEX-ECU,79,2026-06-30,Round of 32,MEX_mateo_chavez,Mateo CHAVEZ,MEX,Mexico,ECU,DF,0,3,1,0.375,0.375,1.9249999999999998,0.4186046511627907,0.6976744186046512,0.48837209302325574,0.8035714285714286,0.6428571428571429,1.7846153846153847,1.3421474358974361,11.87628205128205,0.9846153846153847,1.148147435897436,3.6641025641025644,6.0,1,0,0,0,0,0.0,0,0,0.00891352525378697,0.004593055340317897,0.016077980226023428
2026-M079-MEX-ECU,79,2026-06-30,Round of 32,MEX_cesar_huerta,Cesar HUERTA,MEX,Mexico,ECU,FW,0,3,1,0.375,0.125,2.0250000000000004,0.0967741935483871,0.4838709677419355,0.1935483870967742,0.46875,0.1875,1.7846153846153847,1.3421474358974361,11.87628205128205,0.9846153846153847,1.148147435897436,3.6641025641025644,6.0,1,0,0,0,0,0.0,0,0,0.0021750504969595408,0.012443337355242263,0.010004489734912742
2026-M079-MEX-ECU,79,2026-06-30,Round of 32,MEX_guillermo_martinez,Guillermo MARTINEZ,MEX,Mexico,ECU,FW,0,3,1,0.375,0.375,1.9249999999999998,0.07407407407407407,0.37037037037037035,0.14814814814814814,0.29411764705882354,0.11764705882352941,1.7846153846153847,1.3421474358974361,11.87628205128205,0.9846153846153847,1.148147435897436,3.6641025641025644,6.0,1,0,0,0,0,0.0,0,0,0.0015831077008052752,0.009628723717747851,0.009634627504493797
2026-M079-MEX-ECU,79,2026-06-30,Round of 32,MEX_luis_chavez,Luis CHAVEZ,MEX,Mexico,ECU,MF,0,3,1,0.375,0.125,8.100000000000001,0.08823529411764706,0.4411764705882353,0.17647058823529413,0.39473684210526316,0.15789473684210525,1.7846153846153847,1.3421474358974361,11.87628205128205,0.9846153846153847,1.148147435897436,3.6641025641025644,6.0,1,0,0,0,0,0.0,0,0,0.007909728628067714,0.0066764665202301695,0.0020298301244582877
2026-M079-MEX-ECU,79,2026-06-30,Round of 32,MEX_brian_gutierrez,Brian GUTIERREZ,MEX,Mexico,ECU,MF,0,3,2,0.625,0.625,1.9249999999999998,0.056782334384858045,1.7034700315457414,0.11356466876971609,2.1806167400881056,0.07929515418502203,1.7846153846153847,1.3421474358974361,11.87628205128205,0.9846153846153847,1.148147435897436,3.6641025641025644,6.0,1,0,0,0,1,32.0,0,0,0.0012137738209592186,0.006649145721542399,0.0304459380867945
2026-M080-ENG-COD,80,2026-07-01,Round of 32,COD_lionel_mpasi,Lionel MPASI,COD,Congo DR,ENG,GK,1,3,3,0.875,0.875,90.0,0.04,0.2,0.08,0.125,0.05,1.382278481012658,1.1117405063291141,11.670253164556962,0.9822784810126581,0.873740506329114,3.053164556962025,4.0,1,0,0,0,1,90.0,0,0,0.03921056084767682,0.003982827071233543,0.008269670621581382
2026-M080-ENG-COD,80,2026-07-01,Round of 32,COD_aaron_wan_bissaka,Aaron WAN-BISSAKA,COD,Congo DR,ENG,DF,1,3,3,0.875,0.875,88.33333333333333,0.04044943820224719,0.20224719101123595,0.08089887640449438,0.1267605633802817,0.05070422535211268,1.382278481012658,1.1117405063291141,11.670253164556962,0.9822784810126581,0.873740506329114,3.053164556962025,4.0,1,0,0,0,1,90.0,0,0,0.038922640730217006,0.009903239756645563,0.006593538623693981
2026-M080-ENG-COD,80,2026-07-01,Round of 32,COD_axel_tuanzebe,Axel TUANZEBE,COD,Congo DR,ENG,DF,1,3,3,0.875,0.875,90.0,0.04,0.2,0.08,0.125,0.05,1.382278481012658,1.1117405063291141,11.670253164556962,0.9822784810126581,0.873740506329114,3.053164556962025,4.0,1,0,0,0,1,90.0,0,0,0.03921056084767682,0.009989280363550245,0.006636520351268732
2026-M080-ENG-COD,80,2026-07-01,Round of 32,COD_ngalayel_mukau,Ngalayel MUKAU,COD,Congo DR,ENG,MF,1,3,3,0.875,0.625,51.0,0.06,0.6,0.12,0.6428571428571429,0.08571428571428572,1.382278481012658,1.1117405063291141,11.670253164556962,0.9822784810126581,0.873740506329114,3.053164556962025,4.0,1,0,0,0,1,76.0,0,0,0.03342849536249337,0.027870995684191924,0.03698250515366807
2026-M080-ENG-COD,80,2026-07-01,Round of 32,COD_nathanael_mbuku,Nathanael MBUKU,COD,Congo DR,ENG,MF,1,3,2,0.625,0.375,72.0,0.06923076923076923,1.0384615384615385,0.8307692307692308,1.3235294117647058,1.1647058823529413,1.382278481012658,1.1117405063291141,11.670253164556962,0.9822784810126581,0.873740506329114,3.053164556962025,4.0,1,0,0,0,1,64.0,1,0,0.053878814798405394,0.040697291185284895,0.11687007572024125
2026-M080-ENG-COD,80,2026-07-01,Round of 32,COD_samuel_moutoussamy,Samuel MOUTOUSSAMY,COD,Congo DR,ENG,MF,1,3,3,0.875,0.875,81.33333333333333,0.04245283018867924,0.8490566037735849,0.08490566037735849,0.9431137724550899,0.05389221556886228,1.382278481012658,1.1117405063291141,11.670253164556962,0.9822784810126581,0.873740506329114,3.053164556962025,4.0,1,0,0,0,1,89.0,0,0,0.037638173370681205,0.030675827059338825,0.03157337551242682
2026-M080-ENG-COD,80,2026-07-01,Round of 32,COD_brian_cipenga,Brian CIPENGA,COD,Congo DR,ENG,FW,1,3,1,0.375,0.375,72.0,0.07142857142857142,1.4285714285714286,0.14285714285714285,1.9444444444444444,0.1111111111111111,1.382278481012658,1.1117405063291141,11.670253164556962,0.9822784810126581,0.873740506329114,3.053164556962025,4.0,1,1,1,1,1,76.0,3,1,0.05554086300513017,0.0837558167515312,0.13919152911920496
2026-M080-ENG-COD,80,2026-07-01,Round of 32,COD_noah_sadiki,Noah SADIKI,COD,Congo DR,ENG,MF,1,3,3,0.875,0.375,90.0,0.05172413793103448,0.25862068965517243,0.10344827586206896,0.1744186046511628,0.06976744186046512,1.382278481012658,1.1117405063291141,11.670253164556962,0.9822784810126581,0.873740506329114,3.053164556962025,4.0,1,0,0,0,1,90.0,0,0,0.05040921320654568,0.03690958447008482,0.03424367191757996
2026-M080-ENG-COD,80,2026-07-01,Round of 32,COD_yoane_wissa,Yoane WISSA,COD,Congo DR,ENG,FW,1,3,3,0.875,0.875,90.0,0.44000000000000006,2.0,0.68,2.375,0.8,1.382278481012658,1.1117405063291141,11.670253164556962,0.9822784810126581,0.873740506329114,3.053164556962025,4.0,1,0,0,0,1,90.0,2,0,0.3559635789168587,0.20962884721682362,0.2401228419333996
2026-M080-ENG-COD,80,2026-07-01,Round of 32,COD_chancel_mbemba,Chancel MBEMBA,COD,Congo DR,ENG,DF,1,3,3,0.875,0.875,90.0,0.04,0.4,0.08,0.375,0.05,1.382278481012658,1.1117405063291141,11.670253164556962,0.9822784810126581,0.873740506329114,3.053164556962025,4.0,1,0,0,0,1,90.0,0,0,0.03921056084767682,0.010920070431209223,0.00803028485368626
2026-M080-ENG-COD,80,2026-07-01,Round of 32,COD_arthur_masuaku,Arthur MASUAKU,COD,Congo DR,ENG,DF,1,3,3,0.875,0.875,76.66666666666667,0.04390243902439024,0.21951219512195122,0.08780487804878048,0.140625,0.05625,1.382278481012658,1.1117405063291141,11.670253164556962,0.9822784810126581,0.873740506329114,3.053164556962025,4.0,1,0,0,0,1,89.0,0,0,0.03670769169359034,0.009335969417533096,0.011440840833001346
2026-M080-ENG-COD,80,2026-07-01,Round of 32,COD_timothy_fayulu,Timothy FAYULU,COD,Congo DR,ENG,GK,0,3,0,0.125,0.125,1.9249999999999998,0.1,0.5,0.2,0.5,0.2,1.382278481012658,1.1117405063291141,11.670253164556962,0.9822784810126581,0.873740506329114,3.053164556962025,4.0,1,0,0,0,0,0.0,0,0,0.00213660309602548,0.0009762277751656013,0.002112227667831474
2026-M080-ENG-COD,80,2026-07-01,Round of 32,COD_matthieu_epolo,Matthieu EPOLO,COD,Congo DR,ENG,GK,0,3,0,0.125,0.125,1.9249999999999998,0.1,0.5,0.2,0.5,0.2,1.382278481012658,1.1117405063291141,11.670253164556962,0.9822784810126581,0.873740506329114,3.053164556962025,4.0,1,0,0,0,0,0.0,0,0,0.00213660309602548,0.0009762277751656013,0.002112227667831474
2026-M080-ENG-COD,80,2026-07-01,Round of 32,COD_steve_kapuadi,Steve KAPUADI,COD,Congo DR,ENG,DF,0,3,2,0.625,0.625,1.9249999999999998,0.05,0.5,0.1,0.5,0.06666666666666667,1.382278481012658,1.1117405063291141,11.670253164556962,0.9822784810126581,0.873740506329114,3.053164556962025,4.0,1,0,0,0,0,0.0,0,0,0.0010688727925360908,0.0017269493874185902,0.0015526227906755947
2026-M080-ENG-COD,80,2026-07-01,Round of 32,COD_dylan_batubinsika,Dylan BATUBINSIKA,COD,Congo DR,ENG,DF,0,3,0,0.125,0.125,1.9249999999999998,0.1,0.5,0.2,0.5,0.2,1.382278481012658,1.1117405063291141,11.670253164556962,0.9822784810126581,0.873740506329114,3.053164556962025,4.0,1,0,0,0,0,0.0,0,0,0.00213660309602548,0.0024596623020697725,0.0015657620927507004
2026-M080-ENG-COD,80,2026-07-01,Round of 32,COD_theo_bongonda,Theo BONGONDA,COD,Congo DR,ENG,MF,0,3,1,0.375,0.125,6.075,0.09090909090909091,0.9090909090909091,0.18181818181818182,1.25,0.16666666666666666,1.382278481012658,1.1117405063291141,11.670253164556962,0.9822784810126581,0.873740506329114,3.053164556962025,4.0,1,0,0,0,1,14.0,0,0,0.006117574608771381,0.007065957615456572,0.0029599578597190685
2026-M080-ENG-COD,80,2026-07-01,Round of 32,COD_gael_kakuta,Gael KAKUTA,COD,Congo DR,ENG,FW,0,3,0,0.125,0.125,1.9249999999999998,0.1,0.5,0.2,0.5,0.2,1.382278481012658,1.1117405063291141,11.670253164556962,0.9822784810126581,0.873740506329114,3.053164556962025,4.0,1,0,0,0,0,0.0,0,0,0.00213660309602548,0.011719624940082461,0.019431621321443566
2026-M080-ENG-COD,80,2026-07-01,Round of 32,COD_joris_kayembe,Joris KAYEMBE,COD,Congo DR,ENG,DF,0,3,3,0.875,0.125,11.166666666666668,0.08181818181818182,0.8181818181818182,0.16363636363636364,1.0384615384615385,0.13846153846153847,1.382278481012658,1.1117405063291141,11.670253164556962,0.9822784810126581,0.873740506329114,3.053164556962025,4.0,1,0,0,0,1,1.0,0,0,0.01010016243776557,0.003272783464818958,0.002210461944213057
2026-M080-ENG-COD,80,2026-07-01,Round of 32,COD_meschack_elia,Meschack ELIA,COD,Congo DR,ENG,FW,0,3,1,0.375,0.125,6.075,0.09090909090909091,0.9090909090909091,0.6363636363636362,1.25,1.0,1.382278481012658,1.1117405063291141,11.670253164556962,0.9822784810126581,0.873740506329114,3.053164556962025,4.0,1,0,0,0,1,26.0,1,1,0.006117574608771381,0.0125957176613476,0.02140242336513539
2026-M080-ENG-COD,80,2026-07-01,Round of 32,COD_aaron_tshibola,Aaron TSHIBOLA,COD,Congo DR,ENG,MF,0,3,0,0.125,0.125,1.9249999999999998,0.1,0.5,0.2,0.5,0.2,1.382278481012658,1.1117405063291141,11.670253164556962,0.9822784810126581,0.873740506329114,3.053164556962025,4.0,1,0,0,0,0,0.0,0,0,0.00213660309602548,0.0060671903845533285,0.0032134776350527393
2026-M080-ENG-COD,80,2026-07-01,Round of 32,COD_cedric_bakambu,Cedric BAKAMBU,COD,Congo DR,ENG,FW,0,3,3,0.875,0.875,1.9249999999999998,0.04825737265415549,0.9651474530831099,0.09651474530831099,1.1130742049469964,0.0636042402826855,1.382278481012658,1.1117405063291141,11.670253164556962,0.9822784810126581,0.873740506329114,3.053164556962025,4.0,1,0,0,0,0,0.0,0,0,0.0010316390759105287,0.008834836198058813,0.02368864558093624
2026-M080-ENG-COD,80,2026-07-01,Round of 32,COD_charles_pickel,Charles PICKEL,COD,Congo DR,ENG,MF,0,3,2,0.625,0.125,9.69375,0.08450704225352113,0.8450704225352113,0.16901408450704225,1.0975609756097562,0.14634146341463414,1.382278481012658,1.1117405063291141,11.670253164556962,0.9822784810126581,0.873740506329114,3.053164556962025,4.0,1,0,0,0,0,0.0,0,0,0.009060813845660265,0.007588465421804304,0.0035516687728247135
2026-M080-ENG-COD,80,2026-07-01,Round of 32,COD_fiston_mayele,Fiston MAYELE,COD,Congo DR,ENG,FW,0,3,1,0.375,0.125,13.162500000000001,0.4931506849315068,2.4657534246575343,0.5753424657534246,3.8372093023255816,0.8372093023255814,1.382278481012658,1.1117405063291141,11.670253164556962,0.9822784810126581,0.873740506329114,3.053164556962025,4.0,1,0,0,0,1,1.0,0,0,0.06958382010427477,0.0476512860028533,0.133431957893717
2026-M080-ENG-COD,80,2026-07-01,Round of 32,COD_simon_banza,Simon BANZA,COD,Congo DR,ENG,FW,0,3,2,0.625,0.125,11.1625,0.08256880733944955,0.41284403669724773,0.1651376146788991,0.3515625,0.140625,1.382278481012658,1.1117405063291141,11.670253164556962,0.9822784810126581,0.873740506329114,3.053164556962025,4.0,1,0,0,0,0,0.0,0,0,0.010188566975609992,0.013242655942307767,0.019822011289285246
2026-M080-ENG-COD,80,2026-07-01,Round of 32,COD_gedeon_kalulu,Gedeon KALULU,COD,Congo DR,ENG,DF,0,3,1,0.375,0.125,1.6875,0.0972972972972973,0.4864864864864865,0.1945945945945946,0.47368421052631576,0.18947368421052632,1.382278481012658,1.1117405063291141,11.670253164556962,0.9822784810126581,0.873740506329114,3.053164556962025,4.0,1,0,0,0,0,0.0,0,0,0.0018226612561831335,0.0025847927707863495,0.0015121391887494594
2026-M080-ENG-COD,80,2026-07-01,Round of 32,COD_edo_kayembe,Edo KAYEMBE,COD,Congo DR,ENG,MF,0,3,2,0.625,0.625,1.9249999999999998,0.05504587155963303,0.8256880733944955,0.38532110091743116,0.9493670886075949,0.45569620253164556,1.382278481012658,1.1117405063291141,11.670253164556962,0.9822784810126581,0.873740506329114,3.053164556962025,4.0,1,0,0,0,1,14.0,0,0,0.0011766772024183192,0.004918095493611468,0.002933607521142099
2026-M080-ENG-COD,80,2026-07-01,Round of 32,ENG_jordan_pickford,Jordan PICKFORD,ENG,England,COD,GK,1,3,3,0.875,0.875,90.0,0.04,0.2,0.08,0.125,0.05,1.7822784810126582,1.8417405063291141,16.47025316455696,1.182278481012658,0.9577405063291142,3.8531645569620254,4.0,1,0,0,0,1,90.0,0,0,0.03921056084767682,0.003686631094899309,0.010911421769107645
2026-M080-ENG-COD,80,2026-07-01,Round of 32,ENG_ezri_konsa,Ezri KONSA,ENG,England,COD,DF,1,3,3,0.875,0.875,90.0,0.04,0.6,0.27999999999999997,0.625,0.3,1.7822784810126582,1.8417405063291141,16.47025316455696,1.182278481012658,0.9577405063291142,3.8531645569620254,4.0,1,0,0,0,1,90.0,0,0,0.03921056084767682,0.011185556522066856,0.02051296115284662
2026-M080-ENG-COD,80,2026-07-01,Round of 32,ENG_nico_oreilly,Nico OREILLY,ENG,England,COD,DF,1,3,3,0.875,0.625,90.0,0.046875,1.40625,0.32812499999999994,1.683673469387755,0.3673469387755102,1.7822784810126582,1.8417405063291141,16.47025316455696,1.182278481012658,0.9577405063291142,3.8531645569620254,4.0,1,0,0,0,1,90.0,1,0,0.04579333403081165,0.018979922473544276,0.045356674454458346
2026-M080-ENG-COD,80,2026-07-01,Round of 32,ENG_declan_rice,Declan RICE,ENG,England,COD,MF,1,3,2,0.625,0.625,81.0,0.05263157894736842,1.3157894736842106,0.3684210526315789,1.6071428571428572,0.42857142857142855,1.7822784810126582,1.8417405063291141,16.47025316455696,1.182278481012658,0.9577405063291142,3.8531645569620254,4.0,1,0,0,0,1,90.0,0,0,0.046264043549819056,0.03901287670924467,0.08021537134337713
2026-M080-ENG-COD,80,2026-07-01,Round of 32,ENG_marc_guehi,Marc GUEHI,ENG,England,COD,DF,1,3,3,0.875,0.625,90.0,0.049586776859504134,0.49586776859504134,0.09917355371900827,0.4945054945054945,0.06593406593406594,1.7822784810126582,1.8417405063291141,16.47025316455696,1.182278481012658,0.9577405063291142,3.8531645569620254,4.0,1,0,0,0,1,90.0,0,0,0.04837742426516223,0.012932732293181601,0.015844456465989934
2026-M080-ENG-COD,80,2026-07-01,Round of 32,ENG_elliot_anderson,Elliot ANDERSON,ENG,England,COD,MF,1,3,3,0.875,0.875,82.66666666666667,0.04205607476635514,1.47196261682243,0.29439252336448596,1.7307692307692308,0.31952662721893493,1.7822784810126582,1.8417405063291141,16.47025316455696,1.182278481012658,0.9577405063291142,3.8531645569620254,4.0,1,0,0,0,1,90.0,1,0,0.037892687891160626,0.03786991427919958,0.07055734730011051
2026-M080-ENG-COD,80,2026-07-01,Round of 32,ENG_harry_kane,Harry KANE,ENG,England,COD,FW,1,3,3,0.875,0.875,88.0,0.6486486486486487,2.8378378378378377,1.2972972972972974,3.4322033898305087,1.576271186440678,1.7822784810126582,1.8417405063291141,16.47025316455696,1.182278481012658,0.9577405063291142,3.8531645569620254,4.0,1,1,1,2,1,90.0,5,3,0.4696585498113999,0.36216176143470113,0.28618388559466856
2026-M080-ENG-COD,80,2026-07-01,Round of 32,ENG_jude_bellingham,Jude BELLINGHAM,ENG,England,COD,MF,1,3,3,0.875,0.875,75.0,0.488888888888889,1.5555555555555556,0.7555555555555555,1.8571428571428572,0.9142857142857143,1.7822784810126582,1.8417405063291141,16.47025316455696,1.182278481012658,0.9577405063291142,3.8531645569620254,4.0,1,0,0,0,1,90.0,3,3,0.3346269428377304,0.0922448341521292,0.12240131682076165
2026-M080-ENG-COD,80,2026-07-01,Round of 32,ENG_marcus_rashford,Marcus RASHFORD,ENG,England,COD,FW,1,3,3,0.875,0.375,90.0,0.36610169491525424,2.135593220338983,0.7322033898305085,2.8536585365853657,0.9658536585365856,1.7822784810126582,1.8417405063291141,16.47025316455696,1.182278481012658,0.9577405063291142,3.8531645569620254,4.0,1,0,0,0,1,61.0,3,1,0.3065677209129104,0.2127690482991354,0.1692813111474834
2026-M080-ENG-COD,80,2026-07-01,Round of 32,ENG_noni_madueke,Noni MADUEKE,ENG,England,COD,FW,1,3,3,0.875,0.625,77.5,0.049723756906077346,1.2430939226519337,0.3480662983425414,1.4889705882352942,0.39705882352941174,1.7822784810126582,1.8417405063291141,16.47025316455696,1.182278481012658,0.9577405063291142,3.8531645569620254,4.0,1,0,0,0,1,61.0,2,0,0.041913947183135014,0.07364618053185705,0.1314740560960992
2026-M080-ENG-COD,80,2026-07-01,Round of 32,ENG_djed_spence,Djed SPENCE,ENG,England,COD,DF,1,3,3,0.875,0.375,66.0,0.0636042402826855,0.6360424028268551,0.44522968197879853,0.6994818652849741,0.5595854922279793,1.7822784810126582,1.8417405063291141,16.47025316455696,1.182278481012658,0.9577405063291142,3.8531645569620254,4.0,1,0,0,0,1,70.0,0,0,0.045572036951362915,0.014175699488069874,0.03746640038607206
2026-M080-ENG-COD,80,2026-07-01,Round of 32,ENG_dean_henderson,Dean HENDERSON,ENG,England,COD,GK,0,3,0,0.125,0.125,1.9249999999999998,0.1,0.5,0.2,0.5,0.2,1.7822784810126582,1.8417405063291141,16.47025316455696,1.182278481012658,0.9577405063291142,3.8531645569620254,4.0,1,0,0,0,0,0.0,0,0,0.00213660309602548,0.0009034245906311866,0.0014422827499007379
2026-M080-ENG-COD,80,2026-07-01,Round of 32,ENG_james_trafford,James TRAFFORD,ENG,England,COD,GK,0,3,0,0.125,0.125,1.9249999999999998,0.1,0.5,0.2,0.5,0.2,1.7822784810126582,1.8417405063291141,16.47025316455696,1.182278481012658,0.9577405063291142,3.8531645569620254,4.0,1,0,0,0,0,0.0,0,0,0.00213660309602548,0.0009034245906311866,0.0014422827499007379
2026-M080-ENG-COD,80,2026-07-01,Round of 32,ENG_john_stones,John STONES,ENG,England,COD,DF,0,3,1,0.375,0.375,1.9249999999999998,0.06741573033707865,0.33707865168539325,0.1348314606741573,0.2542372881355932,0.1016949152542373,1.7822784810126582,1.8417405063291141,16.47025316455696,1.182278481012658,0.9577405063291142,3.8531645569620254,4.0,1,0,0,0,1,0.0,0,0,0.0014409084586580745,0.0017832943766323348,0.0011537748225474707
2026-M080-ENG-COD,80,2026-07-01,Round of 32,ENG_bukayo_saka,Bukayo SAKA,ENG,England,COD,FW,0,3,3,0.875,0.375,12.63125,0.06293706293706294,1.8881118881118881,0.4405594405594405,2.5255102040816326,0.5510204081632653,1.7822784810126582,1.8417405063291141,16.47025316455696,1.182278481012658,0.9577405063291142,3.8531645569620254,4.0,1,0,0,0,1,29.0,0,0,0.008794145252587149,0.017482740813812323,0.07673800037778003
2026-M080-ENG-COD,80,2026-07-01,Round of 32,ENG_trevoh_chalobah,Trevoh CHALOBAH,ENG,England,COD,DF,0,3,0,0.125,0.125,1.9249999999999998,0.1,0.5,0.2,0.5,0.2,1.7822784810126582,1.8417405063291141,16.47025316455696,1.182278481012658,0.9577405063291142,3.8531645569620254,4.0,1,0,0,0,0,0.0,0,0,0.00213660309602548,0.0022764825611491413,0.0012304999289989968
2026-M080-ENG-COD,80,2026-07-01,Round of 32,ENG_jordan_henderson,Jordan HENDERSON,ENG,England,COD,MF,0,3,1,0.375,0.125,2.0250000000000004,0.0967741935483871,0.4838709677419355,0.1935483870967742,0.46875,0.1875,1.7822784810126582,1.8417405063291141,16.47025316455696,1.182278481012658,0.9577405063291142,3.8531645569620254,4.0,1,0,0,0,0,0.0,0,0,0.0021750504969595408,0.00590706842645548,0.002281064476088268
2026-M080-ENG-COD,80,2026-07-01,Round of 32,ENG_dan_burn,Dan BURN,ENG,England,COD,DF,0,3,0,0.125,0.125,1.9249999999999998,0.1,0.5,0.2,0.5,0.2,1.7822784810126582,1.8417405063291141,16.47025316455696,1.182278481012658,0.9577405063291142,3.8531645569620254,4.0,1,0,0,0,0,0.0,0,0,0.00213660309602548,0.0022764825611491413,0.0012304999289989968
2026-M080-ENG-COD,80,2026-07-01,Round of 32,ENG_kobbie_mainoo,Kobbie MAINOO,ENG,England,COD,MF,0,3,0,0.125,0.125,1.9249999999999998,0.1,0.5,0.2,0.5,0.2,1.7822784810126582,1.8417405063291141,16.47025316455696,1.182278481012658,0.9577405063291142,3.8531645569620254,4.0,1,0,0,0,0,0.0,0,0,0.00213660309602548,0.005616858059076842,0.0024645608247026427
2026-M080-ENG-COD,80,2026-07-01,Round of 32,ENG_morgan_rogers,Morgan ROGERS,ENG,England,COD,MF,0,3,3,0.875,0.375,9.9875,0.05921052631578947,0.29605263157894735,0.11842105263157894,0.2102803738317757,0.08411214953271028,1.7822784810126582,1.8417405063291141,16.47025316455696,1.182278481012658,0.9577405063291142,3.8531645569620254,4.0,1,0,0,0,0,0.0,0,0,0.006549183682963533,0.0050106415157717375,0.0032051771837902114
2026-M080-ENG-COD,80,2026-07-01,Round of 32,ENG_anthony_gordon,Anthony GORDON,ENG,England,COD,FW,0,3,2,0.625,0.625,1.9249999999999998,0.056782334384858045,1.135646687697161,0.6813880126182965,1.3876651982378854,0.8722466960352424,1.7822784810126582,1.8417405063291141,16.47025316455696,1.182278481012658,0.9577405063291142,3.8531645569620254,4.0,1,0,0,0,1,29.0,1,0,0.0012137738209592186,0.009922565997432617,0.023161162481504613
2026-M080-ENG-COD,80,2026-07-01,Round of 32,ENG_ollie_watkins,Ollie WATKINS,ENG,England,COD,FW,0,3,1,0.375,0.125,2.0250000000000004,0.0967741935483871,0.4838709677419355,0.1935483870967742,0.46875,0.1875,1.7822784810126582,1.8417405063291141,16.47025316455696,1.182278481012658,0.9577405063291142,3.8531645569620254,4.0,1,0,0,0,0,0.0,0,0,0.0021750504969595408,0.011412039825777112,0.010136751372567523
2026-M080-ENG-COD,80,2026-07-01,Round of 32,ENG_eberechi_eze,Eberechi EZE,ENG,England,COD,MF,0,3,2,0.625,0.125,10.28125,0.08372093023255814,0.8372093023255814,0.16744186046511628,1.08,0.144,1.7822784810126582,1.8417405063291141,16.47025316455696,1.182278481012658,0.9577405063291142,3.8531645569620254,4.0,1,0,0,0,1,20.0,0,0,0.009518364338470864,0.0070408588587629614,0.0025872919329645153
2026-M080-ENG-COD,80,2026-07-01,Round of 32,ENG_ivan_toney,Ivan TONEY,ENG,England,COD,FW,0,3,0,0.125,0.125,1.9249999999999998,0.1,0.5,0.2,0.5,0.2,1.7822784810126582,1.8417405063291141,16.47025316455696,1.182278481012658,0.9577405063291142,3.8531645569620254,4.0,1,0,0,0,0,0.0,0,0,0.00213660309602548,0.010854326909664563,0.01048089619224814
2026-M080-ENG-COD,80,2026-07-01,Round of 32,ENG_reece_james,Reece JAMES,ENG,England,COD,DF,0,3,2,0.625,0.625,1.9249999999999998,0.05,0.5,0.1,0.5,0.06666666666666667,1.7822784810126582,1.8417405063291141,16.47025316455696,1.182278481012658,0.9577405063291142,3.8531645569620254,4.0,1,0,0,0,0,0.0,0,0,0.0010688727925360908,0.001598249937820861,0.0011848256636836612
2026-M080-ENG-COD,80,2026-07-01,Round of 32,ENG_jarell_quansah,Jarell QUANSAH,ENG,England,COD,DF,0,3,1,0.375,0.375,1.9249999999999998,0.07407407407407407,0.37037037037037035,0.14814814814814814,0.29411764705882354,0.11764705882352941,1.7822784810126582,1.8417405063291141,16.47025316455696,1.182278481012658,0.9577405063291142,3.8531645569620254,4.0,1,0,0,0,0,0.0,0,0,0.0015831077008052752,0.0018393068447990109,0.0011537748225474707
2026-M081-USA-BIH,81,2026-07-01,Round of 32,BIH_nikola_vasilj,Nikola VASILJ,BIH,Bosnia and Herzegovina,USA,GK,1,3,3,0.875,0.875,90.0,0.04,0.2,0.08,0.125,0.05,1.5825,0.8634937500000002,10.266875,1.3824999999999998,1.02149375,2.6550000000000002,7.0,1,0,0,0,1,90.0,0,0,0.03921056084767682,0.005538557888355775,0.016891155745394522
2026-M081-USA-BIH,81,2026-07-01,Round of 32,BIH_tarik_muharemovic,Tarik MUHAREMOVIC,BIH,Bosnia and Herzegovina,USA,DF,1,2,2,0.8333333333333334,0.8333333333333334,90.0,0.05,0.5,0.1,0.5,0.06666666666666667,1.5825,0.8634937500000002,10.266875,1.3824999999999998,1.02149375,2.6550000000000002,13.0,1,0,0,0,1,90.0,0,0,0.048770575499285984,0.018598078262689156,0.016641156011431034
2026-M081-USA-BIH,81,2026-07-01,Round of 32,BIH_sead_kolasinac,Sead KOLASINAC,BIH,Bosnia and Herzegovina,USA,DF,1,3,3,0.875,0.875,88.0,0.04054054054054054,0.20270270270270271,0.08108108108108109,0.1271186440677966,0.05084745762711865,1.5825,0.8634937500000002,10.266875,1.3824999999999998,1.02149375,2.6550000000000002,7.0,1,0,0,0,1,75.0,0,0,0.03886426802779819,0.013700754524813268,0.013998922365337837
2026-M081-USA-BIH,81,2026-07-01,Round of 32,BIH_amar_dedic,Amar DEDIC,BIH,Bosnia and Herzegovina,USA,DF,1,3,2,0.625,0.625,90.0,0.05,0.5,0.35,0.5,0.4,1.5825,0.8634937500000002,10.266875,1.3824999999999998,1.02149375,2.6550000000000002,7.0,1,0,0,0,1,90.0,1,0,0.048770575499285984,0.019354199454449852,0.022499994626642282
2026-M081-USA-BIH,81,2026-07-01,Round of 32,BIH_armin_gigovic,Armin GIGOVIC,BIH,Bosnia and Herzegovina,USA,MF,1,3,1,0.375,0.125,80.0,0.08653846153846154,0.4326923076923077,0.17307692307692307,0.3813559322033898,0.15254237288135594,1.5825,0.8634937500000002,10.266875,1.3824999999999998,1.02149375,2.6550000000000002,7.0,1,0,0,0,1,51.0,0,0,0.07403892135768397,0.06439293205194956,0.09310841803160412
2026-M081-USA-BIH,81,2026-07-01,Round of 32,BIH_ermedin_demirovic,Ermedin DEMIROVIC,BIH,Bosnia and Herzegovina,USA,FW,1,3,3,0.875,0.875,88.33333333333333,0.04044943820224719,0.6067415730337079,0.4853932584269663,0.6338028169014085,0.5577464788732395,1.5825,0.8634937500000002,10.266875,1.3824999999999998,1.02149375,2.6550000000000002,7.0,1,0,0,0,1,90.0,2,2,0.038922640730217006,0.0767794991410534,0.13227134966919327
2026-M081-USA-BIH,81,2026-07-01,Round of 32,BIH_edin_dzeko,Edin DZEKO,BIH,Bosnia and Herzegovina,USA,FW,1,3,2,0.625,0.625,64.0,0.05844155844155844,1.1688311688311688,0.11688311688311688,1.444954128440367,0.08256880733944955,1.5825,0.8634937500000002,10.266875,1.3824999999999998,1.02149375,2.6550000000000002,7.0,1,0,0,0,1,51.0,0,0,0.04070672889051841,0.09953733012384193,0.1405769666855263
2026-M081-USA-BIH,81,2026-07-01,Round of 32,BIH_ivan_sunjic,Ivan SUNJIC,BIH,Bosnia and Herzegovina,USA,MF,1,3,3,0.875,0.625,65.0,0.05521472392638037,0.5521472392638037,0.3865030674846625,0.5720338983050848,0.4576271186440678,1.5825,0.8634937500000002,10.266875,1.3824999999999998,1.02149375,2.6550000000000002,7.0,1,0,0,0,1,51.0,0,0,0.039092665340228816,0.04087366144170351,0.055771747608532214
2026-M081-USA-BIH,81,2026-07-01,Round of 32,BIH_nikola_katic,Nikola KATIC,BIH,Bosnia and Herzegovina,USA,DF,1,3,3,0.875,0.875,81.33333333333333,0.04245283018867924,0.42452830188679247,0.08490566037735849,0.4041916167664671,0.05389221556886228,1.5825,0.8634937500000002,10.266875,1.3824999999999998,1.02149375,2.6550000000000002,7.0,1,0,0,0,1,75.0,1,0,0.037638173370681205,0.014715826166545229,0.01832877490238916
2026-M081-USA-BIH,81,2026-07-01,Round of 32,BIH_kerim_alajbegovic,Kerim ALAJBEGOVIC,BIH,Bosnia and Herzegovina,USA,FW,1,3,3,0.875,0.625,86.0,0.29347826086956524,0.7336956521739131,0.34239130434782605,0.8093525179856115,0.38848920863309355,1.5825,0.8634937500000002,10.266875,1.3824999999999998,1.02149375,2.6550000000000002,7.0,1,0,0,0,1,90.0,2,0,0.24454478874621,0.14959756501695573,0.1559885993013303
2026-M081-USA-BIH,81,2026-07-01,Round of 32,BIH_stjepan_radeljic,Stjepan RADELJIC,BIH,Bosnia and Herzegovina,USA,DF,1,3,1,0.375,0.375,90.0,0.06666666666666667,0.6666666666666666,0.13333333333333333,0.75,0.1,1.5825,0.8634937500000002,10.266875,1.3824999999999998,1.02149375,2.6550000000000002,7.0,1,0,0,0,1,90.0,0,0,0.06449301496838222,0.025512504374364253,0.02072077161793444
2026-M081-USA-BIH,81,2026-07-01,Round of 32,BIH_mladen_jurkas,Mladen JURKAS,BIH,Bosnia and Herzegovina,USA,GK,0,3,0,0.125,0.125,1.9249999999999998,0.1,0.5,0.2,0.5,0.2,1.5825,0.8634937500000002,10.266875,1.3824999999999998,1.02149375,2.6550000000000002,7.0,1,0,0,0,0,0.0,0,0,0.00213660309602548,0.001574565966447832,0.004511193236682863
2026-M081-USA-BIH,81,2026-07-01,Round of 32,BIH_martin_zlomislic,Martin ZLOMISLIC,BIH,Bosnia and Herzegovina,USA,GK,0,3,0,0.125,0.125,1.9249999999999998,0.1,0.5,0.2,0.5,0.2,1.5825,0.8634937500000002,10.266875,1.3824999999999998,1.02149375,2.6550000000000002,7.0,1,0,0,0,0,0.0,0,0,0.00213660309602548,0.001574565966447832,0.004511193236682863
2026-M081-USA-BIH,81,2026-07-01,Round of 32,BIH_nihad_mujakic,Nihad MUJAKIC,BIH,Bosnia and Herzegovina,USA,DF,0,3,0,0.125,0.125,1.9249999999999998,0.1,0.5,0.2,0.5,0.2,1.5825,0.8634937500000002,10.266875,1.3824999999999998,1.02149375,2.6550000000000002,7.0,1,0,0,0,0,0.0,0,0,0.00213660309602548,0.003956223482503124,0.004223361917976265
2026-M081-USA-BIH,81,2026-07-01,Round of 32,BIH_dennis_hadzikadunic,Dennis HADZIKADUNIC,BIH,Bosnia and Herzegovina,USA,DF,0,3,1,0.375,0.125,8.775,0.08737864077669903,0.4368932038834951,0.17475728155339806,0.3879310344827586,0.15517241379310345,1.5825,0.8634937500000002,10.266875,1.3824999999999998,1.02149375,2.6550000000000002,7.0,1,0,0,0,0,0.0,0,0,0.008483230076768433,0.003983557390458437,0.004037231238783565
2026-M081-USA-BIH,81,2026-07-01,Round of 32,BIH_benjamin_tahirovic,Benjamin TAHIROVIC,BIH,Bosnia and Herzegovina,USA,MF,0,3,3,0.875,0.625,15.187500000000002,0.047619047619047616,0.47619047619047616,0.09523809523809523,0.46875,0.0625,1.5825,0.8634937500000002,10.266875,1.3824999999999998,1.02149375,2.6550000000000002,7.0,1,0,0,0,1,39.0,0,0,0.008003514241517684,0.006684518301171774,0.009384869875619137
2026-M081-USA-BIH,81,2026-07-01,Round of 32,BIH_samed_bazdar,Samed BAZDAR,BIH,Bosnia and Herzegovina,USA,FW,0,3,1,0.375,0.125,9.450000000000001,0.08653846153846154,0.4326923076923077,0.17307692307692307,0.3813559322033898,0.15254237288135594,1.5825,0.8634937500000002,10.266875,1.3824999999999998,1.02149375,2.6550000000000002,7.0,1,0,0,0,0,0.0,0,0,0.009045380626021116,0.019029291973422024,0.020191324721497143
2026-M081-USA-BIH,81,2026-07-01,Round of 32,BIH_ivan_basic,Ivan BASIC,BIH,Bosnia and Herzegovina,USA,MF,0,3,3,0.875,0.625,9.1125,0.05013927576601671,1.2534818941504178,0.10027855153203342,1.5055762081784387,0.06691449814126393,1.5825,0.8634937500000002,10.266875,1.3824999999999998,1.02149375,2.6550000000000002,7.0,1,0,0,0,0,0.0,0,0,0.005063737506996846,0.009255106211075267,0.034213868061091765
2026-M081-USA-BIH,81,2026-07-01,Round of 32,BIH_amar_memic,Amar MEMIC,BIH,Bosnia and Herzegovina,USA,MF,0,3,3,0.875,0.625,15.187500000000002,0.04627249357326478,0.6940874035989717,0.32390745501285345,0.7525083612040134,0.3612040133779264,1.5825,0.8634937500000002,10.266875,1.3824999999999998,1.02149375,2.6550000000000002,7.0,1,0,0,0,1,15.0,1,0,0.007778076280522073,0.007380172973801656,0.01010564832945403
2026-M081-USA-BIH,81,2026-07-01,Round of 32,BIH_amir_hadziahmetovic,Amir HADZIAHMETOVIC,BIH,Bosnia and Herzegovina,USA,MF,0,3,1,0.375,0.125,1.6875,0.0972972972972973,0.4864864864864865,0.1945945945945946,0.47368421052631576,0.18947368421052632,1.5825,0.8634937500000002,10.266875,1.3824999999999998,1.02149375,2.6550000000000002,7.0,1,0,0,0,0,0.0,0,0,0.0018226612561831335,0.009637078526588617,0.004804103018506125
2026-M081-USA-BIH,81,2026-07-01,Round of 32,BIH_dzenis_burnic,Dzenis BURNIC,BIH,Bosnia and Herzegovina,USA,MF,0,3,2,0.625,0.125,4.1125,0.09278350515463918,0.9278350515463918,0.18556701030927836,1.2980769230769231,0.17307692307692307,1.5825,0.8634937500000002,10.266875,1.3824999999999998,1.02149375,2.6550000000000002,7.0,1,0,0,0,0,0.0,0,0,0.004230715920881645,0.010801764458064045,0.004680325579128361
2026-M081-USA-BIH,81,2026-07-01,Round of 32,BIH_esmir_bajraktarevic,Esmir BAJRAKTAREVIC,BIH,Bosnia and Herzegovina,USA,FW,0,3,3,0.875,0.625,8.775,0.04864864864864865,0.7297297297297297,0.3405405405405405,0.8035714285714286,0.38571428571428573,1.5825,0.8634937500000002,10.266875,1.3824999999999998,1.02149375,2.6550000000000002,7.0,1,0,0,0,1,39.0,1,1,0.0047320118298032066,0.014049517155830785,0.023227895974797047
2026-M081-USA-BIH,81,2026-07-01,Round of 32,BIH_haris_tabakovic,Haris TABAKOVIC,BIH,Bosnia and Herzegovina,USA,FW,0,3,0,0.125,0.125,1.9249999999999998,0.1,0.5,0.2,0.5,0.2,1.5825,0.8634937500000002,10.266875,1.3824999999999998,1.02149375,2.6550000000000002,7.0,1,0,0,0,1,15.0,0,0,0.00213660309602548,0.018876570310035277,0.02298664330980845
2026-M081-USA-BIH,81,2026-07-01,Round of 32,BIH_arjan_malic,Arjan MALIC,BIH,Bosnia and Herzegovina,USA,DF,0,3,1,0.375,0.375,1.9249999999999998,0.08,0.4,0.16,0.3333333333333333,0.13333333333333333,1.5825,0.8634937500000002,10.266875,1.3824999999999998,1.02149375,2.6550000000000002,7.0,1,0,0,0,0,0.0,0,0,0.0017096479951308474,0.0031208905430396,0.0032953577644496495
2026-M081-USA-BIH,81,2026-07-01,Round of 32,BIH_jovo_lukic,Jovo LUKIC,BIH,Bosnia and Herzegovina,USA,FW,0,3,2,0.625,0.375,1.6875,0.43724696356275305,1.45748987854251,0.8744939271255061,2.0063694267515926,1.2611464968152868,1.5825,0.8634937500000002,10.266875,1.3824999999999998,1.02149375,2.6550000000000002,7.0,1,0,0,0,0,0.0,0,0,0.008164865497147566,0.04122680897086144,0.10133254683653303
2026-M081-USA-BIH,81,2026-07-01,Round of 32,BIH_ermin_mahmic,Ermin MAHMIC,BIH,Bosnia and Herzegovina,USA,MF,0,3,2,0.625,0.125,7.6375,0.5242718446601942,1.3106796116504855,1.0485436893203883,1.9396551724137931,1.7068965517241381,1.5825,0.8634937500000002,10.266875,1.3824999999999998,1.02149375,2.6550000000000002,7.0,1,0,0,0,1,39.0,2,0,0.04351511369042582,0.025018062533667954,0.12047510150331187
2026-M081-USA-BIH,81,2026-07-01,Round of 32,USA_matt_freese,Matt FREESE,USA,USA,BIH,GK,1,3,2,0.625,0.625,90.0,0.05,0.25,0.1,0.16666666666666666,0.06666666666666667,2.1825,1.54549375,13.666875,1.7825,1.39949375,4.455,6.0,1,0,0,0,1,90.0,0,0,0.048770575499285984,0.006500387990931825,0.018942715074581572
2026-M081-USA-BIH,81,2026-07-01,Round of 32,USA_sergino_dest,Sergino DEST,USA,USA,BIH,DF,1,3,3,0.875,0.625,76.0,0.05202312138728324,1.0404624277456647,0.36416184971098264,1.23046875,0.421875,2.1825,1.54549375,13.666875,1.7825,1.39949375,4.455,6.0,1,0,0,0,1,88.0,0,0,0.04297966191557334,0.021119169612571705,0.04390855215220042
2026-M081-USA-BIH,81,2026-07-01,Round of 32,USA_chris_richards,Chris RICHARDS,USA,USA,BIH,DF,1,3,2,0.625,0.625,90.0,0.05,0.5,0.1,0.5,0.06666666666666667,2.1825,1.54549375,13.666875,1.7825,1.39949375,4.455,6.0,1,0,0,0,1,90.0,0,0,0.048770575499285984,0.018173327453286398,0.02663051317432074
2026-M081-USA-BIH,81,2026-07-01,Round of 32,USA_tyler_adams,Tyler ADAMS,USA,USA,BIH,MF,1,3,2,0.625,0.625,90.0,0.05,0.25,0.1,0.16666666666666666,0.06666666666666667,2.1825,1.54549375,13.666875,1.7825,1.39949375,4.455,6.0,1,0,0,0,1,90.0,0,0,0.048770575499285984,0.03909805032391607,0.057669476698587525
2026-M081-USA-BIH,81,2026-07-01,Round of 32,USA_antonee_robinson,Antonee ROBINSON,USA,USA,BIH,DF,1,3,2,0.625,0.625,85.0,0.05142857142857143,0.2571428571428571,0.10285714285714286,0.17307692307692307,0.06923076923076923,2.1825,1.54549375,13.666875,1.7825,1.39949375,4.455,6.0,1,0,0,0,1,90.0,0,0,0.047410705216782145,0.01582738063733824,0.018639116005816646
2026-M081-USA-BIH,81,2026-07-01,Round of 32,USA_weston_mckennie,Weston McKENNIE,USA,USA,BIH,MF,1,3,3,0.875,0.875,88.66666666666667,0.04035874439461883,1.210762331838565,0.2825112107623318,1.3904494382022472,0.30337078651685395,2.1825,1.54549375,13.666875,1.7825,1.39949375,4.455,6.0,1,0,0,0,1,90.0,0,0,0.03898074815029662,0.05062734939987725,0.07977013025063545
2026-M081-USA-BIH,81,2026-07-01,Round of 32,USA_christian_pulisic,Christian PULISIC,USA,USA,BIH,FW,1,3,2,0.625,0.375,45.0,0.07003891050583658,1.4007782101167314,0.8404669260700389,1.8862275449101797,1.1856287425149703,2.1825,1.54549375,13.666875,1.7825,1.39949375,4.455,6.0,1,0,0,0,1,88.0,1,0,0.034413369657283144,0.09650739645966175,0.1423961168009298
2026-M081-USA-BIH,81,2026-07-01,Round of 32,USA_tim_ream,Tim REAM,USA,USA,BIH,DF,1,3,2,0.625,0.625,90.0,0.05,0.25,0.1,0.16666666666666666,0.06666666666666667,2.1825,1.54549375,13.666875,1.7825,1.39949375,4.455,6.0,1,0,0,0,1,90.0,0,0,0.048770575499285984,0.016211767500853926,0.018218090177676192
2026-M081-USA-BIH,81,2026-07-01,Round of 32,USA_alex_freeman,Alex FREEMAN,USA,USA,BIH,DF,1,3,3,0.875,0.625,90.0,0.289544235924933,0.48257372654155495,0.3378016085790884,0.47703180212014135,0.38162544169611307,2.1825,1.54549375,13.666875,1.7825,1.39949375,4.455,6.0,1,0,0,0,1,90.0,1,0,0.2513953230418552,0.029755583669667313,0.06914871044080807
2026-M081-USA-BIH,81,2026-07-01,Round of 32,USA_malik_tillman,Malik TILLMAN,USA,USA,BIH,MF,1,3,3,0.875,0.625,86.0,0.05056179775280899,1.5168539325842696,0.6067415730337079,1.8609022556390977,0.7443609022556392,2.1825,1.54549375,13.666875,1.7825,1.39949375,4.455,6.0,1,1,1,1,1,90.0,2,1,0.0471660280731242,0.06591088866052311,0.09567638159939942
2026-M081-USA-BIH,81,2026-07-01,Round of 32,USA_folarin_balogun,Folarin BALOGUN,USA,USA,BIH,FW,1,3,2,0.625,0.625,81.0,0.5789473684210528,2.1052631578947367,0.8947368421052632,2.6785714285714284,1.1428571428571428,2.1825,1.54549375,13.666875,1.7825,1.39949375,4.455,6.0,1,1,1,1,1,90.0,4,1,0.406104933874207,0.3485681908628068,0.3345026304674788
2026-M081-USA-BIH,81,2026-07-01,Round of 32,USA_matt_turner,Matt TURNER,USA,USA,BIH,GK,0,3,1,0.375,0.375,1.9249999999999998,0.06666666666666667,0.3333333333333333,0.13333333333333333,0.25,0.1,2.1825,1.54549375,13.666875,1.7825,1.39949375,4.455,6.0,1,0,0,0,0,0.0,0,0,0.0014249097765947072,0.0010879964652234495,0.003895533745326654
2026-M081-USA-BIH,81,2026-07-01,Round of 32,USA_chris_brady,Chris BRADY,USA,USA,BIH,GK,0,3,0,0.125,0.125,1.9249999999999998,0.1,0.5,0.2,0.5,0.2,2.1825,1.54549375,13.666875,1.7825,1.39949375,4.455,6.0,1,0,0,0,0,0.0,0,0,0.00213660309602548,0.0014691153877462008,0.003927521617255798
2026-M081-USA-BIH,81,2026-07-01,Round of 32,USA_auston_trusty,Auston TRUSTY,USA,USA,BIH,DF,0,3,2,0.625,0.375,3.375,0.38571428571428573,1.2857142857142858,0.7714285714285715,1.6578947368421053,1.0421052631578949,2.1825,1.54549375,13.666875,1.7825,1.39949375,4.455,6.0,1,0,0,0,0,0.0,0,0,0.014360180474081052,0.007555255211843662,0.03855753535838193
2026-M081-USA-BIH,81,2026-07-01,Round of 32,USA_giovanni_reyna,Giovanni REYNA,USA,USA,BIH,MF,0,3,3,0.875,0.375,2.35,0.06818181818181818,1.0227272727272727,0.47727272727272724,1.293103448275862,0.6206896551724138,2.1825,1.54549375,13.666875,1.7825,1.39949375,4.455,6.0,1,0,0,0,1,0.0,0,0,0.0017787192308835742,0.00849635776371622,0.005641671412691631
2026-M081-USA-BIH,81,2026-07-01,Round of 32,USA_ricardo_pepi,Ricardo PEPI,USA,USA,BIH,FW,0,3,3,0.875,0.625,6.075,0.049723756906077346,1.4917127071823204,0.09944751381215469,1.8198529411764706,0.0661764705882353,2.1825,1.54549375,13.666875,1.7825,1.39949375,4.455,6.0,1,0,0,0,1,2.0,0,0,0.0033507273327767484,0.01838543784460925,0.07233998849608898
2026-M081-USA-BIH,81,2026-07-01,Round of 32,USA_brenden_aaronson,Brenden AARONSON,USA,USA,BIH,FW,0,3,1,0.375,0.375,1.9249999999999998,0.07003891050583658,1.4007782101167314,0.49027237354085595,1.8862275449101797,0.6467065868263473,2.1825,1.54549375,13.666875,1.7825,1.39949375,4.455,6.0,1,0,0,0,0,0.0,0,0,0.0014969329512078966,0.01885417255251023,0.061386352033502095
2026-M081-USA-BIH,81,2026-07-01,Round of 32,USA_miles_robinson,Miles ROBINSON,USA,USA,BIH,DF,0,3,1,0.375,0.375,1.9249999999999998,0.06666666666666667,0.6666666666666666,0.13333333333333333,0.75,0.1,2.1825,1.54549375,13.666875,1.7825,1.39949375,4.455,6.0,1,0,0,0,0,0.0,0,0,0.0014249097765947072,0.003119394311380982,0.00360338182126992
2026-M081-USA-BIH,81,2026-07-01,Round of 32,USA_sebastian_berhalter,Sebastian BERHALTER,USA,USA,BIH,MF,0,3,3,0.875,0.375,17.91875,0.32628398791540786,0.8157099697885196,0.38066465256797577,0.9336099585062241,0.44813278008298757,2.1825,1.54549375,13.666875,1.7825,1.39949375,4.455,6.0,1,0,0,0,1,2.0,0,0,0.06289714821030534,0.01571817125943851,0.02958641653329521
2026-M081-USA-BIH,81,2026-07-01,Round of 32,USA_cristian_roldan,Cristian ROLDAN,USA,USA,BIH,MF,0,3,0,0.125,0.125,1.9249999999999998,0.1,0.5,0.2,0.5,0.2,2.1825,1.54549375,13.666875,1.7825,1.39949375,4.455,6.0,1,0,0,0,0,0.0,0,0,0.00213660309602548,0.00906657653126409,0.004761075198478063
2026-M081-USA-BIH,81,2026-07-01,Round of 32,USA_max_arfsten,Max ARFSTEN,USA,USA,BIH,DF,0,3,0,0.125,0.125,1.9249999999999998,0.1,0.5,0.2,0.5,0.2,2.1825,1.54549375,13.666875,1.7825,1.39949375,4.455,6.0,1,0,0,0,0,0.0,0,0,0.00213660309602548,0.0036918602216995332,0.003773523312163641
2026-M081-USA-BIH,81,2026-07-01,Round of 32,USA_haji_wright,Haji WRIGHT,USA,USA,BIH,FW,0,3,1,0.375,0.125,0.0,0.1,0.5,0.2,0.5,0.2,2.1825,1.54549375,13.666875,1.7825,1.39949375,4.455,6.0,1,0,0,0,0,0.0,0,0,0.0,0.01742424685801285,0.03915999086742782
2026-M081-USA-BIH,81,2026-07-01,Round of 32,USA_timothy_weah,Timothy WEAH,USA,USA,BIH,FW,0,3,2,0.625,0.375,6.075,0.0703125,1.0546875,0.140625,1.355421686746988,0.10843373493975904,2.1825,1.54549375,13.666875,1.7825,1.39949375,4.455,6.0,1,0,0,0,0,0.0,0,0,0.004734848843884754,0.01781321627677144,0.027682953755998305
2026-M081-USA-BIH,81,2026-07-01,Round of 32,USA_mark_mckenzie,Mark McKENZIE,USA,USA,BIH,DF,0,3,1,0.375,0.375,1.9249999999999998,0.06666666666666667,0.3333333333333333,0.13333333333333333,0.25,0.1,2.1825,1.54549375,13.666875,1.7825,1.39949375,4.455,6.0,1,0,0,0,0,0.0,0,0,0.0014249097765947072,0.002735695102106633,0.003704116781851917
2026-M081-USA-BIH,81,2026-07-01,Round of 32,USA_joe_scally,Joe SCALLY,USA,USA,BIH,DF,0,3,2,0.625,0.375,3.375,0.06741573033707865,0.33707865168539325,0.1348314606741573,0.2542372881355932,0.1016949152542373,2.1825,1.54549375,13.666875,1.7825,1.39949375,4.455,6.0,1,0,0,0,0,0.0,0,0,0.0025248969596368687,0.0027734943837993175,0.003718110624561124
2026-M081-USA-BIH,81,2026-07-01,Round of 32,USA_alex_zendejas,Alex ZENDEJAS,USA,USA,BIH,FW,0,3,1,0.375,0.125,4.3875,0.09326424870466321,0.9326424870466321,0.18652849740932642,1.3106796116504855,0.17475728155339806,2.1825,1.54549375,13.666875,1.7825,1.39949375,4.455,6.0,1,0,0,0,0,0.0,0,0,0.004536311839286045,0.019627606139377567,0.021844521781067144
2026-M082-BEL-SEN,82,2026-07-01,Round of 32,BEL_thibaut_courtois,Thibaut COURTOIS,BEL,Belgium,SEN,GK,1,3,3,0.875,0.875,90.0,0.04,0.2,0.08,0.125,0.05,1.7802469135802468,1.8018456790123458,19.451234567901235,1.7802469135802468,1.1598456790123457,4.846913580246914,5.0,1,0,0,0,1,90.0,0,0,0.03921056084767682,0.0038730790360681664,0.013899334875850907
2026-M082-BEL-SEN,82,2026-07-01,Round of 32,BEL_arthur_theate,Arthur THEATE,BEL,Belgium,SEN,DF,1,3,2,0.625,0.375,90.0,0.0627177700348432,1.5679442508710801,0.4390243902439024,2.0558375634517767,0.5482233502538071,1.7802469135802468,1.8018456790123458,19.451234567901235,1.7802469135802468,1.1598456790123457,4.846913580246914,5.0,1,0,0,0,1,90.0,1,0,0.06079149092829916,0.026493363418140476,0.10869629494345645
2026-M082-BEL-SEN,82,2026-07-01,Round of 32,BEL_brandon_mechele,Brandon MECHELE,BEL,Belgium,SEN,DF,1,3,3,0.875,0.875,90.0,0.04,1.0,0.27999999999999997,1.125,0.3,1.7802469135802468,1.8018456790123458,19.451234567901235,1.7802469135802468,1.1598456790123457,4.846913580246914,5.0,1,0,0,0,1,90.0,1,0,0.03921056084767682,0.01495155355003319,0.031239330180076155
2026-M082-BEL-SEN,82,2026-07-01,Round of 32,BEL_maxim_de_cuyper,Maxim DE CUYPER,BEL,Belgium,SEN,DF,1,3,3,0.875,0.625,90.0,0.04568527918781726,1.8274111675126903,1.233502538071066,2.2203947368421053,1.5394736842105263,1.7802469135802468,1.8018456790123458,19.451234567901235,1.7802469135802468,1.1598456790123457,4.846913580246914,5.0,1,0,0,0,1,78.0,2,1,0.04465741892424757,0.02737350625437169,0.25997204817681613
2026-M082-BEL-SEN,82,2026-07-01,Round of 32,BEL_kevin_de_bruyne,Kevin DE BRUYNE,BEL,Belgium,SEN,MF,1,3,3,0.875,0.875,81.66666666666667,0.2541176470588235,3.6,0.931764705882353,4.432835820895522,1.128358208955224,1.7802469135802468,1.8018456790123458,19.451234567901235,1.7802469135802468,1.1598456790123457,4.846913580246914,5.0,1,0,0,0,1,56.0,2,0,0.20593363276840937,0.18589592112240455,0.3046964918679566
2026-M082-BEL-SEN,82,2026-07-01,Round of 32,BEL_youri_tielemans,Youri TIELEMANS,BEL,Belgium,SEN,MF,1,3,3,0.875,0.875,88.33333333333333,0.04044943820224719,1.2134831460674158,0.2831460674157303,1.3943661971830985,0.30422535211267604,1.7802469135802468,1.8018456790123458,19.451234567901235,1.7802469135802468,1.1598456790123457,4.846913580246914,5.0,1,1,1,1,1,90.0,3,1,0.038922640730217006,0.04050405342826738,0.10867782460872294
2026-M082-BEL-SEN,82,2026-07-01,Round of 32,BEL_leandro_trossard,Leandro TROSSARD,BEL,Belgium,SEN,FW,1,3,3,0.875,0.875,84.0,0.4583333333333334,2.5,0.7083333333333334,3.026315789473684,0.8421052631578947,1.7802469135802468,1.8018456790123458,19.451234567901235,1.7802469135802468,1.1598456790123457,4.846913580246914,5.0,1,0,0,0,1,90.0,1,1,0.34804372212490053,0.27738693005021553,0.23097584680450023
2026-M082-BEL-SEN,82,2026-07-01,Round of 32,BEL_jeremy_doku,Jeremy DOKU,BEL,Belgium,SEN,FW,1,3,2,0.625,0.625,71.0,0.055900621118012424,1.1180124223602483,0.3913043478260869,1.3577586206896552,0.46551724137931033,1.7802469135802468,1.8018456790123458,19.451234567901235,1.7802469135802468,1.1598456790123457,4.846913580246914,5.0,1,0,0,0,1,56.0,0,0,0.0431411388160009,0.0739416832805095,0.1259574734517651
2026-M082-BEL-SEN,82,2026-07-01,Round of 32,BEL_charles_de_ketelaere,Charles DE KETELAERE,BEL,Belgium,SEN,FW,1,3,2,0.625,0.625,75.5,0.054380664652567974,0.5438066465256798,0.38066465256797577,0.5601659751037344,0.44813278008298757,1.7802469135802468,1.8018456790123458,19.451234567901235,1.7802469135802468,1.1598456790123457,4.846913580246914,5.0,1,0,0,0,1,45.0,0,0,0.04459441788832563,0.058900915440360725,0.12999921524124666
2026-M082-BEL-SEN,82,2026-07-01,Round of 32,BEL_hans_vanaken,Hans VANAKEN,BEL,Belgium,SEN,MF,1,3,3,0.875,0.375,90.0,0.058823529411764705,1.4705882352941178,0.11764705882352941,1.875,0.08333333333333333,1.7802469135802468,1.8018456790123458,19.451234567901235,1.7802469135802468,1.1598456790123457,4.846913580246914,5.0,1,0,0,0,1,63.0,0,0,0.05712685614512503,0.06374808257345799,0.15425500235474957
2026-M082-BEL-SEN,82,2026-07-01,Round of 32,BEL_timothy_castagne,Timothy CASTAGNE,BEL,Belgium,SEN,DF,1,3,3,0.875,0.625,73.0,0.05027932960893855,0.5027932960893855,0.1005586592178771,0.503731343283582,0.06716417910447761,1.7802469135802468,1.8018456790123458,19.451234567901235,1.7802469135802468,1.1598456790123457,4.846913580246914,5.0,1,0,0,0,1,90.0,1,0,0.039961722486293816,0.012391144149711885,0.022367614864884113
2026-M082-BEL-SEN,82,2026-07-01,Round of 32,BEL_senne_lammens,Senne LAMMENS,BEL,Belgium,SEN,GK,0,3,0,0.125,0.125,1.9249999999999998,0.1,0.5,0.2,0.5,0.2,1.7802469135802468,1.8018456790123458,19.451234567901235,1.7802469135802468,1.1598456790123457,4.846913580246914,5.0,1,0,0,0,0,0.0,0,0,0.00213660309602548,0.001098403752180851,0.008380731866387195
2026-M082-BEL-SEN,82,2026-07-01,Round of 32,BEL_mike_penders,Mike PENDERS,BEL,Belgium,SEN,GK,0,3,0,0.125,0.125,1.9249999999999998,0.1,0.5,0.2,0.5,0.2,1.7802469135802468,1.8018456790123458,19.451234567901235,1.7802469135802468,1.1598456790123457,4.846913580246914,5.0,1,0,0,0,0,0.0,0,0,0.00213660309602548,0.001098403752180851,0.008380731866387195
2026-M082-BEL-SEN,82,2026-07-01,Round of 32,BEL_zeno_debast,Zeno DEBAST,BEL,Belgium,SEN,DF,0,3,0,0.125,0.125,1.9249999999999998,0.1,0.5,0.2,0.5,0.2,1.7802469135802468,1.8018456790123458,19.451234567901235,1.7802469135802468,1.1598456790123457,4.846913580246914,5.0,1,0,0,0,0,0.0,0,0,0.00213660309602548,0.002755580784299444,0.008258103686508728
2026-M082-BEL-SEN,82,2026-07-01,Round of 32,BEL_axel_witsel,Axel WITSEL,BEL,Belgium,SEN,MF,0,3,0,0.125,0.125,1.9249999999999998,0.1,0.5,0.2,0.5,0.2,1.7802469135802468,1.8018456790123458,19.451234567901235,1.7802469135802468,1.1598456790123457,4.846913580246914,5.0,1,0,0,0,0,0.0,0,0,0.00213660309602548,0.0068813886018098454,0.008867747148505136
2026-M082-BEL-SEN,82,2026-07-01,Round of 32,BEL_romelu_lukaku,Romelu LUKAKU,BEL,Belgium,SEN,FW,0,3,3,0.875,0.375,8.51875,0.3829787234042553,1.5957446808510638,0.4468085106382978,2.109375,0.5625,1.7802469135802468,1.8018456790123458,19.451234567901235,1.7802469135802468,1.1598456790123457,4.846913580246914,5.0,1,1,1,1,1,45.0,1,1,0.03560083644775047,0.033153077466402246,0.06957903274143148
2026-M082-BEL-SEN,82,2026-07-01,Round of 32,BEL_dodi_lukebakio,Dodi LUKEBAKIO,BEL,Belgium,SEN,FW,0,3,1,0.375,0.125,10.8,0.08490566037735849,1.2735849056603774,0.5943396226415094,1.8442622950819672,0.8852459016393442,1.7802469135802468,1.8018456790123458,19.451234567901235,1.7802469135802468,1.1598456790123457,4.846913580246914,5.0,1,0,0,0,1,34.0,3,0,0.010136950484548102,0.015754561968397886,0.05170814502631267
2026-M082-BEL-SEN,82,2026-07-01,Round of 32,BEL_thomas_meunier,Thomas MEUNIER,BEL,Belgium,SEN,DF,0,3,2,0.625,0.625,1.9249999999999998,0.054878048780487805,0.5487804878048781,0.3841463414634146,0.5672268907563025,0.453781512605042,1.7802469135802468,1.8018456790123458,19.451234567901235,1.7802469135802468,1.1598456790123457,4.846913580246914,5.0,1,0,0,0,1,12.0,0,0,0.0011730918769404797,0.001799088941551003,0.007157689430641063
2026-M082-BEL-SEN,82,2026-07-01,Round of 32,BEL_koni_de_winter,Koni DE WINTER,BEL,Belgium,SEN,DF,0,3,0,0.125,0.125,1.9249999999999998,0.1,0.5,0.2,0.5,0.2,1.7802469135802468,1.8018456790123458,19.451234567901235,1.7802469135802468,1.1598456790123457,4.846913580246914,5.0,1,0,0,0,0,0.0,0,0,0.00213660309602548,0.002755580784299444,0.008258103686508728
2026-M082-BEL-SEN,82,2026-07-01,Round of 32,BEL_joaquin_seys,Joaquin SEYS,BEL,Belgium,SEN,DF,0,3,0,0.125,0.125,1.9249999999999998,0.1,0.5,0.2,0.5,0.2,1.7802469135802468,1.8018456790123458,19.451234567901235,1.7802469135802468,1.1598456790123457,4.846913580246914,5.0,1,0,0,0,0,0.0,0,0,0.00213660309602548,0.002755580784299444,0.008258103686508728
2026-M082-BEL-SEN,82,2026-07-01,Round of 32,BEL_diego_moreira,Diego MOREIRA,BEL,Belgium,SEN,MF,0,3,0,0.125,0.125,1.9249999999999998,0.1,0.5,0.2,0.5,0.2,1.7802469135802468,1.8018456790123458,19.451234567901235,1.7802469135802468,1.1598456790123457,4.846913580246914,5.0,1,0,0,0,1,27.0,0,0,0.00213660309602548,0.0068813886018098454,0.008867747148505136
2026-M082-BEL-SEN,82,2026-07-01,Round of 32,BEL_alexis_saelemaekers,Alexis SAELEMAEKERS,BEL,Belgium,SEN,MF,0,3,2,0.625,0.375,6.075,0.0703125,1.7578125,0.49218749999999994,2.4397590361445785,0.6506024096385542,1.7802469135802468,1.8018456790123458,19.451234567901235,1.7802469135802468,1.1598456790123457,4.846913580246914,5.0,1,0,0,0,0,0.0,0,0,0.004734848843884754,0.008998024156906636,0.049043131566437574
2026-M082-BEL-SEN,82,2026-07-01,Round of 32,BEL_nicolas_raskin,Nicolas RASKIN,BEL,Belgium,SEN,MF,0,3,3,0.875,0.375,11.45625,0.06498194945848375,0.3249097472924188,0.1299638989169675,0.24064171122994651,0.0962566844919786,1.7802469135802468,1.8018456790123458,19.451234567901235,1.7802469135802468,1.1598456790123457,4.846913580246914,5.0,1,0,0,0,1,34.0,0,0,0.008237544595146251,0.005429265145604973,0.009440697406542777
2026-M082-BEL-SEN,82,2026-07-01,Round of 32,BEL_amadou_onana,Amadou ONANA,BEL,Belgium,SEN,MF,0,3,2,0.625,0.375,6.075,0.07086614173228346,1.062992125984252,0.14173228346456693,1.3719512195121952,0.10975609756097561,1.7802469135802468,1.8018456790123458,19.451234567901235,1.7802469135802468,1.1598456790123457,4.846913580246914,5.0,1,0,0,0,1,0.0,0,0,0.004772042020670497,0.0071265323219436745,0.014018247491946993
2026-M082-BEL-SEN,82,2026-07-01,Round of 32,BEL_nathan_ngoy,Nathan NGOY,BEL,Belgium,SEN,DF,0,2,2,0.8333333333333334,0.8333333333333334,2.5666666666666664,0.05,0.5,0.1,0.5,0.06666666666666667,1.7802469135802468,1.8018456790123458,19.451234567901235,1.7802469135802468,1.1598456790123457,4.846913580246914,10.0,1,0,0,0,0,0.0,0,0,0.0014249097765947072,0.0016763061571278075,0.006921244776409955
2026-M082-BEL-SEN,82,2026-07-01,Round of 32,BEL_matias_fernandez_pardo,Matias FERNANDEZ-PARDO,BEL,Belgium,SEN,FW,0,3,3,0.875,0.125,11.445833333333333,0.08144796380090498,1.6289592760180995,0.16289592760180996,2.404580152671756,0.13740458015267176,1.7802469135802468,1.8018456790123458,19.451234567901235,1.7802469135802468,1.1598456790123457,4.846913580246914,5.0,1,0,0,0,0,0.0,0,0,0.010304758596473618,0.020255707877046853,0.06482408785027276
2026-M082-BEL-SEN,82,2026-07-01,Round of 32,SEN_mory_diaw,Mory DIAW,SEN,Senegal,BEL,GK,1,3,2,0.625,0.375,90.0,0.06060606060606061,0.30303030303030304,0.12121212121212122,0.21739130434782608,0.08695652173913043,2.180246913580247,1.5218456790123458,14.651234567901236,0.9802469135802468,0.7958456790123458,3.246913580246914,5.0,1,0,0,0,1,90.0,0,0,0.058806059875167516,0.004944779398771239,0.015241528578815142
2026-M082-BEL-SEN,82,2026-07-01,Round of 32,SEN_idrissa_gana_gueye,Idrissa Gana GUEYE,SEN,Senegal,BEL,MF,1,3,3,0.875,0.875,89.33333333333333,0.04017857142857143,0.8035714285714286,0.08035714285714286,0.8798882681564246,0.05027932960893855,2.180246913580247,1.5218456790123458,14.651234567901236,0.9802469135802468,0.7958456790123458,3.246913580246914,5.0,1,0,0,0,1,90.0,1,1,0.03909617434395429,0.02606258309395772,0.04377112328365073
2026-M082-BEL-SEN,82,2026-07-01,Round of 32,SEN_pathe_ciss,Pathe CISS,SEN,Senegal,BEL,MF,1,3,3,0.875,0.125,80.0,0.07468879668049792,0.7468879668049793,0.5228215767634854,0.8940397350993378,0.7152317880794702,2.180246913580247,1.5218456790123458,14.651234567901236,0.9802469135802468,0.7958456790123458,3.246913580246914,5.0,1,0,0,0,1,90.0,0,0,0.06423419439041433,0.03930781108925738,0.07935947632508049
2026-M082-BEL-SEN,82,2026-07-01,Round of 32,SEN_sadio_mane,Sadio MANE,SEN,Senegal,BEL,FW,1,3,3,0.875,0.875,90.0,0.04,1.2,0.48,1.375,0.55,2.180246913580247,1.5218456790123458,14.651234567901236,0.9802469135802468,0.7958456790123458,3.246913580246914,5.0,1,0,0,0,1,90.0,1,1,0.03921056084767682,0.06110808895983315,0.13267789171693292
2026-M082-BEL-SEN,82,2026-07-01,Round of 32,SEN_iliman_ndiaye,Iliman NDIAYE,SEN,Senegal,BEL,FW,1,3,2,0.625,0.125,80.0,0.4909090909090909,1.2272727272727273,0.9818181818181818,1.7307692307692308,1.5230769230769232,2.180246913580247,1.5218456790123458,14.651234567901236,0.9802469135802468,0.7958456790123458,3.246913580246914,5.0,1,0,0,0,1,73.0,1,0,0.35361736503667873,0.1630940985902432,0.302478099491991
2026-M082-BEL-SEN,82,2026-07-01,Round of 32,SEN_ismail_jakobs,Ismail JAKOBS,SEN,Senegal,BEL,DF,1,3,2,0.625,0.375,90.0,0.058823529411764705,0.5882352941176471,0.11764705882352941,0.625,0.08333333333333333,2.180246913580247,1.5218456790123458,14.651234567901236,0.9802469135802468,0.7958456790123458,3.246913580246914,5.0,1,0,0,0,1,90.0,0,0,0.05712685614512503,0.013974654692340731,0.015266856556010072
2026-M082-BEL-SEN,82,2026-07-01,Round of 32,SEN_krepin_diatta,Krepin DIATTA,SEN,Senegal,BEL,DF,1,3,3,0.875,0.875,90.0,0.04,0.4,0.08,0.375,0.05,2.180246913580247,1.5218456790123458,14.651234567901236,0.9802469135802468,0.7958456790123458,3.246913580246914,5.0,1,0,0,0,1,90.0,0,0,0.03921056084767682,0.008540573829166268,0.010550449043899996
2026-M082-BEL-SEN,82,2026-07-01,Round of 32,SEN_ismaila_sarr,Ismaila SARR,SEN,Senegal,BEL,FW,1,3,3,0.875,0.875,82.33333333333333,0.46370023419203754,2.740046838407494,1.1381733021077285,3.3382789317507418,1.3887240356083086,2.180246913580247,1.5218456790123458,14.651234567901236,0.9802469135802468,0.7958456790123458,3.246913580246914,5.0,1,1,1,1,1,90.0,4,1,0.34570688762643476,0.2577318832381565,0.37589786160725985
2026-M082-BEL-SEN,82,2026-07-01,Round of 32,SEN_moussa_niakhate,Moussa NIAKHATE,SEN,Senegal,BEL,DF,1,3,3,0.875,0.875,90.0,0.04,0.4,0.08,0.375,0.05,2.180246913580247,1.5218456790123458,14.651234567901236,0.9802469135802468,0.7958456790123458,3.246913580246914,5.0,1,0,0,0,1,90.0,0,0,0.03921056084767682,0.008540573829166268,0.010550449043899996
2026-M082-BEL-SEN,82,2026-07-01,Round of 32,SEN_habib_diarra,Habib DIARRA,SEN,Senegal,BEL,MF,1,3,2,0.625,0.375,57.0,0.4302788844621514,0.7171314741035857,0.14342629482071714,0.8385093167701864,0.11180124223602485,2.180246913580247,1.5218456790123458,14.651234567901236,0.9802469135802468,0.7958456790123458,3.246913580246914,5.0,1,1,1,1,1,73.0,2,1,0.2385341551837289,0.060913605602577345,0.0798404035204896
2026-M082-BEL-SEN,82,2026-07-01,Round of 32,SEN_pape_gueye,Pape GUEYE,SEN,Senegal,BEL,MF,1,3,3,0.875,0.625,68.5,0.5657142857142858,1.8,0.8742857142857143,2.25,1.1076923076923078,2.180246913580247,1.5218456790123458,14.651234567901236,0.9802469135802468,0.7958456790123458,3.246913580246914,5.0,1,0,0,0,1,66.0,2,0,0.3498625185740428,0.11885314651266783,0.1716389480171183
2026-M082-BEL-SEN,82,2026-07-01,Round of 32,SEN_yehvann_diouf,Yehvann DIOUF,SEN,Senegal,BEL,GK,0,3,0,0.125,0.125,1.9249999999999998,0.1,0.5,0.2,0.5,0.2,2.180246913580247,1.5218456790123458,14.651234567901236,0.9802469135802468,0.7958456790123458,3.246913580246914,5.0,1,0,0,0,0,0.0,0,0,0.00213660309602548,0.0008691802639163538,0.001127544913405309
2026-M082-BEL-SEN,82,2026-07-01,Round of 32,SEN_edouard_mendy,Edouard MENDY,SEN,Senegal,BEL,GK,0,3,2,0.625,0.625,1.9249999999999998,0.05405405405405406,0.2702702702702703,0.10810810810810811,0.18518518518518517,0.07407407407407407,2.180246913580247,1.5218456790123458,14.651234567901236,0.9802469135802468,0.7958456790123458,3.246913580246914,5.0,1,0,0,0,0,0.0,0,0,0.0011554880651247768,0.0004998416220456349,0.005572151020248617
2026-M082-BEL-SEN,82,2026-07-01,Round of 32,SEN_mamadou_sarr,Mamadou SARR,SEN,Senegal,BEL,DF,0,3,0,0.125,0.125,1.9249999999999998,0.1,0.5,0.2,0.5,0.2,2.180246913580247,1.5218456790123458,14.651234567901236,0.9802469135802468,0.7958456790123458,3.246913580246914,5.0,1,0,0,0,0,0.0,0,0,0.00213660309602548,0.0021812798155208322,0.0010091523380634142
2026-M082-BEL-SEN,82,2026-07-01,Round of 32,SEN_kalidou_koulibaly,Kalidou KOULIBALY,SEN,Senegal,BEL,DF,0,3,2,0.625,0.625,1.9249999999999998,0.05263157894736842,0.2631578947368421,0.10526315789473684,0.17857142857142858,0.07142857142857142,2.180246913580247,1.5218456790123458,14.651234567901236,0.9802469135802468,0.7958456790123458,3.246913580246914,5.0,1,0,0,0,0,0.0,0,0,0.001125097596717084,0.0012444130199643969,0.00479890466289409
2026-M082-BEL-SEN,82,2026-07-01,Round of 32,SEN_abdoulaye_seck,Abdoulaye SECK,SEN,Senegal,BEL,DF,0,3,1,0.375,0.375,1.9249999999999998,0.07563025210084033,1.134453781512605,0.15126050420168066,1.5202702702702702,0.12162162162162163,2.180246913580247,1.5218456790123458,14.651234567901236,0.9802469135802468,0.7958456790123458,3.246913580246914,5.0,1,0,0,0,0,0.0,0,0,0.0016163393730398434,0.0022303763430433087,0.008420322295540988
2026-M082-BEL-SEN,82,2026-07-01,Round of 32,SEN_assane_diao,Assane DIAO,SEN,Senegal,BEL,FW,0,3,1,0.375,0.125,3.0375,0.09523809523809523,0.47619047619047616,0.19047619047619047,0.45454545454545453,0.18181818181818182,2.180246913580247,1.5218456790123458,14.651234567901236,0.9802469135802468,0.7958456790123458,3.246913580246914,5.0,1,0,0,0,0,0.0,0,0,0.0032091254283176385,0.010456390383277116,0.009146635498766553
2026-M082-BEL-SEN,82,2026-07-01,Round of 32,SEN_lamine_camara,Lamine CAMARA,SEN,Senegal,BEL,MF,0,3,3,0.875,0.875,1.9249999999999998,0.047872340425531915,0.9574468085106383,0.09574468085106383,1.1013986013986015,0.06293706293706294,2.180246913580247,1.5218456790123458,14.651234567901236,0.9802469135802468,0.7958456790123458,3.246913580246914,5.0,1,0,0,0,1,24.0,0,0,0.001023412126450185,0.003669428246974989,0.0019043543926773642
2026-M082-BEL-SEN,82,2026-07-01,Round of 32,SEN_bamba_dieng,Bamba DIENG,SEN,Senegal,BEL,FW,0,3,1,0.375,0.125,2.3625000000000003,0.0962566844919786,0.48128342245989303,0.1925133689839572,0.4639175257731959,0.18556701030927836,2.180246913580247,1.5218456790123458,14.651234567901236,0.9802469135802468,0.7958456790123458,3.246913580246914,5.0,1,0,0,0,0,0.0,0,0,0.0025235484524573915,0.010436717550266914,0.010372550815064269
2026-M082-BEL-SEN,82,2026-07-01,Round of 32,SEN_nicolas_jackson,Nicolas JACKSON,SEN,Senegal,BEL,FW,0,3,3,0.875,0.625,11.137500000000001,0.046632124352331605,1.8652849740932642,0.7927461139896373,2.2804054054054053,0.972972972972973,2.180246913580247,1.5218456790123458,14.651234567901236,0.9802469135802468,0.7958456790123458,3.246913580246914,5.0,1,0,0,0,1,0.0,0,0,0.005754106735440523,0.014299221540044904,0.05297597438183787
2026-M082-BEL-SEN,82,2026-07-01,Round of 32,SEN_cherif_ndiaye,Cherif NDIAYE,SEN,Senegal,BEL,FW,0,3,0,0.125,0.125,1.9249999999999998,0.1,0.5,0.2,0.5,0.2,2.180246913580247,1.5218456790123458,14.651234567901236,0.9802469135802468,0.7958456790123458,3.246913580246914,5.0,1,0,0,0,0,0.0,0,0,0.00213660309602548,0.010445774855079148,0.010834819164767555
2026-M082-BEL-SEN,82,2026-07-01,Round of 32,SEN_pape_matar_sarr,Pape Matar SARR,SEN,Senegal,BEL,MF,0,3,1,0.375,0.125,6.075,0.09090909090909091,1.3636363636363635,0.18181818181818182,2.0833333333333335,0.16666666666666666,2.180246913580247,1.5218456790123458,14.651234567901236,0.9802469135802468,0.7958456790123458,3.246913580246914,5.0,1,0,0,0,1,17.0,0,0,0.006117574608771381,0.007042646323284719,0.015318974883239491
2026-M082-BEL-SEN,82,2026-07-01,Round of 32,SEN_ibrahim_mbaye,Ibrahim MBAYE,SEN,Senegal,BEL,FW,0,3,3,0.875,0.375,14.6875,0.0627177700348432,0.9407665505226481,0.4390243902439024,1.1421319796954315,0.5482233502538071,2.180246913580247,1.5218456790123458,14.651234567901236,0.9802469135802468,0.7958456790123458,3.246913580246914,5.0,1,0,0,0,1,17.0,1,0,0.010182990312358031,0.010705536467476365,0.038255747615100005
2026-M082-BEL-SEN,82,2026-07-01,Round of 32,SEN_bara_sapoko_ndiaye,Bara Sapoko NDIAYE,SEN,Senegal,BEL,MF,0,3,0,0.125,0.125,1.9249999999999998,0.1,0.5,0.2,0.5,0.2,2.180246913580247,1.5218456790123458,14.651234567901236,0.9802469135802468,0.7958456790123458,3.246913580246914,5.0,1,0,0,0,1,0.0,0,0,0.00213660309602548,0.005451913406575577,0.0015463589222374744
2026-M082-BEL-SEN,82,2026-07-01,Round of 32,SEN_antoine_mendy,Antoine MENDY,SEN,Senegal,BEL,DF,0,3,0,0.125,0.125,1.9249999999999998,0.1,0.5,0.2,0.5,0.2,2.180246913580247,1.5218456790123458,14.651234567901236,0.9802469135802468,0.7958456790123458,3.246913580246914,5.0,1,0,0,0,0,0.0,0,0,0.00213660309602548,0.0021812798155208322,0.0010091523380634142
2026-M082-BEL-SEN,82,2026-07-01,Round of 32,SEN_el_hadji_malick_diouf,El Hadji Malick DIOUF,SEN,Senegal,BEL,DF,0,3,2,0.625,0.625,1.9249999999999998,0.05555555555555555,0.2777777777777778,0.1111111111111111,0.19230769230769232,0.07692307692307693,2.180246913580247,1.5218456790123458,14.651234567901236,0.9802469135802468,0.7958456790123458,3.246913580246914,5.0,1,0,0,0,1,0.0,0,0,0.0011875658897895214,0.0012663436866662701,0.00479890466289409
2026-M083-POR-CRO,83,2026-07-02,Round of 32,CRO_dominik_livakovic,Dominik LIVAKOVIC,CRO,Croatia,POR,GK,1,3,3,0.875,0.875,90.0,0.04,0.2,0.08,0.125,0.05,1.582317073170732,0.9188292682926831,9.661585365853659,0.7823170731707317,1.060829268292683,3.8451219512195123,5.0,1,0,0,0,1,90.0,0,0,0.03921056084767682,0.0037635223765740255,0.018078314825416778
2026-M083-POR-CRO,83,2026-07-02,Round of 32,CRO_josip_stanisic,Josip STANISIC,CRO,Croatia,POR,DF,1,3,3,0.875,0.875,90.0,0.04,0.2,0.08,0.125,0.05,1.582317073170732,0.9188292682926831,9.661585365853659,0.7823170731707317,1.060829268292683,3.8451219512195123,5.0,1,0,0,0,1,90.0,0,0,0.03921056084767682,0.009674513776348119,0.016510527016209562
2026-M083-POR-CRO,83,2026-07-02,Round of 32,CRO_marin_pongracic,Marin PONGRACIC,CRO,Croatia,POR,DF,1,3,2,0.625,0.625,90.0,0.05,0.5,0.1,0.5,0.06666666666666667,1.582317073170732,0.9188292682926831,9.661585365853659,0.7823170731707317,1.060829268292683,3.8451219512195123,5.0,1,0,0,0,1,90.0,0,0,0.048770575499285984,0.013345061269297947,0.019425747767495536
2026-M083-POR-CRO,83,2026-07-02,Round of 32,CRO_josip_sutalo,Josip SUTALO,CRO,Croatia,POR,DF,1,3,3,0.875,0.875,90.0,0.04,0.4,0.08,0.375,0.05,1.582317073170732,0.9188292682926831,9.661585365853659,0.7823170731707317,1.060829268292683,3.8451219512195123,5.0,1,0,0,0,1,90.0,0,0,0.03921056084767682,0.010747120559550518,0.016467232001180086
2026-M083-POR-CRO,83,2026-07-02,Round of 32,CRO_mateo_kovacic,Mateo KOVACIC,CRO,Croatia,POR,MF,1,3,3,0.875,0.625,75.0,0.049723756906077346,0.7458563535911602,0.3480662983425414,0.8272058823529411,0.39705882352941174,1.582317073170732,0.9188292682926831,9.661585365853659,0.7823170731707317,1.060829268292683,3.8451219512195123,5.0,1,0,0,0,1,90.0,3,3,0.04058970958756425,0.03501031166245892,0.06180903231881589
2026-M083-POR-CRO,83,2026-07-02,Round of 32,CRO_luka_modric,Luka MODRIC,CRO,Croatia,POR,MF,1,3,3,0.875,0.875,76.33333333333333,0.044009779951100246,0.4400977995110024,0.08801955990220049,0.4231974921630094,0.05642633228840126,1.582317073170732,0.9188292682926831,9.661585365853659,0.7823170731707317,1.060829268292683,3.8451219512195123,5.0,1,0,0,0,1,90.0,0,0,0.03663875543434836,0.026297480047392727,0.054934057480562924
2026-M083-POR-CRO,83,2026-07-02,Round of 32,CRO_ante_budimir,Ante BUDIMIR,CRO,Croatia,POR,FW,1,3,2,0.625,0.375,67.0,0.3698630136986301,0.6164383561643836,0.43150684931506844,0.6683168316831684,0.5346534653465347,1.582317073170732,0.9188292682926831,9.661585365853659,0.7823170731707317,1.060829268292683,3.8451219512195123,5.0,1,0,0,0,1,45.0,2,0,0.2406879596772067,0.12688601228733445,0.14448810951729427
2026-M083-POR-CRO,83,2026-07-02,Round of 32,CRO_nikola_vlasic,Nikola VLASIC,CRO,Croatia,POR,MF,1,3,2,0.625,0.375,88.0,0.38571428571428573,0.9642857142857143,0.44999999999999996,1.1842105263157894,0.5684210526315789,1.582317073170732,0.9188292682926831,9.661585365853659,0.7823170731707317,1.060829268292683,3.8451219512195123,5.0,1,0,0,0,1,90.0,1,0,0.31418190711572613,0.09349743066281244,0.09843880578465282
2026-M083-POR-CRO,83,2026-07-02,Round of 32,CRO_ivan_perisic,Ivan PERISIC,CRO,Croatia,POR,FW,1,3,3,0.875,0.875,90.0,0.04,0.4,0.27999999999999997,0.375,0.3,1.582317073170732,0.9188292682926831,9.661585365853659,0.7823170731707317,1.060829268292683,3.8451219512195123,5.0,1,1,1,1,1,90.0,1,1,0.03921056084767682,0.0503233250042386,0.09985002289925592
2026-M083-POR-CRO,83,2026-07-02,Round of 32,CRO_martin_baturina,Martin BATURINA,CRO,Croatia,POR,MF,1,3,3,0.875,0.875,85.33333333333333,0.24770642201834864,0.6192660550458715,0.2889908256880734,0.6502890173410405,0.31213872832369943,1.582317073170732,0.9188292682926831,9.661585365853659,0.7823170731707317,1.060829268292683,3.8451219512195123,5.0,1,0,0,0,1,68.0,1,0,0.2093203487314662,0.04698874157601259,0.06365805100869974
2026-M083-POR-CRO,83,2026-07-02,Round of 32,CRO_petar_sucic,Petar SUCIC,CRO,Croatia,POR,MF,1,3,3,0.875,0.625,90.0,0.2857142857142857,0.7142857142857143,0.3333333333333333,0.78125,0.375,1.582317073170732,0.9188292682926831,9.661585365853659,0.7823170731707317,1.060829268292683,3.8451219512195123,5.0,1,0,0,0,1,90.0,1,1,0.248522706924714,0.064001396649947,0.07083888920278879
2026-M083-POR-CRO,83,2026-07-02,Round of 32,CRO_ivor_pandur,Ivor PANDUR,CRO,Croatia,POR,GK,0,3,0,0.125,0.125,1.9249999999999998,0.1,0.5,0.2,0.5,0.2,1.582317073170732,0.9188292682926831,9.661585365853659,0.7823170731707317,1.060829268292683,3.8451219512195123,5.0,1,0,0,0,0,0.0,0,0,0.00213660309602548,0.0009975027917852554,0.0026542324592785053
2026-M083-POR-CRO,83,2026-07-02,Round of 32,CRO_dominik_kotarski,Dominik KOTARSKI,CRO,Croatia,POR,GK,0,3,0,0.125,0.125,1.9249999999999998,0.1,0.5,0.2,0.5,0.2,1.582317073170732,0.9188292682926831,9.661585365853659,0.7823170731707317,1.060829268292683,3.8451219512195123,5.0,1,0,0,0,0,0.0,0,0,0.00213660309602548,0.0009975027917852554,0.0026542324592785053
2026-M083-POR-CRO,83,2026-07-02,Round of 32,CRO_josko_gvardiol,Josko GVARDIOL,CRO,Croatia,POR,DF,0,3,3,0.875,0.625,0.675,0.056782334384858045,0.5678233438485805,0.11356466876971609,0.5947136563876652,0.07929515418502203,1.582317073170732,0.9188292682926831,9.661585365853659,0.7823170731707317,1.060829268292683,3.8451219512195123,5.0,1,0,0,0,1,0.0,0,0,0.00042577683919076126,0.0019047326255390111,0.0028469511450169406
2026-M083-POR-CRO,83,2026-07-02,Round of 32,CRO_duje_caleta_car,Duje CALETA-CAR,CRO,Croatia,POR,DF,0,3,0,0.125,0.125,1.9249999999999998,0.1,0.5,0.2,0.5,0.2,1.582317073170732,0.9188292682926831,9.661585365853659,0.7823170731707317,1.060829268292683,3.8451219512195123,5.0,1,0,0,0,0,0.0,0,0,0.00213660309602548,0.00257541217543058,0.0024984214302399914
2026-M083-POR-CRO,83,2026-07-02,Round of 32,CRO_nikola_moro,Nikola MORO,CRO,Croatia,POR,MF,0,3,0,0.125,0.125,1.9249999999999998,0.1,0.5,0.2,0.5,0.2,1.582317073170732,0.9188292682926831,9.661585365853659,0.7823170731707317,1.060829268292683,3.8451219512195123,5.0,1,0,0,0,0,0.0,0,0,0.00213660309602548,0.006693565160696796,0.0038136157684914933
2026-M083-POR-CRO,83,2026-07-02,Round of 32,CRO_andrej_kramaric,Andrej KRAMARIC,CRO,Croatia,POR,FW,0,3,2,0.625,0.125,16.743750000000002,0.0759493670886076,0.759493670886076,0.1518987341772152,0.9183673469387755,0.12244897959183673,1.582317073170732,0.9188292682926831,9.661585365853659,0.7823170731707317,1.060829268292683,3.8451219512195123,5.0,1,0,0,0,1,0.0,0,0,0.014030390473201315,0.01571843109848804,0.029762440516833247
2026-M083-POR-CRO,83,2026-07-02,Round of 32,CRO_mario_pasalic,Mario PASALIC,CRO,Croatia,POR,MF,0,3,3,0.875,0.375,6.16875,0.06451612903225806,1.2903225806451613,0.4516129032258064,1.6666666666666667,0.5714285714285714,1.582317073170732,0.9188292682926831,9.661585365853659,0.7823170731707317,1.060829268292683,3.8451219512195123,5.0,1,0,0,0,1,22.0,1,0,0.004412280174420302,0.007778916893006784,0.02876098925497774
2026-M083-POR-CRO,83,2026-07-02,Round of 32,CRO_kristijan_jakic,Kristijan JAKIC,CRO,Croatia,POR,DF,0,3,0,0.125,0.125,1.9249999999999998,0.1,0.5,0.2,0.5,0.2,1.582317073170732,0.9188292682926831,9.661585365853659,0.7823170731707317,1.060829268292683,3.8451219512195123,5.0,1,0,0,0,0,0.0,0,0,0.00213660309602548,0.00257541217543058,0.0024984214302399914
2026-M083-POR-CRO,83,2026-07-02,Round of 32,CRO_toni_fruk,Toni FRUK,CRO,Croatia,POR,MF,0,3,0,0.125,0.125,1.9249999999999998,0.1,0.5,0.2,0.5,0.2,1.582317073170732,0.9188292682926831,9.661585365853659,0.7823170731707317,1.060829268292683,3.8451219512195123,5.0,1,0,0,0,0,0.0,0,0,0.00213660309602548,0.006693565160696796,0.0038136157684914933
2026-M083-POR-CRO,83,2026-07-02,Round of 32,CRO_igor_matanovic,Igor MATANOVIC,CRO,Croatia,POR,FW,0,3,2,0.625,0.125,13.80625,0.07929515418502203,0.7929515418502202,0.5550660792951542,0.9854014598540146,0.7883211678832117,1.582317073170732,0.9188292682926831,9.661585365853659,0.7823170731707317,1.060829268292683,3.8451219512195123,5.0,1,0,0,0,1,45.0,3,1,0.012090413356662832,0.01350238178857899,0.028894656751204218
2026-M083-POR-CRO,83,2026-07-02,Round of 32,CRO_luka_sucic,Luka SUCIC,CRO,Croatia,POR,MF,0,3,1,0.375,0.125,6.075,0.09090909090909091,0.9090909090909091,0.18181818181818182,1.25,0.16666666666666666,1.582317073170732,0.9188292682926831,9.661585365853659,0.7823170731707317,1.060829268292683,3.8451219512195123,5.0,1,0,0,0,0,0.0,0,0,0.006117574608771381,0.00785867628388064,0.0037615228816079817
2026-M083-POR-CRO,83,2026-07-02,Round of 32,CRO_luka_vuskovic,Luka VUSKOVIC,CRO,Croatia,POR,DF,0,3,1,0.375,0.375,1.9249999999999998,0.07317073170731707,0.36585365853658536,0.14634146341463414,0.28846153846153844,0.11538461538461539,1.582317073170732,0.9188292682926831,9.661585365853659,0.7823170731707317,1.060829268292683,3.8451219512195123,5.0,1,0,0,0,0,0.0,0,0,0.0015638166129271491,0.0020335443213810307,0.0021830700605101113
2026-M083-POR-CRO,83,2026-07-02,Round of 32,CRO_marco_pasalic,Marco PASALIC,CRO,Croatia,POR,FW,0,3,3,0.875,0.375,7.6375,0.06474820143884892,1.2949640287769784,0.7769784172661871,1.675531914893617,1.0531914893617023,1.582317073170732,0.9188292682926831,9.661585365853659,0.7823170731707317,1.060829268292683,3.8451219512195123,5.0,1,0,0,0,0,0.0,0,0,0.0054795365879495295,0.013701669501679652,0.04665787424101874
2026-M083-POR-CRO,83,2026-07-02,Round of 32,CRO_martin_erlic,Martin ERLIC,CRO,Croatia,POR,DF,0,3,0,0.125,0.125,1.9249999999999998,0.1,0.5,0.2,0.5,0.2,1.582317073170732,0.9188292682926831,9.661585365853659,0.7823170731707317,1.060829268292683,3.8451219512195123,5.0,1,0,0,0,0,0.0,0,0,0.00213660309602548,0.00257541217543058,0.0024984214302399914
2026-M083-POR-CRO,83,2026-07-02,Round of 32,CRO_petar_musa,Petar MUSA,CRO,Croatia,POR,FW,0,3,2,0.625,0.625,1.9249999999999998,0.3711340206185567,0.6185567010309279,0.43298969072164945,0.6716417910447762,0.5373134328358209,1.582317073170732,0.9188292682926831,9.661585365853659,0.7823170731707317,1.060829268292683,3.8451219512195123,5.0,1,0,0,0,0,0.0,0,0,0.00790672046622587,0.01802589455866504,0.038223413654528034
2026-M083-POR-CRO,83,2026-07-02,Round of 32,POR_diogo_costa,DIOGO COSTA,POR,Portugal,CRO,GK,1,3,3,0.875,0.875,90.0,0.04,0.2,0.08,0.125,0.05,1.7823170731707318,1.208829268292683,12.261585365853659,1.582317073170732,1.4488292682926829,4.245121951219512,5.0,1,0,0,0,1,90.0,0,0,0.03921056084767682,0.0063804147814489716,0.011876180816425623
2026-M083-POR-CRO,83,2026-07-02,Round of 32,POR_ruben_dias,RUBEN DIAS,POR,Portugal,CRO,DF,1,3,2,0.625,0.625,90.0,0.05,0.25,0.1,0.16666666666666666,0.06666666666666667,1.7823170731707318,1.208829268292683,12.261585365853659,1.582317073170732,1.4488292682926829,4.245121951219512,5.0,1,0,0,0,1,90.0,0,0,0.048770575499285984,0.019910174960163035,0.015502966519104457
2026-M083-POR-CRO,83,2026-07-02,Round of 32,POR_cristiano_ronaldo,CRISTIANO RONALDO,POR,Portugal,CRO,FW,1,3,3,0.875,0.875,90.0,0.44000000000000006,2.8,1.28,3.375,1.55,1.7823170731707318,1.208829268292683,12.261585365853659,1.582317073170732,1.4488292682926829,4.245121951219512,5.0,1,1,1,1,1,81.0,2,1,0.3559635789168587,0.4262276464865693,0.4633599943127971
2026-M083-POR-CRO,83,2026-07-02,Round of 32,POR_bruno_fernandes,BRUNO FERNANDES,POR,Portugal,CRO,MF,1,3,3,0.875,0.875,90.0,0.04,1.4,0.48,1.625,0.55,1.7823170731707318,1.208829268292683,12.261585365853659,1.582317073170732,1.4488292682926829,4.245121951219512,5.0,1,0,0,0,1,62.0,2,1,0.03921056084767682,0.07290184109697424,0.1316216348251366
2026-M083-POR-CRO,83,2026-07-02,Round of 32,POR_renato_veiga,RENATO VEIGA,POR,Portugal,CRO,DF,1,3,3,0.875,0.875,90.0,0.04,0.2,0.08,0.125,0.05,1.7823170731707318,1.208829268292683,12.261585365853659,1.582317073170732,1.4488292682926829,4.245121951219512,5.0,1,0,0,0,1,90.0,2,0,0.03921056084767682,0.01633411124574203,0.014614600852861006
2026-M083-POR-CRO,83,2026-07-02,Round of 32,POR_joao_neves,JOAO NEVES,POR,Portugal,CRO,MF,1,3,3,0.875,0.625,83.0,0.27621483375959077,0.46035805626598464,0.3222506393861892,0.4485049833887043,0.3588039867109635,1.7823170731707318,1.208829268292683,12.261585365853659,1.582317073170732,1.4488292682926829,4.245121951219512,5.0,1,0,0,0,1,90.0,1,0,0.22487537631411747,0.08771561853012289,0.10181486781058496
2026-M083-POR-CRO,83,2026-07-02,Round of 32,POR_rafael_leao,RAFAEL LEAO,POR,Portugal,CRO,FW,1,3,3,0.875,0.125,80.0,0.48,1.2,0.5599999999999999,1.6666666666666667,0.8,1.7823170731707318,1.208829268292683,12.261585365853659,1.582317073170732,1.4488292682926829,4.245121951219512,5.0,1,0,0,0,1,90.0,2,0,0.3473189236693539,0.32231811197273424,0.1846983530062368
2026-M083-POR-CRO,83,2026-07-02,Round of 32,POR_pedro_neto,PEDRO NETO,POR,Portugal,CRO,FW,1,3,3,0.875,0.875,69.0,0.046511627906976744,0.23255813953488372,0.09302325581395349,0.15151515151515152,0.06060606060606061,1.7823170731707318,1.208829268292683,12.261585365853659,1.582317073170732,1.4488292682926829,4.245121951219512,5.0,1,0,0,0,1,62.0,0,0,0.03503062580154803,0.0706344393682097,0.09618266510964754
2026-M083-POR-CRO,83,2026-07-02,Round of 32,POR_joao_cancelo,JOAO CANCELO,POR,Portugal,CRO,DF,1,3,3,0.875,0.875,60.0,0.05,0.5,0.1,0.5,0.06666666666666667,1.7823170731707318,1.208829268292683,12.261585365853659,1.582317073170732,1.4488292682926829,4.245121951219512,5.0,1,0,0,0,1,63.0,1,0,0.0327838995179941,0.01644604351739325,0.028986354416445828
2026-M083-POR-CRO,83,2026-07-02,Round of 32,POR_vitinha,VITINHA,POR,Portugal,CRO,MF,1,3,3,0.875,0.875,78.66666666666667,0.04326923076923077,0.6490384615384616,0.08653846153846154,0.6901840490797546,0.05521472392638037,1.7823170731707318,1.208829268292683,12.261585365853659,1.582317073170732,1.4488292682926829,4.245121951219512,5.0,1,0,0,0,1,62.0,1,0,0.037114248970245844,0.049231764741500025,0.0553624066116589
2026-M083-POR-CRO,83,2026-07-02,Round of 32,POR_nuno_mendes,NUNO MENDES,POR,Portugal,CRO,DF,1,3,3,0.875,0.875,84.0,0.25,0.4166666666666667,0.29166666666666663,0.39473684210526316,0.3157894736842105,1.7823170731707318,1.208829268292683,12.261585365853659,1.582317073170732,1.4488292682926829,4.245121951219512,5.0,1,0,0,0,1,90.0,1,0,0.20811043366321835,0.027972331976947408,0.05273272508739049
2026-M083-POR-CRO,83,2026-07-02,Round of 32,POR_jose_sa,JOSE SA,POR,Portugal,CRO,GK,0,3,0,0.125,0.125,1.9249999999999998,0.1,0.5,0.2,0.5,0.2,1.7823170731707318,1.208829268292683,12.261585365853659,1.582317073170732,1.4488292682926829,4.245121951219512,5.0,1,0,0,0,0,0.0,0,0,0.00213660309602548,0.0016943681275579914,0.0024096075365601126
2026-M083-POR-CRO,83,2026-07-02,Round of 32,POR_rui_silva,RUI SILVA,POR,Portugal,CRO,GK,0,3,0,0.125,0.125,1.9249999999999998,0.1,0.5,0.2,0.5,0.2,1.7823170731707318,1.208829268292683,12.261585365853659,1.582317073170732,1.4488292682926829,4.245121951219512,5.0,1,0,0,0,0,0.0,0,0,0.00213660309602548,0.0016943681275579914,0.0024096075365601126
2026-M083-POR-CRO,83,2026-07-02,Round of 32,POR_nelson_semedo,NELSON SEMEDO,POR,Portugal,CRO,DF,0,3,2,0.625,0.125,18.50625,0.07407407407407407,0.37037037037037035,0.14814814814814814,0.29411764705882354,0.11764705882352941,1.7823170731707318,1.208829268292683,12.261585365853659,1.582317073170732,1.4488292682926829,4.245121951219512,5.0,1,0,0,0,1,28.0,0,0,0.015116069177218527,0.0047149647412717665,0.006913231868717743
2026-M083-POR-CRO,83,2026-07-02,Round of 32,POR_tomas_araujo,TOMAS ARAUJO,POR,Portugal,CRO,DF,0,3,1,0.375,0.375,1.9249999999999998,0.06666666666666667,0.3333333333333333,0.13333333333333333,0.25,0.1,1.7823170731707318,1.208829268292683,12.261585365853659,1.582317073170732,1.4488292682926829,4.245121951219512,5.0,1,0,0,0,0,0.0,0,0,0.0014249097765947072,0.0033409184131105636,0.0020801480292612275
2026-M083-POR-CRO,83,2026-07-02,Round of 32,POR_diogo_dalot,DIOGO DALOT,POR,Portugal,CRO,DF,0,3,1,0.375,0.125,15.187500000000002,0.08,0.8,0.16,1.0,0.13333333333333333,1.7823170731707318,1.208829268292683,12.261585365853659,1.582317073170732,1.4488292682926829,4.245121951219512,5.0,1,0,0,0,0,0.0,0,0,0.013409283682267348,0.005270140823434338,0.007092459290834708
2026-M083-POR-CRO,83,2026-07-02,Round of 32,POR_matheus_nunes,MATHEUS NUNES,POR,Portugal,CRO,MF,0,3,1,0.375,0.125,0.0,0.1,0.5,0.2,0.5,0.2,1.7823170731707318,1.208829268292683,12.261585365853659,1.582317073170732,1.4488292682926829,4.245121951219512,5.0,1,0,0,0,0,0.0,0,0,0.0,0.01159440223741045,0.016263607010984015
2026-M083-POR-CRO,83,2026-07-02,Round of 32,POR_goncalo_ramos,GONCALO RAMOS,POR,Portugal,CRO,FW,0,3,1,0.375,0.125,2.3625000000000003,0.0962566844919786,0.48128342245989303,0.1925133689839572,0.4639175257731959,0.18556701030927836,1.7823170731707318,1.208829268292683,12.261585365853659,1.582317073170732,1.4488292682926829,4.245121951219512,5.0,1,0,1,0,1,27.0,2,1,0.0025235484524573915,0.02200361001379906,0.016730842948857603
2026-M083-POR-CRO,83,2026-07-02,Round of 32,POR_bernardo_silva,BERNARDO SILVA,POR,Portugal,CRO,MF,0,3,2,0.625,0.375,4.7250000000000005,0.07531380753138076,0.37656903765690375,0.1506276150627615,0.30201342281879195,0.12080536912751678,1.7823170731707318,1.208829268292683,12.261585365853659,1.582317073170732,1.4488292682926829,4.245121951219512,5.0,1,0,0,0,1,28.0,0,0,0.003946168229170932,0.009528281064305444,0.002889202449503163
2026-M083-POR-CRO,83,2026-07-02,Round of 32,POR_joao_felix,JOAO FELIX,POR,Portugal,CRO,FW,0,3,2,0.625,0.625,1.9249999999999998,0.05732484076433121,2.0063694267515926,0.40127388535031844,2.611607142857143,0.48214285714285715,1.7823170731707318,1.208829268292683,12.261585365853659,1.582317073170732,1.4488292682926829,4.245121951219512,5.0,1,0,0,0,0,0.0,0,0,0.00122536327823497,0.028139421209788473,0.06529785239267483
2026-M083-POR-CRO,83,2026-07-02,Round of 32,POR_goncalo_inacio,GONCALO INACIO,POR,Portugal,CRO,DF,0,3,0,0.125,0.125,1.9249999999999998,0.1,0.5,0.2,0.5,0.2,1.7823170731707318,1.208829268292683,12.261585365853659,1.582317073170732,1.4488292682926829,4.245121951219512,5.0,1,0,0,0,0,0.0,0,0,0.00213660309602548,0.004369798816479536,0.002222069062445207
2026-M083-POR-CRO,83,2026-07-02,Round of 32,POR_francisco_trincao,FRANCISCO TRINCAO,POR,Portugal,CRO,FW,0,3,1,0.375,0.125,8.775,0.08737864077669903,0.8737864077669902,0.17475728155339806,1.1637931034482758,0.15517241379310345,1.7823170731707318,1.208829268292683,12.261585365853659,1.582317073170732,1.4488292682926829,4.245121951219512,5.0,1,0,0,0,0,0.0,0,0,0.008483230076768433,0.02529114444942991,0.016333675553202504
2026-M083-POR-CRO,83,2026-07-02,Round of 32,POR_goncalo_guedes,GONCALO GUEDES,POR,Portugal,CRO,FW,0,3,0,0.125,0.125,1.9249999999999998,0.1,0.5,0.2,0.5,0.2,1.7823170731707318,1.208829268292683,12.261585365853659,1.582317073170732,1.4488292682926829,4.245121951219512,5.0,1,0,0,0,0,0.0,0,0,0.00213660309602548,0.02138967077654828,0.01838372665465179
2026-M083-POR-CRO,83,2026-07-02,Round of 32,POR_ruben_neves,RUBEN NEVES,POR,Portugal,CRO,MF,0,3,1,0.375,0.375,1.9249999999999998,0.08,1.2,0.16,1.6666666666666667,0.13333333333333333,1.7823170731707318,1.208829268292683,12.261585365853659,1.582317073170732,1.4488292682926829,4.245121951219512,5.0,1,0,0,0,1,9.0,0,0,0.0017096479951308474,0.012193114893421248,0.013148658146279378
2026-M083-POR-CRO,83,2026-07-02,Round of 32,POR_samu_costa,SAMU COSTA,POR,Portugal,CRO,DF,0,3,1,0.375,0.125,6.75,0.09,0.45,0.18,0.4090909090909091,0.16363636363636364,1.7823170731707318,1.208829268292683,12.261585365853659,1.582317073170732,1.4488292682926829,4.245121951219512,5.0,1,0,0,0,0,0.0,0,0,0.006727269921431578,0.004530307650464277,0.002094071727395451
2026-M083-POR-CRO,83,2026-07-02,Round of 32,POR_francisco_conceicao,FRANCISCO CONCEICAO,POR,Portugal,CRO,FW,0,3,2,0.625,0.125,26.4375,0.06666666666666667,0.6666666666666666,0.13333333333333333,0.75,0.1,1.7823170731707318,1.208829268292683,12.261585365853659,1.582317073170732,1.4488292682926829,4.245121951219512,5.0,1,0,0,0,1,28.0,1,0,0.019392825480857634,0.026711841589190263,0.03123015182161415
2026-M084-ESP-AUT,84,2026-07-02,Round of 32,AUT_alexander_schlager,Alexander SCHLAGER,AUT,Austria,ESP,GK,1,3,3,0.875,0.875,90.0,0.04,0.2,0.08,0.125,0.05,1.7825301204819275,1.2202891566265062,10.070481927710844,0.5825301204819276,0.5882891566265062,2.446987951807229,5.0,1,0,0,0,1,90.0,0,0,0.03921056084767682,0.0032791307257061487,0.0176139105179957
2026-M084-ESP-AUT,84,2026-07-02,Round of 32,AUT_kevin_danso,Kevin DANSO,AUT,Austria,ESP,DF,1,3,3,0.875,0.375,90.0,0.0547112462006079,0.547112462006079,0.1094224924012158,0.5648535564853556,0.07531380753138076,1.7825301204819275,1.2202891566265062,10.070481927710844,0.5825301204819276,0.5882891566265062,2.446987951807229,5.0,1,0,0,0,1,90.0,0,0,0.05324151140180078,0.014288650473283288,0.01997316815153791
2026-M084-ESP-AUT,84,2026-07-02,Round of 32,AUT_xaver_schlager,Xaver SCHLAGER,AUT,Austria,ESP,MF,1,3,3,0.875,0.875,64.66666666666667,0.0481283422459893,0.48128342245989303,0.0962566844919786,0.4753521126760563,0.06338028169014084,1.7825301204819275,1.2202891566265062,10.070481927710844,0.5825301204819276,0.5882891566265062,2.446987951807229,5.0,1,0,0,0,1,45.0,0,0,0.033990011894494465,0.02161528627159215,0.052686010031136106
2026-M084-ESP-AUT,84,2026-07-02,Round of 32,AUT_stefan_posch,Stefan POSCH,AUT,Austria,ESP,DF,1,3,3,0.875,0.875,82.66666666666667,0.04205607476635514,0.6308411214953271,0.08411214953271028,0.665680473372781,0.05325443786982249,1.7825301204819275,1.2202891566265062,10.070481927710844,0.5825301204819276,0.5882891566265062,2.446987951807229,5.0,1,0,0,0,1,85.0,1,0,0.037892687891160626,0.010113591282632615,0.01872591350913043
2026-M084-ESP-AUT,84,2026-07-02,Round of 32,AUT_nicolas_seiwald,Nicolas SEIWALD,AUT,Austria,ESP,MF,1,3,3,0.875,0.875,90.0,0.04,0.6,0.08,0.625,0.05,1.7825301204819275,1.2202891566265062,10.070481927710844,0.5825301204819276,0.5882891566265062,2.446987951807229,5.0,1,0,0,0,1,45.0,1,0,0.03921056084767682,0.026549937204737306,0.04480663465377353
2026-M084-ESP-AUT,84,2026-07-02,Round of 32,AUT_david_alaba,David ALABA,AUT,Austria,ESP,DF,1,3,3,0.875,0.875,63.0,0.04878048780487805,0.4878048780487805,0.0975609756097561,0.4838709677419355,0.06451612903225806,1.7825301204819275,1.2202891566265062,10.070481927710844,0.5825301204819276,0.5882891566265062,2.446987951807229,5.0,1,0,0,0,1,90.0,1,0,0.03356993450151913,0.008391221759085866,0.026385234273028003
2026-M084-ESP-AUT,84,2026-07-02,Round of 32,AUT_marcel_sabitzer,Marcel SABITZER,AUT,Austria,ESP,MF,1,3,3,0.875,0.875,90.0,0.24,1.2,0.48,1.375,0.55,1.7825301204819275,1.2202891566265062,10.070481927710844,0.5825301204819276,0.5882891566265062,2.446987951807229,5.0,1,0,0,0,1,90.0,0,0,0.21337213893344653,0.054929173908544716,0.07018774823820491
2026-M084-ESP-AUT,84,2026-07-02,Round of 32,AUT_michael_gregoritsch,Michael GREGORITSCH,AUT,Austria,ESP,FW,1,3,2,0.625,0.375,85.0,0.05806451612903226,0.5806451612903226,0.11612903225806452,0.6136363636363636,0.08181818181818182,1.7825301204819275,1.2202891566265062,10.070481927710844,0.5825301204819276,0.5882891566265062,2.446987951807229,5.0,1,0,0,0,1,60.0,0,0,0.053362180839821804,0.06550414371801565,0.1301429829961751
2026-M084-ESP-AUT,84,2026-07-02,Round of 32,AUT_romano_schmid,Romano SCHMID,AUT,Austria,ESP,MF,1,3,3,0.875,0.875,69.0,0.27906976744186046,0.6976744186046512,0.3255813953488372,0.7575757575757576,0.36363636363636365,1.7825301204819275,1.2202891566265062,10.070481927710844,0.5825301204819276,0.5882891566265062,2.446987951807229,5.0,1,0,0,0,1,60.0,0,0,0.19261406301634842,0.04015554307637053,0.05895625663644507
2026-M084-ESP-AUT,84,2026-07-02,Round of 32,AUT_konrad_laimer,Konrad LAIMER,AUT,Austria,ESP,MF,1,3,3,0.875,0.875,90.0,0.04,0.4,0.08,0.375,0.05,1.7825301204819275,1.2202891566265062,10.070481927710844,0.5825301204819276,0.5882891566265062,2.446987951807229,5.0,1,0,0,0,1,90.0,0,0,0.03921056084767682,0.02395265148650332,0.043440862116010115
2026-M084-ESP-AUT,84,2026-07-02,Round of 32,AUT_paul_wanner,Paul WANNER,AUT,Austria,ESP,MF,1,3,3,0.875,0.375,68.0,0.05555555555555555,0.5555555555555556,0.1111111111111111,0.5769230769230769,0.07692307692307693,1.7825301204819275,1.2202891566265062,10.070481927710844,0.5825301204819276,0.5882891566265062,2.446987951807229,5.0,1,0,0,0,1,90.0,0,0,0.0411065433381681,0.031564374797484196,0.05510926409306119
2026-M084-ESP-AUT,84,2026-07-02,Round of 32,AUT_florian_wiegele,Florian WIEGELE,AUT,Austria,ESP,GK,0,3,0,0.125,0.125,1.9249999999999998,0.1,0.5,0.2,0.5,0.2,1.7825301204819275,1.2202891566265062,10.070481927710844,0.5825301204819276,0.5882891566265062,2.446987951807229,5.0,1,0,0,0,0,0.0,0,0,0.00213660309602548,0.0008147817276852632,0.002497602141542968
2026-M084-ESP-AUT,84,2026-07-02,Round of 32,AUT_patrick_pentz,Patrick PENTZ,AUT,Austria,ESP,GK,0,3,0,0.125,0.125,1.9249999999999998,0.1,0.5,0.2,0.5,0.2,1.7825301204819275,1.2202891566265062,10.070481927710844,0.5825301204819276,0.5882891566265062,2.446987951807229,5.0,1,0,0,0,0,0.0,0,0,0.00213660309602548,0.0008147817276852632,0.002497602141542968
2026-M084-ESP-AUT,84,2026-07-02,Round of 32,AUT_david_affengruber,David AFFENGRUBER,AUT,Austria,ESP,DF,0,3,0,0.125,0.125,1.9249999999999998,0.1,0.5,0.2,0.5,0.2,1.7825301204819275,1.2202891566265062,10.070481927710844,0.5825301204819276,0.5882891566265062,2.446987951807229,5.0,1,0,0,0,0,0.0,0,0,0.00213660309602548,0.0021049580908722317,0.0022898530309780982
2026-M084-ESP-AUT,84,2026-07-02,Round of 32,AUT_marko_arnautovic,Marko ARNAUTOVIC,AUT,Austria,ESP,FW,0,3,3,0.875,0.375,19.681250000000002,0.3698630136986301,1.2328767123287672,1.047945205479452,1.5594059405940595,1.4257425742574257,1.7825301204819275,1.2202891566265062,10.070481927710844,0.5825301204819276,0.5882891566265062,2.446987951807229,5.0,1,0,0,0,1,30.0,0,0,0.07769734430213437,0.02431943198795644,0.10775890528422155
2026-M084-ESP-AUT,84,2026-07-02,Round of 32,AUT_florian_grillitsch,Florian GRILLITSCH,AUT,Austria,ESP,MF,0,3,1,0.375,0.125,15.187500000000002,0.08,0.4,0.16,0.3333333333333333,0.13333333333333333,1.7825301204819275,1.2202891566265062,10.070481927710844,0.5825301204819276,0.5882891566265062,2.446987951807229,5.0,1,0,0,0,1,45.0,0,0,0.013409283682267348,0.005773842106375547,0.01117749311779845
2026-M084-ESP-AUT,84,2026-07-02,Round of 32,AUT_sasa_kalajdzic,Sasa KALAJDZIC,AUT,Austria,ESP,FW,0,3,2,0.625,0.375,0.0,0.08,1.2,0.5599999999999999,1.6666666666666667,0.8,1.7825301204819275,1.2202891566265062,10.070481927710844,0.5825301204819276,0.5882891566265062,2.446987951807229,5.0,1,0,0,0,1,30.0,1,0,0.0,0.010228167621743427,0.037669872987126006
2026-M084-ESP-AUT,84,2026-07-02,Round of 32,AUT_philipp_lienhart,Philipp LIENHART,AUT,Austria,ESP,DF,0,3,2,0.625,0.625,1.9249999999999998,0.05,0.5,0.1,0.5,0.06666666666666667,1.7825301204819275,1.2202891566265062,10.070481927710844,0.5825301204819276,0.5882891566265062,2.446987951807229,5.0,1,0,0,0,0,0.0,0,0,0.0010688727925360908,0.0014891972068952555,0.0025462163330326796
2026-M084-ESP-AUT,84,2026-07-02,Round of 32,AUT_phillip_mwene,Phillip MWENE,AUT,Austria,ESP,DF,0,3,2,0.625,0.625,1.9249999999999998,0.0547112462006079,0.547112462006079,0.1094224924012158,0.5648535564853556,0.07531380753138076,1.7825301204819275,1.2202891566265062,10.070481927710844,0.5825301204819276,0.5882891566265062,2.446987951807229,5.0,1,0,0,0,0,0.0,0,0,0.001169528334001635,0.0015419296609144378,0.0025462163330326796
2026-M084-ESP-AUT,84,2026-07-02,Round of 32,AUT_carney_chukwuemeka,Carney CHUKWUEMEKA,AUT,Austria,ESP,MF,0,3,2,0.625,0.125,10.575000000000001,0.08333333333333333,0.8333333333333334,0.5833333333333333,1.0714285714285714,0.8571428571428571,1.7825301204819275,1.2202891566265062,10.070481927710844,0.5825301204819276,0.5882891566265062,2.446987951807229,5.0,1,0,0,0,1,45.0,1,0,0.009743884381852252,0.005730610530130619,0.005580745193050045
2026-M084-ESP-AUT,84,2026-07-02,Round of 32,AUT_dejan_ljubicic,Dejan LJUBICIC,AUT,Austria,ESP,MF,0,3,0,0.125,0.125,1.9249999999999998,0.1,0.5,0.2,0.5,0.2,1.7825301204819275,1.2202891566265062,10.070481927710844,0.5825301204819276,0.5882891566265062,2.446987951807229,5.0,1,0,0,0,0,0.0,0,0,0.00213660309602548,0.005443212450102537,0.0037414586314726233
2026-M084-ESP-AUT,84,2026-07-02,Round of 32,AUT_patrick_wimmer,Patrick WIMMER,AUT,Austria,ESP,FW,0,3,2,0.625,0.125,5.2875000000000005,0.09090909090909091,0.9090909090909091,0.18181818181818182,1.25,0.16666666666666666,1.7825301204819275,1.2202891566265062,10.070481927710844,0.5825301204819276,0.5882891566265062,2.446987951807229,5.0,1,0,0,0,0,0.0,0,0,0.0053266717939305375,0.012646501892218517,0.023535849140366907
2026-M084-ESP-AUT,84,2026-07-02,Round of 32,AUT_alexander_prass,Alexander PRASS,AUT,Austria,ESP,MF,0,3,1,0.375,0.125,7.425000000000001,0.0891089108910891,0.44554455445544555,0.1782178217821782,0.4017857142857143,0.16071428571428573,1.7825301204819275,1.2202891566265062,10.070481927710844,0.5825301204819276,0.5882891566265062,2.446987951807229,5.0,1,0,0,0,1,5.0,0,0,0.007324529077735842,0.005674395805970723,0.0038333295301920104
2026-M084-ESP-AUT,84,2026-07-02,Round of 32,AUT_marco_friedl,Marco FRIEDL,AUT,Austria,ESP,DF,0,3,1,0.375,0.125,7.425000000000001,0.0891089108910891,0.44554455445544555,0.1782178217821782,0.4017857142857143,0.16071428571428573,1.7825301204819275,1.2202891566265062,10.070481927710844,0.5825301204819276,0.5882891566265062,2.446987951807229,5.0,1,0,0,0,0,0.0,0,0,0.007324529077735842,0.0021946724434963234,0.0025145740869338623
2026-M084-ESP-AUT,84,2026-07-02,Round of 32,AUT_michael_svoboda,Michael SVOBODA,AUT,Austria,ESP,DF,0,3,0,0.125,0.125,1.9249999999999998,0.1,0.5,0.2,0.5,0.2,1.7825301204819275,1.2202891566265062,10.070481927710844,0.5825301204819276,0.5882891566265062,2.446987951807229,5.0,1,0,0,0,0,0.0,0,0,0.00213660309602548,0.0021049580908722317,0.0022898530309780982
2026-M084-ESP-AUT,84,2026-07-02,Round of 32,AUT_alessandro_schoepf,Alessandro SCHOEPF,AUT,Austria,ESP,MF,0,3,0,0.125,0.125,1.9249999999999998,0.1,0.5,0.2,0.5,0.2,1.7825301204819275,1.2202891566265062,10.070481927710844,0.5825301204819276,0.5882891566265062,2.446987951807229,5.0,1,0,0,0,0,0.0,0,0,0.00213660309602548,0.005443212450102537,0.0037414586314726233
2026-M084-ESP-AUT,84,2026-07-02,Round of 32,ESP_unai_simon,Unai SIMON,ESP,Spain,AUT,GK,1,3,3,0.875,0.875,90.0,0.04,0.2,0.08,0.125,0.05,1.5825301204819275,1.812289156626506,15.870481927710845,1.7825301204819275,1.4002891566265063,4.246987951807229,6.0,1,0,0,0,1,90.0,0,0,0.03921056084767682,0.007418528294221189,0.012336102984697119
2026-M084-ESP-AUT,84,2026-07-02,Round of 32,ESP_dani_olmo,Dani OLMO,ESP,Spain,AUT,FW,1,3,3,0.875,0.375,61.0,0.06428571428571428,1.2857142857142858,0.12857142857142856,1.6578947368421053,0.09473684210526316,1.5825301204819275,1.812289156626506,15.870481927710845,1.7825301204819275,1.4002891566265063,4.246987951807229,6.0,1,0,0,0,1,71.0,3,0,0.042635831506239175,0.16052799444956675,0.1509692964279887
2026-M084-ESP-AUT,84,2026-07-02,Round of 32,ESP_pedro_porro,Pedro PORRO,ESP,Spain,AUT,DF,1,3,1,0.375,0.375,90.0,0.06666666666666667,1.0,0.4666666666666666,1.25,0.6,1.5825301204819275,1.812289156626506,15.870481927710845,1.7825301204819275,1.4002891566265063,4.246987951807229,6.0,1,1,1,1,1,90.0,1,1,0.06449301496838222,0.03437400039688829,0.03573784714181528
2026-M084-ESP-AUT,84,2026-07-02,Round of 32,ESP_aymeric_laporte,Aymeric LAPORTE,ESP,Spain,AUT,DF,1,3,3,0.875,0.875,90.0,0.04,0.6,0.27999999999999997,0.625,0.3,1.5825301204819275,1.812289156626506,15.870481927710845,1.7825301204819275,1.4002891566265063,4.246987951807229,6.0,1,0,0,0,1,90.0,2,0,0.03921056084767682,0.023266030279459476,0.03572927843267309
2026-M084-ESP-AUT,84,2026-07-02,Round of 32,ESP_alex_baena,Alex BAENA,ESP,Spain,AUT,MF,1,3,2,0.625,0.625,64.0,0.35064935064935066,1.1688311688311688,0.40909090909090906,1.444954128440367,0.4954128440366973,1.5825301204819275,1.812289156626506,15.870481927710845,1.7825301204819275,1.4002891566265063,4.246987951807229,6.0,1,0,0,0,1,71.0,2,1,0.22069333790573253,0.12721030132464473,0.13533087060512777
2026-M084-ESP-AUT,84,2026-07-02,Round of 32,ESP_rodri,RODRI,ESP,Spain,AUT,MF,1,3,3,0.875,0.875,89.0,0.040268456375838924,0.8053691275167785,0.08053691275167785,0.8823529411764706,0.05042016806722689,1.5825301204819275,1.812289156626506,15.870481927710845,1.7825301204819275,1.4002891566265063,4.246987951807229,6.0,1,0,0,0,1,90.0,1,0,0.039038592092246804,0.06421765869598026,0.05758701351725948
2026-M084-ESP-AUT,84,2026-07-02,Round of 32,ESP_lamine_yamal,Lamine YAMAL,ESP,Spain,AUT,FW,1,3,3,0.875,0.625,60.5,0.3375,2.53125,0.675,3.3260869565217392,0.8608695652173914,1.5825301204819275,1.812289156626506,15.870481927710845,1.7825301204819275,1.4002891566265063,4.246987951807229,6.0,1,0,0,0,1,85.0,6,4,0.20297959638587104,0.33840527533061615,0.18069270427173995
2026-M084-ESP-AUT,84,2026-07-02,Round of 32,ESP_pedri,PEDRI,ESP,Spain,AUT,MF,1,3,3,0.875,0.875,73.33333333333333,0.045,0.9,0.31499999999999995,1.0161290322580645,0.34838709677419355,1.5825301204819275,1.812289156626506,15.870481927710845,1.7825301204819275,1.4002891566265063,4.246987951807229,6.0,1,0,0,0,1,90.0,0,0,0.036002585728984626,0.06072216945987359,0.081708745128667
2026-M084-ESP-AUT,84,2026-07-02,Round of 32,ESP_mikel_oyarzabal,Mikel OYARZABAL,ESP,Spain,AUT,FW,1,3,3,0.875,0.875,70.33333333333333,0.5063938618925832,2.762148337595908,1.0127877237851663,3.4385382059800667,1.255813953488372,1.5825301204819275,1.812289156626506,15.870481927710845,1.7825301204819275,1.4002891566265063,4.246987951807229,6.0,1,1,1,2,1,90.0,6,4,0.32681656639956347,0.45943493480486947,0.31410745101112936
2026-M084-ESP-AUT,84,2026-07-02,Round of 32,ESP_pau_cubarsi,Pau CUBARSI,ESP,Spain,AUT,DF,1,3,3,0.875,0.875,90.0,0.04,0.6,0.08,0.625,0.05,1.5825301204819275,1.812289156626506,15.870481927710845,1.7825301204819275,1.4002891566265063,4.246987951807229,6.0,1,0,0,0,1,90.0,0,0,0.03921056084767682,0.023323822048671804,0.021389018276380997
2026-M084-ESP-AUT,84,2026-07-02,Round of 32,ESP_marc_cucurella,Marc CUCURELLA,ESP,Spain,AUT,DF,1,3,3,0.875,0.875,90.0,0.04,0.8,0.48,0.875,0.55,1.5825301204819275,1.812289156626506,15.870481927710845,1.7825301204819275,1.4002891566265063,4.246987951807229,6.0,1,0,0,0,1,90.0,0,0,0.03921056084767682,0.025727086631037295,0.03564204555912738
2026-M084-ESP-AUT,84,2026-07-02,Round of 32,ESP_david_raya,David RAYA,ESP,Spain,AUT,GK,0,3,0,0.125,0.125,1.9249999999999998,0.1,0.5,0.2,0.5,0.2,1.5825301204819275,1.812289156626506,15.870481927710845,1.7825301204819275,1.4002891566265063,4.246987951807229,6.0,1,0,0,0,0,0.0,0,0,0.00213660309602548,0.0018490893705233897,0.0031853157861132454
2026-M084-ESP-AUT,84,2026-07-02,Round of 32,ESP_joan_garcia,Joan GARCIA,ESP,Spain,AUT,GK,0,3,0,0.125,0.125,1.9249999999999998,0.1,0.5,0.2,0.5,0.2,1.5825301204819275,1.812289156626506,15.870481927710845,1.7825301204819275,1.4002891566265063,4.246987951807229,6.0,1,0,0,0,0,0.0,0,0,0.00213660309602548,0.0018490893705233897,0.0031853157861132454
2026-M084-ESP-AUT,84,2026-07-02,Round of 32,ESP_marc_pubill,Marc PUBILL,ESP,Spain,AUT,DF,0,3,0,0.125,0.125,1.9249999999999998,0.1,0.5,0.2,0.5,0.2,1.5825301204819275,1.812289156626506,15.870481927710845,1.7825301204819275,1.4002891566265063,4.246987951807229,6.0,1,0,0,0,1,0.0,0,0,0.00213660309602548,0.0047692358013540406,0.003033115172352452
2026-M084-ESP-AUT,84,2026-07-02,Round of 32,ESP_alex_grimaldo,Alex GRIMALDO,ESP,Spain,AUT,DF,0,3,0,0.125,0.125,1.9249999999999998,0.1,0.5,0.2,0.5,0.2,1.5825301204819275,1.812289156626506,15.870481927710845,1.7825301204819275,1.4002891566265063,4.246987951807229,6.0,1,0,0,0,0,0.0,0,0,0.00213660309602548,0.0047692358013540406,0.003033115172352452
2026-M084-ESP-AUT,84,2026-07-02,Round of 32,ESP_eric_garcia,Eric GARCIA,ESP,Spain,AUT,DF,0,3,0,0.125,0.125,1.9249999999999998,0.1,0.5,0.2,0.5,0.2,1.5825301204819275,1.812289156626506,15.870481927710845,1.7825301204819275,1.4002891566265063,4.246987951807229,6.0,1,0,0,0,0,0.0,0,0,0.00213660309602548,0.0047692358013540406,0.003033115172352452
2026-M084-ESP-AUT,84,2026-07-02,Round of 32,ESP_marcos_llorente,Marcos LLORENTE,ESP,Spain,AUT,DF,0,3,2,0.625,0.625,1.9249999999999998,0.05,0.25,0.1,0.16666666666666666,0.06666666666666667,1.5825301204819275,1.812289156626506,15.870481927710845,1.7825301204819275,1.4002891566265063,4.246987951807229,6.0,1,0,0,0,0,0.0,0,0,0.0010688727925360908,0.0029892459108904305,0.008237073627355774
2026-M084-ESP-AUT,84,2026-07-02,Round of 32,ESP_mikel_merino,Mikel MERINO,ESP,Spain,AUT,MF,0,3,3,0.875,0.375,14.100000000000001,0.0625,0.9375,0.43749999999999994,1.1363636363636365,0.5454545454545454,1.5825301204819275,1.812289156626506,15.870481927710845,1.7825301204819275,1.4002891566265063,4.246987951807229,6.0,1,0,0,0,1,19.0,0,0,0.009743884381852252,0.013479081148479764,0.012501050551021915
2026-M084-ESP-AUT,84,2026-07-02,Round of 32,ESP_ferran_torres,Ferran TORRES,ESP,Spain,AUT,FW,0,3,3,0.875,0.375,17.33125,0.05625,2.25,0.675,2.9347826086956523,0.8608695652173914,1.5825301204819275,1.812289156626506,15.870481927710845,1.7825301204819275,1.4002891566265063,4.246987951807229,6.0,1,0,0,0,1,19.0,2,0,0.010773576052723,0.04671366279986389,0.11503065683726395
2026-M084-ESP-AUT,84,2026-07-02,Round of 32,ESP_fabian_ruiz,Fabian RUIZ,ESP,Spain,AUT,MF,0,3,3,0.875,0.375,14.6875,0.059800664451827246,1.7940199335548173,0.41860465116279066,2.345971563981043,0.5118483412322274,1.5825301204819275,1.812289156626506,15.870481927710845,1.7825301204819275,1.4002891566265063,4.246987951807229,6.0,1,0,0,0,1,0.0,0,0,0.009711670376827963,0.019843528450509813,0.080883405226247
2026-M084-ESP-AUT,84,2026-07-02,Round of 32,ESP_gavi,GAVI,ESP,Spain,AUT,MF,0,3,1,0.375,0.375,1.9249999999999998,0.07171314741035857,0.7171314741035857,0.14342629482071714,0.8385093167701864,0.11180124223602485,1.5825301204819275,1.812289156626506,15.870481927710845,1.7825301204819275,1.4002891566265063,4.246987951807229,6.0,1,0,0,0,1,5.0,0,0,0.001532688772849955,0.01126831527424167,0.003819737054257272
2026-M084-ESP-AUT,84,2026-07-02,Round of 32,ESP_yeremy_pino,Yeremy PINO,ESP,Spain,AUT,FW,0,3,2,0.625,0.125,20.26875,0.07228915662650602,0.3614457831325301,0.14457831325301204,0.2830188679245283,0.11320754716981132,1.5825301204819275,1.812289156626506,15.870481927710845,1.7825301204819275,1.4002891566265063,4.246987951807229,6.0,1,0,0,0,0,0.0,0,0,0.01614831555649443,0.025873863597149223,0.02304308732441017
2026-M084-ESP-AUT,84,2026-07-02,Round of 32,ESP_nico_williams,Nico WILLIAMS,ESP,Spain,AUT,FW,0,3,3,0.875,0.125,12.5625,0.08,0.4,0.16,0.3333333333333333,0.13333333333333333,1.5825301204819275,1.812289156626506,15.870481927710845,1.7825301204819275,1.4002891566265063,4.246987951807229,6.0,1,0,0,0,0,0.0,0,0,0.011104550868242025,0.026314022227686442,0.022346413947071497
2026-M084-ESP-AUT,84,2026-07-02,Round of 32,ESP_martin_zubimendi,Martin ZUBIMENDI,ESP,Spain,AUT,MF,0,3,0,0.125,0.125,1.9249999999999998,0.1,0.5,0.2,0.5,0.2,1.5825301204819275,1.812289156626506,15.870481927710845,1.7825301204819275,1.4002891566265063,4.246987951807229,6.0,1,0,0,0,0,0.0,0,0,0.00213660309602548,0.012280770708925675,0.004064802250779885
2026-M084-ESP-AUT,84,2026-07-02,Round of 32,ESP_victor_munoz,Victor MUNOZ,ESP,Spain,AUT,FW,0,3,0,0.125,0.125,1.9249999999999998,0.1,0.5,0.2,0.5,0.2,1.5825301204819275,1.812289156626506,15.870481927710845,1.7825301204819275,1.4002891566265063,4.246987951807229,6.0,1,0,0,0,0,0.0,0,0,0.00213660309602548,0.02365384634471595,0.01977499478126415
2026-M084-ESP-AUT,84,2026-07-02,Round of 32,ESP_borja_iglesias,Borja IGLESIAS,ESP,Spain,AUT,FW,0,3,0,0.125,0.125,1.9249999999999998,0.1,0.5,0.2,0.5,0.2,1.5825301204819275,1.812289156626506,15.870481927710845,1.7825301204819275,1.4002891566265063,4.246987951807229,6.0,1,0,0,0,0,0.0,0,0,0.00213660309602548,0.02365384634471595,0.01977499478126415
2026-M085-SUI-ALG,85,2026-07-02,Round of 32,ALG_luca_zidane,Luca ZIDANE,ALG,Algeria,SUI,GK,1,3,2,0.625,0.625,90.0,0.05,0.25,0.1,0.16666666666666666,0.06666666666666667,1.5827380952380952,1.2963333333333336,12.079166666666666,1.1827380952380953,0.9823333333333334,4.251190476190476,5.0,1,0,0,0,1,90.0,0,0,0.048770575499285984,0.004756840322835664,0.011940319217918549
2026-M085-SUI-ALG,85,2026-07-02,Round of 32,ALG_aissa_mandi,Aissa MANDI,ALG,Algeria,SUI,DF,1,3,3,0.875,0.875,90.0,0.04,0.2,0.08,0.125,0.05,1.5827380952380952,1.2963333333333336,12.079166666666666,1.1827380952380953,0.9823333333333334,4.251190476190476,5.0,1,0,0,0,1,90.0,0,0,0.03921056084767682,0.00961435248947806,0.007312530413787317
2026-M085-SUI-ALG,85,2026-07-02,Round of 32,ALG_ramiz_zerrouki,Ramiz ZERROUKI,ALG,Algeria,SUI,MF,1,3,2,0.625,0.375,45.0,0.07725321888412018,0.38626609442060084,0.15450643776824036,0.3146853146853147,0.1258741258741259,1.5827380952380952,1.2963333333333336,12.079166666666666,1.1827380952380953,0.9823333333333334,4.251190476190476,5.0,1,0,0,0,1,59.0,0,0,0.03789011516751417,0.028528642381658847,0.04620828438890812
2026-M085-SUI-ALG,85,2026-07-02,Round of 32,ALG_riyad_mahrez,Riyad MAHREZ,ALG,Algeria,SUI,FW,1,3,3,0.875,0.625,83.0,0.2903225806451613,1.4516129032258065,0.8225806451612904,1.7553191489361701,1.0212765957446808,1.5827380952380952,1.2963333333333336,12.079166666666666,1.1827380952380953,0.9823333333333334,4.251190476190476,5.0,1,0,0,0,1,71.0,1,0,0.23489479786813683,0.14613112244476825,0.1403794509112359
2026-M085-SUI-ALG,85,2026-07-02,Round of 32,ALG_houssem_aouar,Houssem AOUAR,ALG,Algeria,SUI,MF,1,3,2,0.625,0.375,90.0,0.060810810810810814,0.6081081081081081,0.12162162162162163,0.6553398058252428,0.08737864077669903,1.5827380952380952,1.2963333333333336,12.079166666666666,1.1827380952380953,0.9823333333333334,4.251190476190476,5.0,1,0,0,0,1,58.0,2,1,0.058998749799793804,0.041974283542959095,0.052740481357401066
2026-M085-SUI-ALG,85,2026-07-02,Round of 32,ALG_fares_chaibi,Fares CHAIBI,ALG,Algeria,SUI,MF,1,3,3,0.875,0.875,90.0,0.04,1.8,0.48,2.125,0.55,1.5827380952380952,1.2963333333333336,12.079166666666666,1.1827380952380953,0.9823333333333334,4.251190476190476,5.0,1,0,0,0,1,90.0,1,1,0.03921056084767682,0.05518551589725605,0.07243007252754605
2026-M085-SUI-ALG,85,2026-07-02,Round of 32,ALG_rayan_ait_nouri,Rayan AIT-NOURI,ALG,Algeria,SUI,DF,1,3,3,0.875,0.625,87.5,0.0481283422459893,0.48128342245989303,0.0962566844919786,0.4753521126760563,0.06338028169014084,1.5827380952380952,1.2963333333333336,12.079166666666666,1.1827380952380953,0.9823333333333334,4.251190476190476,5.0,1,0,0,0,1,90.0,0,0,0.04571360086470233,0.01306625204734751,0.01622136838498578
2026-M085-SUI-ALG,85,2026-07-02,Round of 32,ALG_rafik_belghali,Raﬁk BELGHALI,ALG,Algeria,SUI,DF,1,3,3,0.875,0.875,83.66666666666667,0.2505800464037123,0.8352668213457076,0.29234338747099764,0.9237536656891495,0.31671554252199413,1.5827380952380952,1.2963333333333336,12.079166666666666,1.1827380952380953,0.9823333333333334,4.251190476190476,5.0,1,0,0,0,1,82.0,0,0,0.2078041526512412,0.020364385589152073,0.030321963813793727
2026-M085-SUI-ALG,85,2026-07-02,Round of 32,ALG_nabil_bentaleb,Nabil BENTALEB,ALG,Algeria,SUI,MF,1,3,3,0.875,0.625,86.0,0.04534005037783375,0.4534005037783375,0.0906801007556675,0.43973941368078173,0.05863192182410423,1.5827380952380952,1.2963333333333336,12.079166666666666,1.1827380952380953,0.9823333333333334,4.251190476190476,5.0,1,0,0,0,1,71.0,0,0,0.04239982024824951,0.030980787785996344,0.03762509745310533
2026-M085-SUI-ALG,85,2026-07-02,Round of 32,ALG_ramy_bensebaini,Ramy BENSEBAINI,ALG,Algeria,SUI,DF,1,3,3,0.875,0.875,90.0,0.04,0.6,0.08,0.625,0.05,1.5827380952380952,1.2963333333333336,12.079166666666666,1.1827380952380953,0.9823333333333334,4.251190476190476,5.0,1,0,0,0,1,90.0,0,0,0.03921056084767682,0.011893397129199961,0.013227422977639187
2026-M085-SUI-ALG,85,2026-07-02,Round of 32,ALG_ibrahim_maza,Ibrahim MAZA,ALG,Algeria,SUI,MF,1,3,3,0.875,0.875,87.33333333333333,0.04072398190045249,1.832579185520362,0.6923076923076923,2.1732954545454546,0.8181818181818182,1.5827380952380952,1.2963333333333336,12.079166666666666,1.1827380952380953,0.9823333333333334,4.251190476190476,5.0,1,0,0,0,1,90.0,3,0,0.03874671947636732,0.05530783438708546,0.07849409558537875
2026-M085-SUI-ALG,85,2026-07-02,Round of 32,ALG_melvin_mastil,Melvin MASTIL,ALG,Algeria,SUI,GK,0,3,0,0.125,0.125,1.9249999999999998,0.1,0.5,0.2,0.5,0.2,1.5827380952380952,1.2963333333333336,12.079166666666666,1.1827380952380953,0.9823333333333334,4.251190476190476,5.0,1,0,0,0,0,0.0,0,0,0.00213660309602548,0.001047988490631953,0.0011503378565383157
2026-M085-SUI-ALG,85,2026-07-02,Round of 32,ALG_oussama_benbot,Oussama BENBOT,ALG,Algeria,SUI,GK,0,3,1,0.375,0.375,1.9249999999999998,0.06666666666666667,0.3333333333333333,0.13333333333333333,0.25,0.1,1.5827380952380952,1.2963333333333336,12.079166666666666,1.1827380952380953,0.9823333333333334,4.251190476190476,5.0,1,0,0,0,0,0.0,0,0,0.0014249097765947072,0.0007750175108981123,0.0010877050255600643
2026-M085-SUI-ALG,85,2026-07-02,Round of 32,ALG_achref_abada,Achref ABADA,ALG,Algeria,SUI,DF,0,3,0,0.125,0.125,1.9249999999999998,0.1,0.5,0.2,0.5,0.2,1.5827380952380952,1.2963333333333336,12.079166666666666,1.1827380952380953,0.9823333333333334,4.251190476190476,5.0,1,0,0,0,0,0.0,0,0,0.00213660309602548,0.0026870483821632403,0.000878464477701972
2026-M085-SUI-ALG,85,2026-07-02,Round of 32,ALG_mohamed_amine_tougai,Mohamed Amine TOUGAI,ALG,Algeria,SUI,DF,0,3,0,0.125,0.125,1.9249999999999998,0.1,0.5,0.2,0.5,0.2,1.5827380952380952,1.2963333333333336,12.079166666666666,1.1827380952380953,0.9823333333333334,4.251190476190476,5.0,1,0,0,0,0,0.0,0,0,0.00213660309602548,0.0026870483821632403,0.000878464477701972
2026-M085-SUI-ALG,85,2026-07-02,Round of 32,ALG_zineddine_belaid,Zineddine BELAID,ALG,Algeria,SUI,DF,0,3,2,0.625,0.125,6.7562500000000005,0.08866995073891626,0.4433497536945813,0.17733990147783252,0.39823008849557523,0.1592920353982301,1.5827380952380952,1.2963333333333336,12.079166666666666,1.1827380952380953,0.9823333333333334,4.251190476190476,5.0,1,0,0,0,0,0.0,0,0,0.006634299157490808,0.0026249024445394757,0.0008404521405502163
2026-M085-SUI-ALG,85,2026-07-02,Round of 32,ALG_amine_gouiri,Amine GOUIRI,ALG,Algeria,SUI,FW,0,3,3,0.875,0.875,1.9249999999999998,0.26932668329177056,0.8977556109725686,0.5386533665835411,1.0128617363344052,0.6366559485530547,1.5827380952380952,1.2963333333333336,12.079166666666666,1.1827380952380953,0.9823333333333334,4.251190476190476,5.0,1,0,0,0,1,31.0,0,0,0.005744038070774504,0.013901792250193949,0.0071428779291898255
2026-M085-SUI-ALG,85,2026-07-02,Round of 32,ALG_anis_hadj_moussa,Anis HADJ MOUSSA,ALG,Algeria,SUI,FW,0,3,2,0.625,0.375,4.7250000000000005,0.06976744186046512,1.0465116279069768,0.48837209302325574,1.3392857142857142,0.6428571428571429,1.5827380952380952,1.2963333333333336,12.079166666666666,1.1827380952380953,0.9823333333333334,4.251190476190476,5.0,1,0,0,0,1,19.0,0,0,0.003656090862354633,0.012161476875520896,0.005872303731002567
2026-M085-SUI-ALG,85,2026-07-02,Round of 32,ALG_nadhir_benbouali,Nadhir BENBOUALI,ALG,Algeria,SUI,FW,0,3,1,0.375,0.125,15.187500000000002,0.48,1.2,0.96,1.6666666666666667,1.4666666666666668,1.5827380952380952,1.2963333333333336,12.079166666666666,1.1827380952380953,0.9823333333333334,4.251190476190476,5.0,1,0,0,0,0,0.0,0,0,0.07780630855539195,0.0328827273630217,0.09931857052281348
2026-M085-SUI-ALG,85,2026-07-02,Round of 32,ALG_jaouen_hadjam,Jaouen HADJAM,ALG,Algeria,SUI,DF,0,3,2,0.625,0.375,1.6875,0.0703125,0.3515625,0.140625,0.2710843373493976,0.10843373493975904,1.5827380952380952,1.2963333333333336,12.079166666666666,1.1827380952380953,0.9823333333333334,4.251190476190476,5.0,1,0,0,0,1,32.0,1,0,0.0013174907210538045,0.0019943009886336086,0.00082668941002448
2026-M085-SUI-ALG,85,2026-07-02,Round of 32,ALG_hicham_boudaoui,Hicham BOUDAOUI,ALG,Algeria,SUI,MF,0,3,2,0.625,0.625,1.9249999999999998,0.06228373702422145,0.31141868512110726,0.1245674740484429,0.22613065326633167,0.09045226130653267,1.5827380952380952,1.2963333333333336,12.079166666666666,1.1827380952380953,0.9823333333333334,4.251190476190476,5.0,1,0,0,0,1,19.0,0,0,0.001331292973018039,0.004087200657330834,0.001547077327949967
2026-M085-SUI-ALG,85,2026-07-02,Round of 32,ALG_mohamed_amoura,Mohamed AMOURA,ALG,Algeria,SUI,FW,0,3,1,0.375,0.125,8.775,0.08737864077669903,0.4368932038834951,0.17475728155339806,0.3879310344827586,0.15517241379310345,1.5827380952380952,1.2963333333333336,12.079166666666666,1.1827380952380953,0.9823333333333334,4.251190476190476,5.0,1,0,0,0,0,0.0,0,0,0.008483230076768433,0.012895801746424834,0.007733753589862802
2026-M085-SUI-ALG,85,2026-07-02,Round of 32,ALG_adil_boulbina,Adil BOULBINA,ALG,Algeria,SUI,FW,0,3,1,0.375,0.125,2.7,0.09574468085106383,0.4787234042553192,0.19148936170212766,0.45918367346938777,0.1836734693877551,1.5827380952380952,1.2963333333333336,12.079166666666666,1.1827380952380953,0.9823333333333334,4.251190476190476,5.0,1,0,0,0,1,8.0,0,0,0.0028682192025679676,0.01263697454401841,0.004835882085730812
2026-M085-SUI-ALG,85,2026-07-02,Round of 32,ALG_yassine_titraoui,Yassine TITRAOUI,ALG,Algeria,SUI,MF,0,3,0,0.125,0.125,1.9249999999999998,0.1,0.5,0.2,0.5,0.2,1.5827380952380952,1.2963333333333336,12.079166666666666,1.1827380952380953,0.9823333333333334,4.251190476190476,5.0,1,0,0,0,0,0.0,0,0,0.00213660309602548,0.006688835245284435,0.0016981568975286468
2026-M085-SUI-ALG,85,2026-07-02,Round of 32,ALG_fares_ghedjemis,Fares GHEDJEMIS,ALG,Algeria,SUI,FW,0,3,1,0.375,0.125,0.0,0.1,0.5,0.2,0.5,0.2,1.5827380952380952,1.2963333333333336,12.079166666666666,1.1827380952380953,0.9823333333333334,4.251190476190476,5.0,1,0,0,0,0,0.0,0,0,0.0,0.012500778817563736,0.016467016830212698
2026-M085-SUI-ALG,85,2026-07-02,Round of 32,ALG_samir_chergui,Samir CHERGUI,ALG,Algeria,SUI,DF,0,3,1,0.375,0.125,6.4125000000000005,0.09045226130653267,0.45226130653266333,0.18090452261306533,0.41284403669724773,0.1651376146788991,1.5827380952380952,1.2963333333333336,12.079166666666666,1.1827380952380953,0.9823333333333334,4.251190476190476,5.0,1,0,0,0,0,0.0,0,0,0.006424000928068496,0.0026722673276651406,0.0008404521405502163
2026-M085-SUI-ALG,85,2026-07-02,Round of 32,SUI_gregor_kobel,Gregor KOBEL,SUI,Switzerland,ALG,GK,1,3,3,0.875,0.875,90.0,0.04,0.2,0.08,0.125,0.05,1.9827380952380953,1.8303333333333334,13.879166666666666,1.9827380952380953,1.1003333333333334,4.251190476190476,8.0,1,0,0,0,1,90.0,0,0,0.03921056084767682,0.0055032831276427925,0.014924835023183987
2026-M085-SUI-ALG,85,2026-07-02,Round of 32,SUI_nico_elvedi,Nico ELVEDI,SUI,Switzerland,ALG,DF,1,3,3,0.875,0.875,90.0,0.04,0.6,0.08,0.625,0.05,1.9827380952380953,1.8303333333333334,13.879166666666666,1.9827380952380953,1.1003333333333334,4.251190476190476,8.0,1,0,0,0,1,90.0,1,0,0.03921056084767682,0.0173161319258671,0.02004917959179522
2026-M085-SUI-ALG,85,2026-07-02,Round of 32,SUI_manuel_akanji,Manuel AKANJI,SUI,Switzerland,ALG,DF,1,3,3,0.875,0.875,90.0,0.04,0.4,0.27999999999999997,0.375,0.3,1.9827380952380953,1.8303333333333334,13.879166666666666,1.9827380952380953,1.1003333333333334,4.251190476190476,8.0,1,0,0,0,1,90.0,0,0,0.03921056084767682,0.015720284677883747,0.03766405704462735
2026-M085-SUI-ALG,85,2026-07-02,Round of 32,SUI_denis_zakaria,Denis ZAKARIA,SUI,Switzerland,ALG,MF,1,3,1,0.375,0.375,90.0,0.06666666666666667,1.0,0.4666666666666666,1.25,0.6,1.9827380952380953,1.8303333333333334,13.879166666666666,1.9827380952380953,1.1003333333333334,4.251190476190476,8.0,1,0,0,0,1,87.0,2,1,0.06449301496838222,0.06888431226582908,0.12122162133475024
2026-M085-SUI-ALG,85,2026-07-02,Round of 32,SUI_breel_embolo,Breel EMBOLO,SUI,Switzerland,ALG,FW,1,3,3,0.875,0.875,88.0,0.24324324324324326,1.6216216216216217,0.6891891891891891,1.9067796610169492,0.8135593220338984,1.9827380952380953,1.8303333333333334,13.879166666666666,1.9827380952380953,1.1003333333333334,4.251190476190476,8.0,1,1,1,1,1,83.0,2,1,0.21166948188954715,0.18885066037306802,0.14882435369229263
2026-M085-SUI-ALG,85,2026-07-02,Round of 32,SUI_remo_freuler,Remo FREULER,SUI,Switzerland,ALG,MF,1,3,3,0.875,0.875,89.66666666666667,0.0400890868596882,0.40089086859688194,0.0801781737193764,0.37604456824512533,0.05013927576601671,1.9827380952380953,1.8303333333333334,13.879166666666666,1.9827380952380953,1.1003333333333334,4.251190476190476,8.0,1,0,0,0,1,90.0,1,1,0.039153496677167166,0.03798026656736683,0.05043076017714984
2026-M085-SUI-ALG,85,2026-07-02,Round of 32,SUI_johan_manzambi,Johan MANZAMBI,SUI,Switzerland,ALG,MF,1,3,3,0.875,0.375,85.0,0.935064935064935,2.0454545454545454,0.9935064935064936,2.68348623853211,1.3211009174311927,1.9827380952380953,1.8303333333333334,13.879166666666666,1.9827380952380953,1.1003333333333334,4.251190476190476,8.0,1,0,0,0,1,71.0,0,0,0.5865079054649055,0.4292493336197974,0.42292664533247487
2026-M085-SUI-ALG,85,2026-07-02,Round of 32,SUI_granit_xhaka,Granit XHAKA,SUI,Switzerland,ALG,MF,1,3,3,0.875,0.875,90.0,0.04,1.2,0.27999999999999997,1.375,0.3,1.9827380952380953,1.8303333333333334,13.879166666666666,1.9827380952380953,1.1003333333333334,4.251190476190476,8.0,1,0,0,0,1,90.0,0,0,0.03921056084767682,0.057818952979156485,0.11582870390592774
2026-M085-SUI-ALG,85,2026-07-02,Round of 32,SUI_dan_ndoye,Dan NDOYE,SUI,Switzerland,ALG,FW,1,3,3,0.875,0.625,68.5,0.05504587155963303,3.0275229357798166,1.2110091743119267,3.9873417721518987,1.5949367088607596,1.9827380952380953,1.8303333333333334,13.879166666666666,1.9827380952380953,1.1003333333333334,4.251190476190476,8.0,1,1,1,1,1,87.0,1,1,0.04103051524561585,0.20729928972097536,0.2064621600888049
2026-M085-SUI-ALG,85,2026-07-02,Round of 32,SUI_ricardo_rodriguez,Ricardo RODRIGUEZ,SUI,Switzerland,ALG,DF,1,3,3,0.875,0.875,89.66666666666667,0.0400890868596882,0.20044543429844097,0.0801781737193764,0.12534818941504178,0.05013927576601671,1.9827380952380953,1.8303333333333334,13.879166666666666,1.9827380952380953,1.1003333333333334,4.251190476190476,8.0,1,0,0,0,1,90.0,1,0,0.039153496677167166,0.01398518863286785,0.014110263253264777
2026-M085-SUI-ALG,85,2026-07-02,Round of 32,SUI_ruben_vargas,Ruben VARGAS,SUI,Switzerland,ALG,FW,1,3,3,0.875,0.625,79.5,0.553072625698324,1.7597765363128492,1.106145251396648,2.1828358208955225,1.4104477611940298,1.9827380952380953,1.8303333333333334,13.879166666666666,1.9827380952380953,1.1003333333333334,4.251190476190476,8.0,1,0,0,0,1,71.0,0,0,0.38648311085017295,0.3314643240494764,0.4359723115130211
2026-M085-SUI-ALG,85,2026-07-02,Round of 32,SUI_yvon_mvogo,Yvon MVOGO,SUI,Switzerland,ALG,GK,0,3,0,0.125,0.125,1.9249999999999998,0.1,0.5,0.2,0.5,0.2,1.9827380952380953,1.8303333333333334,13.879166666666666,1.9827380952380953,1.1003333333333334,4.251190476190476,8.0,1,0,0,0,0,0.0,0,0,0.00213660309602548,0.00153348782060206,0.003784767735672612
2026-M085-SUI-ALG,85,2026-07-02,Round of 32,SUI_marvin_keller,Marvin KELLER,SUI,Switzerland,ALG,GK,0,3,0,0.125,0.125,1.9249999999999998,0.1,0.5,0.2,0.5,0.2,1.9827380952380953,1.8303333333333334,13.879166666666666,1.9827380952380953,1.1003333333333334,4.251190476190476,8.0,1,0,0,0,0,0.0,0,0,0.00213660309602548,0.00153348782060206,0.003784767735672612
2026-M085-SUI-ALG,85,2026-07-02,Round of 32,SUI_miro_muheim,Miro MUHEIM,SUI,Switzerland,ALG,DF,0,3,1,0.375,0.125,0.3375,0.09944751381215469,0.4972375690607735,0.19889502762430938,0.4945054945054945,0.1978021978021978,1.9827380952380953,1.8303333333333334,13.879166666666666,1.9827380952380953,1.1003333333333334,4.251190476190476,8.0,1,0,0,0,0,0.0,0,0,0.000372858647726404,0.003820855159128982,0.004808642645694112
2026-M085-SUI-ALG,85,2026-07-02,Round of 32,SUI_silvan_widmer,Silvan WIDMER,SUI,Switzerland,ALG,DF,0,3,2,0.625,0.375,5.4,0.06382978723404255,0.3191489361702128,0.1276595744680851,0.234375,0.09375,1.9827380952380953,1.8303333333333334,13.879166666666666,1.9827380952380953,1.1003333333333334,4.251190476190476,8.0,1,0,0,0,1,3.0,0,0,0.0038224629520441367,0.0028986932320722047,0.0029783641484502567
2026-M085-SUI-ALG,85,2026-07-02,Round of 32,SUI_ardon_jashari,Ardon JASHARI,SUI,Switzerland,ALG,MF,0,3,1,0.375,0.125,0.3375,0.09944751381215469,0.994475138121547,0.19889502762430938,1.4835164835164836,0.1978021978021978,1.9827380952380953,1.8303333333333334,13.879166666666666,1.9827380952380953,1.1003333333333334,4.251190476190476,8.0,1,0,0,0,0,0.0,0,0,0.000372858647726404,0.010382002348325836,0.00950692462500148
2026-M085-SUI-ALG,85,2026-07-02,Round of 32,SUI_djibril_sow,Djibril SOW,SUI,Switzerland,ALG,MF,0,3,2,0.625,0.375,6.4125000000000005,0.06593406593406594,0.32967032967032966,0.13186813186813187,0.2459016393442623,0.09836065573770492,1.9827380952380953,1.8303333333333334,13.879166666666666,1.9827380952380953,1.1003333333333334,4.251190476190476,8.0,1,0,0,0,0,0.0,0,0,0.00468678478435236,0.007355411394729619,0.00372396969183678
2026-M085-SUI-ALG,85,2026-07-02,Round of 32,SUI_christian_fassnacht,Christian FASSNACHT,SUI,Switzerland,ALG,FW,0,3,1,0.375,0.125,1.6875,0.0972972972972973,0.4864864864864865,0.1945945945945946,0.47368421052631576,0.18947368421052632,1.9827380952380953,1.8303333333333334,13.879166666666666,1.9827380952380953,1.1003333333333334,4.251190476190476,8.0,1,0,0,0,0,0.0,0,0,0.0018226612561831335,0.018321941253008536,0.020415499522053234
2026-M085-SUI-ALG,85,2026-07-02,Round of 32,SUI_eray_coemert,Eray COEMERT,SUI,Switzerland,ALG,DF,0,3,0,0.125,0.125,1.9249999999999998,0.1,0.5,0.2,0.5,0.2,1.9827380952380953,1.8303333333333334,13.879166666666666,1.9827380952380953,1.1003333333333334,4.251190476190476,8.0,1,0,0,0,0,0.0,0,0,0.00213660309602548,0.003928884968726525,0.003570529776693739
2026-M085-SUI-ALG,85,2026-07-02,Round of 32,SUI_noah_okafor,Noah OKAFOR,SUI,Switzerland,ALG,FW,0,3,0,0.125,0.125,1.9249999999999998,0.1,0.5,0.2,0.5,0.2,1.9827380952380953,1.8303333333333334,13.879166666666666,1.9827380952380953,1.1003333333333334,4.251190476190476,8.0,1,0,0,0,1,19.0,1,0,0.00213660309602548,0.018729261230199273,0.019792927046213153
2026-M085-SUI-ALG,85,2026-07-02,Round of 32,SUI_michel_aebischer,Michel AEBISCHER,SUI,Switzerland,ALG,MF,0,3,3,0.875,0.625,5.4,0.05405405405405406,0.8108108108108109,0.37837837837837834,0.9259259259259259,0.4444444444444444,1.9827380952380953,1.8303333333333334,13.879166666666666,1.9827380952380953,1.1003333333333334,4.251190476190476,8.0,1,0,0,0,1,3.0,0,0,0.003237989611012959,0.007364087099583925,0.003998285701365989
2026-M085-SUI-ALG,85,2026-07-02,Round of 32,SUI_fabian_rieder,Fabian RIEDER,SUI,Switzerland,ALG,MF,0,3,2,0.625,0.375,8.100000000000001,0.06545454545454546,0.6545454545454545,0.13090909090909092,0.7297297297297297,0.0972972972972973,1.9827380952380953,1.8303333333333334,13.879166666666666,1.9827380952380953,1.1003333333333334,4.251190476190476,8.0,1,0,0,0,1,19.0,2,1,0.005873591707680648,0.008528334690952766,0.0038840875117905137
2026-M085-SUI-ALG,85,2026-07-02,Round of 32,SUI_zeki_amdouni,Zeki AMDOUNI,SUI,Switzerland,ALG,FW,0,3,1,0.375,0.125,3.7125000000000004,0.09424083769633508,0.9424083769633508,0.18848167539267016,1.3366336633663367,0.1782178217821782,1.9827380952380953,1.8303333333333334,13.879166666666666,1.9827380952380953,1.1003333333333334,4.251190476190476,8.0,1,0,0,0,1,7.0,0,0,0.0038798882630032283,0.02051592488131472,0.017219446421555505
2026-M085-SUI-ALG,85,2026-07-02,Round of 32,SUI_aurele_amenda,Aurele AMENDA,SUI,Switzerland,ALG,DF,0,3,0,0.125,0.125,1.9249999999999998,0.1,0.5,0.2,0.5,0.2,1.9827380952380953,1.8303333333333334,13.879166666666666,1.9827380952380953,1.1003333333333334,4.251190476190476,8.0,1,0,0,0,0,0.0,0,0,0.00213660309602548,0.003928884968726525,0.003570529776693739
2026-M085-SUI-ALG,85,2026-07-02,Round of 32,SUI_luca_jaquez,Luca JAQUEZ,SUI,Switzerland,ALG,DF,0,3,2,0.625,0.375,1.35,0.06976744186046512,0.3488372093023256,0.13953488372093023,0.26785714285714285,0.10714285714285714,1.9827380952380953,1.8303333333333334,13.879166666666666,1.9827380952380953,1.1003333333333334,4.251190476190476,8.0,1,0,0,0,0,0.0,0,0,0.0010459642255842283,0.0029010063990758945,0.0027794162327393354
2026-M085-SUI-ALG,85,2026-07-02,Round of 32,SUI_cedric_itten,Cedric ITTEN,SUI,Switzerland,ALG,FW,0,3,2,0.625,0.125,1.7625000000000002,0.0967741935483871,0.4838709677419355,0.1935483870967742,0.46875,0.1875,1.9827380952380953,1.8303333333333334,13.879166666666666,1.9827380952380953,1.1003333333333334,4.251190476190476,8.0,1,0,0,0,0,0.0,0,0,0.0018933666060821919,0.018051046581037813,0.022216074267001385
2026-M086-ARG-CPV,86,2026-07-03,Round of 32,ARG_emiliano_martinez,Emiliano MARTINEZ,ARG,Argentina,CPV,GK,1,3,3,0.875,0.875,90.0,0.04,0.2,0.08,0.125,0.05,2.1805882352941177,1.8066823529411766,11.866470588235293,0.9805882352941175,1.4646823529411765,4.048235294117648,6.0,1,0,0,0,1,90.0,0,0,0.03921056084767682,0.006226796691229074,0.01649964620991682
2026-M086-ARG-CPV,86,2026-07-03,Round of 32,ARG_lisandro_martinez,Lisandro MARTINEZ,ARG,Argentina,CPV,DF,1,3,2,0.625,0.625,90.0,0.05,0.25,0.1,0.16666666666666666,0.06666666666666667,2.1805882352941177,1.8066823529411766,11.866470588235293,0.9805882352941175,1.4646823529411765,4.048235294117648,6.0,1,0,1,0,1,90.0,0,0,0.048770575499285984,0.019890938540831394,0.021031771349966685
2026-M086-ARG-CPV,86,2026-07-03,Round of 32,ARG_rodrigo_de_paul,Rodrigo DE PAUL,ARG,Argentina,CPV,MF,1,3,2,0.625,0.625,86.0,0.05113636363636364,0.2556818181818182,0.10227272727272728,0.1717557251908397,0.06870229007633588,2.1805882352941177,1.8066823529411766,11.866470588235293,0.9805882352941175,1.4646823529411765,4.048235294117648,6.0,1,0,0,0,1,84.0,0,0,0.047689018566846486,0.04640058709379675,0.05447119473201444
2026-M086-ARG-CPV,86,2026-07-03,Round of 32,ARG_lionel_messi,Lionel MESSI,ARG,Argentina,CPV,FW,1,3,3,0.875,0.625,85.0,1.231578947368421,3.789473684210526,2.2263157894736842,4.810344827586207,2.855172413793103,2.1805882352941177,1.8066823529411766,11.866470588235293,0.9805882352941175,1.4646823529411765,4.048235294117648,6.0,1,1,1,1,1,90.0,6,5,0.6875022140331448,0.8790592358623213,0.4994834252887528
2026-M086-ARG-CPV,86,2026-07-03,Round of 32,ARG_cristian_romero,Cristian ROMERO,ARG,Argentina,CPV,DF,1,3,2,0.625,0.625,69.0,0.05660377358490566,0.2830188679245283,0.11320754716981132,0.19736842105263158,0.07894736842105263,2.1805882352941177,1.8066823529411766,11.866470588235293,0.9805882352941175,1.4646823529411765,4.048235294117648,6.0,1,0,0,0,1,90.0,0,0,0.0424680845451364,0.017814416400874746,0.027339012332558792
2026-M086-ARG-CPV,86,2026-07-03,Round of 32,ARG_thiago_almada,Thiago ALMADA,ARG,Argentina,CPV,FW,1,3,3,0.875,0.625,59.5,0.0547112462006079,0.8206686930091185,0.1094224924012158,0.9414225941422594,0.07531380753138076,2.1805882352941177,1.8066823529411766,11.866470588235293,0.9805882352941175,1.4646823529411765,4.048235294117648,6.0,1,0,0,0,1,64.0,0,0,0.0355238866362122,0.0964177388604004,0.14340196051176632
2026-M086-ARG-CPV,86,2026-07-03,Round of 32,ARG_alexis_mac_allister,Alexis MAC ALLISTER,ARG,Argentina,CPV,MF,1,3,3,0.875,0.625,90.0,0.04627249357326478,0.6940874035989717,0.32390745501285345,0.7525083612040134,0.3612040133779264,2.1805882352941177,1.8066823529411766,11.866470588235293,0.9805882352941175,1.4646823529411765,4.048235294117648,6.0,1,0,0,0,1,90.0,2,0,0.04521824515215611,0.05951144762112914,0.06400709622368024
2026-M086-ARG-CPV,86,2026-07-03,Round of 32,ARG_lautaro_martinez,Lautaro MARTINEZ,ARG,Argentina,CPV,FW,1,3,3,0.875,0.875,60.0,0.3,1.25,0.6,1.5,0.7333333333333334,2.1805882352941177,1.8066823529411766,11.866470588235293,0.9805882352941175,1.4646823529411765,4.048235294117648,6.0,1,0,0,0,1,64.0,0,0,0.18126924692201818,0.1610270807375783,0.16990330498805392
2026-M086-ARG-CPV,86,2026-07-03,Round of 32,ARG_enzo_fernandez,Enzo FERNANDEZ,ARG,Argentina,CPV,MF,1,3,2,0.625,0.625,90.0,0.05,0.75,0.1,0.8333333333333334,0.06666666666666667,2.1805882352941177,1.8066823529411766,11.866470588235293,0.9805882352941175,1.4646823529411765,4.048235294117648,6.0,1,0,0,0,1,90.0,2,1,0.048770575499285984,0.06098090587771976,0.0587598885979631
2026-M086-ARG-CPV,86,2026-07-03,Round of 32,ARG_facundo_medina,Facundo MEDINA,ARG,Argentina,CPV,DF,1,3,2,0.625,0.625,86.0,0.05113636363636364,0.2556818181818182,0.10227272727272728,0.1717557251908397,0.06870229007633588,2.1805882352941177,1.8066823529411766,11.866470588235293,0.9805882352941175,1.4646823529411765,4.048235294117648,6.0,1,0,0,0,1,86.0,0,0,0.047689018566846486,0.019466236709898273,0.021078883380303174
2026-M086-ARG-CPV,86,2026-07-03,Round of 32,ARG_nahuel_molina,Nahuel MOLINA,ARG,Argentina,CPV,DF,1,3,2,0.625,0.375,90.0,0.05714285714285714,0.2857142857142857,0.11428571428571428,0.2,0.08,2.1805882352941177,1.8066823529411766,11.866470588235293,0.9805882352941175,1.4646823529411765,4.048235294117648,6.0,1,0,0,0,1,90.0,0,0,0.05554086300513017,0.024016550102947457,0.023089922300295634
2026-M086-ARG-CPV,86,2026-07-03,Round of 32,ARG_juan_musso,Juan MUSSO,ARG,Argentina,CPV,GK,0,3,0,0.125,0.125,1.9249999999999998,0.1,0.5,0.2,0.5,0.2,2.1805882352941177,1.8066823529411766,11.866470588235293,0.9805882352941175,1.4646823529411765,4.048235294117648,6.0,1,0,0,0,0,0.0,0,0,0.00213660309602548,0.0016970204188421316,0.004320970397388716
2026-M086-ARG-CPV,86,2026-07-03,Round of 32,ARG_geronimo_rulli,Geronimo RULLI,ARG,Argentina,CPV,GK,0,3,0,0.125,0.125,1.9249999999999998,0.1,0.5,0.2,0.5,0.2,2.1805882352941177,1.8066823529411766,11.866470588235293,0.9805882352941175,1.4646823529411765,4.048235294117648,6.0,1,0,0,0,0,0.0,0,0,0.00213660309602548,0.0016970204188421316,0.004320970397388716
2026-M086-ARG-CPV,86,2026-07-03,Round of 32,ARG_marcos_senesi,Marcos SENESI,ARG,Argentina,CPV,DF,0,3,1,0.375,0.375,1.9249999999999998,0.06666666666666667,1.0,0.13333333333333333,1.25,0.1,2.1805882352941177,1.8066823529411766,11.866470588235293,0.9805882352941175,1.4646823529411765,4.048235294117648,6.0,1,0,0,0,0,0.0,0,0,0.0014249097765947072,0.004409413521803738,0.004591484480495857
2026-M086-ARG-CPV,86,2026-07-03,Round of 32,ARG_nicolas_tagliafico,Nicolas TAGLIAFICO,ARG,Argentina,CPV,DF,0,3,2,0.625,0.375,2.7,0.06474820143884892,0.3237410071942446,0.12949640287769784,0.2393617021276596,0.09574468085106383,2.1805882352941177,1.8066823529411766,11.866470588235293,0.9805882352941175,1.4646823529411765,4.048235294117648,6.0,1,0,0,0,1,4.0,0,0,0.0019405607157633176,0.0032203612059006244,0.004309206676310142
2026-M086-ARG-CPV,86,2026-07-03,Round of 32,ARG_gonzalo_montiel,Gonzalo MONTIEL,ARG,Argentina,CPV,DF,0,3,1,0.375,0.375,1.9249999999999998,0.08,0.4,0.16,0.3333333333333333,0.13333333333333333,2.1805882352941177,1.8066823529411766,11.866470588235293,0.9805882352941175,1.4646823529411765,4.048235294117648,6.0,1,0,0,0,1,0.0,0,0,0.0017096479951308474,0.003496629267598395,0.004100873342976809
2026-M086-ARG-CPV,86,2026-07-03,Round of 32,ARG_leandro_paredes,Leandro PAREDES,ARG,Argentina,CPV,MF,0,3,2,0.625,0.375,2.7,0.06474820143884892,0.3237410071942446,0.12949640287769784,0.2393617021276596,0.09574468085106383,2.1805882352941177,1.8066823529411766,11.866470588235293,0.9805882352941175,1.4646823529411765,4.048235294117648,6.0,1,0,0,0,1,6.0,0,0,0.0019405607157633176,0.007856300021988947,0.005068734288759785
2026-M086-ARG-CPV,86,2026-07-03,Round of 32,ARG_valentin_barco,Valentin BARCO,ARG,Argentina,CPV,MF,0,3,1,0.375,0.125,6.4125000000000005,0.09045226130653267,0.45226130653266333,0.18090452261306533,0.41284403669724773,0.1651376146788991,2.1805882352941177,1.8066823529411766,11.866470588235293,0.9805882352941175,1.4646823529411765,4.048235294117648,6.0,1,0,0,0,0,0.0,0,0,0.006424000928068496,0.010622141635636908,0.0048929708626326025
2026-M086-ARG-CPV,86,2026-07-03,Round of 32,ARG_julian_alvarez,Julian ALVAREZ,ARG,Argentina,CPV,FW,0,3,3,0.875,0.375,17.91875,0.05572755417956656,0.8359133126934984,0.6687306501547987,0.9656652360515021,0.849785407725322,2.1805882352941177,1.8066823529411766,11.866470588235293,0.9805882352941175,1.4646823529411765,4.048235294117648,6.0,1,0,0,0,1,26.0,0,0,0.011033876506092333,0.021769056693035818,0.042756543571023604
2026-M086-ARG-CPV,86,2026-07-03,Round of 32,ARG_giovani_lo_celso,Giovani LO CELSO,ARG,Argentina,CPV,MF,0,3,1,0.375,0.375,1.9249999999999998,0.45,0.75,0.5249999999999999,0.9,0.72,2.1805882352941177,1.8066823529411766,11.866470588235293,0.9805882352941175,1.4646823529411765,4.048235294117648,6.0,1,0,0,0,0,0.0,0,0,0.009578827941594592,0.018546223518594855,0.0444800568776825
2026-M086-ARG-CPV,86,2026-07-03,Round of 32,ARG_exequiel_palacios,Exequiel PALACIOS,ARG,Argentina,CPV,MF,0,3,1,0.375,0.375,1.9249999999999998,0.06666666666666667,0.3333333333333333,0.13333333333333333,0.25,0.1,2.1805882352941177,1.8066823529411766,11.866470588235293,0.9805882352941175,1.4646823529411765,4.048235294117648,6.0,1,0,0,0,0,0.0,0,0,0.0014249097765947072,0.007978029185608347,0.004880242225267721
2026-M086-ARG-CPV,86,2026-07-03,Round of 32,ARG_nico_gonzalez,Nico GONZALEZ,ARG,Argentina,CPV,MF,0,3,2,0.625,0.125,17.625,0.075,1.125,0.15,1.5,0.12,2.1805882352941177,1.8066823529411766,11.866470588235293,0.9805882352941175,1.4646823529411765,4.048235294117648,6.0,1,0,0,0,1,26.0,2,0,0.014580164809631535,0.014384695864340344,0.025276475361299608
2026-M086-ARG-CPV,86,2026-07-03,Round of 32,ARG_giuliano_simeone,Giuliano SIMEONE,ARG,Argentina,CPV,FW,0,3,1,0.375,0.375,1.9249999999999998,0.07171314741035857,0.35856573705179284,0.14342629482071714,0.2795031055900621,0.11180124223602485,2.1805882352941177,1.8066823529411766,11.866470588235293,0.9805882352941175,1.4646823529411765,4.048235294117648,6.0,1,0,0,0,0,0.0,0,0,0.001532688772849955,0.016167051269827218,0.017793729222767885
2026-M086-ARG-CPV,86,2026-07-03,Round of 32,ARG_nico_paz,Nico PAZ,ARG,Argentina,CPV,FW,0,3,2,0.625,0.375,3.375,0.07171314741035857,0.7171314741035857,0.14342629482071714,0.8385093167701864,0.11180124223602485,2.1805882352941177,1.8066823529411766,11.866470588235293,0.9805882352941175,1.4646823529411765,4.048235294117648,6.0,1,0,0,0,0,0.0,0,0,0.002685630253125626,0.018751553429567705,0.018491257047932034
2026-M086-ARG-CPV,86,2026-07-03,Round of 32,ARG_nicolas_otamendi,Nicolas OTAMENDI,ARG,Argentina,CPV,DF,0,3,3,0.875,0.375,12.3375,0.057692307692307696,0.5769230769230769,0.11538461538461539,0.6081081081081081,0.08108108108108109,2.1805882352941177,1.8066823529411766,11.866470588235293,0.9805882352941175,1.4646823529411765,4.048235294117648,6.0,1,0,0,0,0,0.0,0,0,0.00787746272408374,0.003785408726536496,0.007452336785528478
2026-M086-ARG-CPV,86,2026-07-03,Round of 32,ARG_jose_manuel_lopez,Jose Manuel LOPEZ,ARG,Argentina,CPV,FW,0,3,1,0.375,0.125,2.7,0.09574468085106383,0.9574468085106383,0.19148936170212766,1.3775510204081634,0.1836734693877551,2.1805882352941177,1.8066823529411766,11.866470588235293,0.9805882352941175,1.4646823529411765,4.048235294117648,6.0,1,0,0,0,0,0.0,0,0,0.0028682192025679676,0.02314352598969012,0.019131226349958078
2026-M086-ARG-CPV,86,2026-07-03,Round of 32,CPV_vozinha,VOZINHA,CPV,Cabo Verde,ARG,GK,1,3,3,0.875,0.875,90.0,0.04,0.2,0.08,0.125,0.05,0.9805882352941175,0.9046823529411766,11.466470588235293,0.7805882352941176,0.8966823529411766,2.248235294117647,7.0,1,0,0,0,1,90.0,0,0,0.03921056084767682,0.006003409392616968,0.011731386665164753
2026-M086-ARG-CPV,86,2026-07-03,Round of 32,CPV_diney_borges,DINEY BORGES,CPV,Cabo Verde,ARG,DF,1,3,3,0.875,0.875,90.0,0.04,0.6,0.27999999999999997,0.625,0.3,0.9805882352941175,0.9046823529411766,11.466470588235293,0.7805882352941176,0.8966823529411766,2.248235294117647,7.0,1,0,0,0,1,90.0,0,0,0.03921056084767682,0.01977864794854525,0.017952072615559252
2026-M086-ARG-CPV,86,2026-07-03,Round of 32,CPV_pico_lopes,PICO LOPES,CPV,Cabo Verde,ARG,DF,1,3,3,0.875,0.875,90.0,0.04,0.6,0.08,0.625,0.05,0.9805882352941175,0.9046823529411766,11.466470588235293,0.7805882352941176,0.8966823529411766,2.248235294117647,7.0,1,0,0,0,1,90.0,0,0,0.03921056084767682,0.019277915565372807,0.010969592989969764
2026-M086-ARG-CPV,86,2026-07-03,Round of 32,CPV_kevin_pina,KEVIN PINA,CPV,Cabo Verde,ARG,MF,1,3,3,0.875,0.875,83.66666666666667,0.2505800464037123,1.0440835266821347,0.29234338747099764,1.187683284457478,0.31671554252199413,0.9805882352941175,0.9046823529411766,11.466470588235293,0.7805882352941176,0.8966823529411766,2.248235294117647,7.0,1,0,0,0,1,90.0,1,0,0.2078041526512412,0.08302615941647416,0.05819150856306596
2026-M086-ARG-CPV,86,2026-07-03,Round of 32,CPV_jovane_cabral,JOVANE CABRAL,CPV,Cabo Verde,ARG,MF,1,3,1,0.375,0.375,61.0,0.07468879668049792,0.7468879668049793,0.14937759336099585,0.8940397350993378,0.11920529801324503,0.9805882352941175,0.9046823529411766,11.466470588235293,0.7805882352941176,0.8966823529411766,2.248235294117647,7.0,1,0,0,0,1,80.0,1,0,0.049362442798136286,0.05734584157068849,0.07955844653200539
2026-M086-ARG-CPV,86,2026-07-03,Round of 32,CPV_sidny_lopes_cabral,SIDNY LOPES CABRAL,CPV,Cabo Verde,ARG,DF,1,2,2,0.8333333333333334,0.8333333333333334,83.0,0.05202312138728324,0.7803468208092486,0.10404624277456648,0.87890625,0.0703125,0.9805882352941175,0.9046823529411766,11.466470588235293,0.7805882352941176,0.8966823529411766,2.248235294117647,12.0,1,0,1,0,1,90.0,0,0,0.04684417489229753,0.026994045568674404,0.011590620982319865
2026-M086-ARG-CPV,86,2026-07-03,Round of 32,CPV_deroy_duarte,DEROY DUARTE,CPV,Cabo Verde,ARG,MF,1,3,3,0.875,0.375,90.0,0.05232558139534884,0.5232558139534884,0.10465116279069768,0.531496062992126,0.07086614173228346,0.9805882352941175,0.9046823529411766,11.466470588235293,0.7805882352941176,0.8966823529411766,2.248235294117647,7.0,1,1,1,1,1,90.0,2,2,0.05098016666371208,0.060158933663666134,0.033609253689769324
2026-M086-ARG-CPV,86,2026-07-03,Round of 32,CPV_laros_duarte,LAROS DUARTE,CPV,Cabo Verde,ARG,MF,1,3,3,0.875,0.375,61.0,0.06451612903225806,1.2903225806451613,1.096774193548387,1.6666666666666667,1.5238095238095237,0.9805882352941175,0.9046823529411766,11.466470588235293,0.7805882352941176,0.8966823529411766,2.248235294117647,7.0,1,0,0,0,1,67.0,0,0,0.042785331389529,0.06810173472729561,0.11495741095572484
2026-M086-ARG-CPV,86,2026-07-03,Round of 32,CPV_ryan_mendes,RYAN MENDES,CPV,Cabo Verde,ARG,FW,1,3,3,0.875,0.875,84.0,0.041666666666666664,1.0416666666666667,0.08333333333333333,1.1842105263157894,0.05263157894736842,0.9805882352941175,0.9046823529411766,11.466470588235293,0.7805882352941176,0.8966823529411766,2.248235294117647,7.0,1,0,0,0,1,80.0,2,0,0.038142423726775454,0.10581803517930466,0.16949767943600713
2026-M086-ARG-CPV,86,2026-07-03,Round of 32,CPV_nuno_da_costa,NUNO DA COSTA,CPV,Cabo Verde,ARG,MF,1,3,3,0.875,0.125,80.0,0.06666666666666667,0.6666666666666666,0.13333333333333333,0.75,0.1,0.9805882352941175,0.9046823529411766,11.466470588235293,0.7805882352941176,0.8966823529411766,2.248235294117647,7.0,1,0,0,0,1,67.0,0,0,0.05753760462211932,0.07072683339811996,0.0395203549024038
2026-M086-ARG-CPV,86,2026-07-03,Round of 32,CPV_steven_moreira,STEVEN MOREIRA,CPV,Cabo Verde,ARG,DF,1,3,3,0.875,0.625,90.0,0.05,0.5,0.1,0.5,0.06666666666666667,0.9805882352941175,0.9046823529411766,11.466470588235293,0.7805882352941176,0.8966823529411766,2.248235294117647,7.0,1,0,0,0,1,90.0,0,0,0.048770575499285984,0.02164101149259441,0.012362955036302862
2026-M086-ARG-CPV,86,2026-07-03,Round of 32,CPV_marcio_rosa,MARCIO ROSA,CPV,Cabo Verde,ARG,GK,0,3,0,0.125,0.125,1.9249999999999998,0.1,0.5,0.2,0.5,0.2,0.9805882352941175,0.9046823529411766,11.466470588235293,0.7805882352941176,0.8966823529411766,2.248235294117647,7.0,1,0,0,0,0,0.0,0,0,0.00213660309602548,0.0016358720422658664,0.0030049735092302237
2026-M086-ARG-CPV,86,2026-07-03,Round of 32,CPV_cj_dos_santos,CJ DOS SANTOS,CPV,Cabo Verde,ARG,GK,0,3,0,0.125,0.125,1.9249999999999998,0.1,0.5,0.2,0.5,0.2,0.9805882352941175,0.9046823529411766,11.466470588235293,0.7805882352941176,0.8966823529411766,2.248235294117647,7.0,1,0,0,0,0,0.0,0,0,0.00213660309602548,0.0016358720422658664,0.0030049735092302237
2026-M086-ARG-CPV,86,2026-07-03,Round of 32,CPV_stopira,STOPIRA,CPV,Cabo Verde,ARG,DF,0,3,0,0.125,0.125,1.9249999999999998,0.1,0.5,0.2,0.5,0.2,0.9805882352941175,0.9046823529411766,11.466470588235293,0.7805882352941176,0.8966823529411766,2.248235294117647,7.0,1,0,0,0,0,0.0,0,0,0.00213660309602548,0.004219331119259047,0.0026093809485735866
2026-M086-ARG-CPV,86,2026-07-03,Round of 32,CPV_logan_costa,LOGAN COSTA,CPV,Cabo Verde,ARG,DF,0,3,0,0.125,0.125,1.9249999999999998,0.1,0.5,0.2,0.5,0.2,0.9805882352941175,0.9046823529411766,11.466470588235293,0.7805882352941176,0.8966823529411766,2.248235294117647,7.0,1,0,0,0,0,0.0,0,0,0.00213660309602548,0.004219331119259047,0.0026093809485735866
2026-M086-ARG-CPV,86,2026-07-03,Round of 32,CPV_joao_paulo,JOAO PAULO,CPV,Cabo Verde,ARG,MF,0,3,2,0.625,0.375,4.7250000000000005,0.06338028169014084,0.9507042253521126,0.1267605633802817,1.1597938144329898,0.09278350515463918,0.9805882352941175,0.9046823529411766,11.466470588235293,0.7805882352941176,0.8966823529411766,2.248235294117647,7.0,1,0,0,0,0,0.0,0,0,0.0033219349129616216,0.010234948038065107,0.005479552231507657
2026-M086-ARG-CPV,86,2026-07-03,Round of 32,CPV_gilson_benchimol,GILSON BENCHIMOL,CPV,Cabo Verde,ARG,FW,0,3,1,0.375,0.375,1.9249999999999998,0.07563025210084033,0.37815126050420167,0.15126050420168066,0.30405405405405406,0.12162162162162163,0.9805882352941175,0.9046823529411766,11.466470588235293,0.7805882352941176,0.8966823529411766,2.248235294117647,7.0,1,0,0,0,1,0.0,0,0,0.0016163393730398434,0.015897204744207735,0.01868905435954995
2026-M086-ARG-CPV,86,2026-07-03,Round of 32,CPV_jamiro_monteiro,JAMIRO MONTEIRO,CPV,Cabo Verde,ARG,MF,0,3,3,0.875,0.875,1.9249999999999998,0.04390243902439024,1.0975609756097562,0.30731707317073165,1.265625,0.3375,0.9805882352941175,0.9046823529411766,11.466470588235293,0.7805882352941176,0.8966823529411766,2.248235294117647,7.0,1,0,0,0,1,23.0,0,0,0.0009385836448088103,0.00814357241530187,0.006135284694384145
2026-M086-ARG-CPV,86,2026-07-03,Round of 32,CPV_garry_rodrigues,GARRY RODRIGUES,CPV,Cabo Verde,ARG,MF,0,3,2,0.625,0.375,6.075,0.07003891050583658,0.7003891050583657,0.14007782101167315,0.8083832335329342,0.10778443113772455,0.9805882352941175,0.9046823529411766,11.466470588235293,0.7805882352941176,0.8966823529411766,2.248235294117647,7.0,1,0,0,0,0,0.0,0,0,0.00471646882314547,0.009277788897436894,0.00513168541838305
2026-M086-ARG-CPV,86,2026-07-03,Round of 32,CPV_yannick_semedo,YANNICK SEMEDO,CPV,Cabo Verde,ARG,MF,0,3,1,0.375,0.125,3.375,0.09473684210526316,0.47368421052631576,0.18947368421052632,0.45,0.18,0.9805882352941175,0.9046823529411766,11.466470588235293,0.7805882352941176,0.8966823529411766,2.248235294117647,7.0,1,0,0,0,1,0.0,0,0,0.0035463284498206127,0.0101513726476829,0.00514398554138428
2026-M086-ARG-CPV,86,2026-07-03,Round of 32,CPV_willy_semedo,WILLY SEMEDO,CPV,Cabo Verde,ARG,MF,0,3,2,0.625,0.375,9.787500000000001,0.06666666666666667,1.0,0.13333333333333333,1.25,0.1,0.9805882352941175,0.9046823529411766,11.466470588235293,0.7805882352941176,0.8966823529411766,2.248235294117647,7.0,1,0,0,0,1,10.0,0,0,0.007223782148070179,0.010850530539695528,0.005548506471913623
2026-M086-ARG-CPV,86,2026-07-03,Round of 32,CPV_telmo_arcanjo,TELMO ARCANJO,CPV,Cabo Verde,ARG,MF,0,3,2,0.625,0.375,3.7125000000000004,0.07627118644067797,0.3813559322033898,0.15254237288135594,0.3082191780821918,0.1232876712328767,0.9805882352941175,0.9046823529411766,11.466470588235293,0.7805882352941176,0.8966823529411766,2.248235294117647,7.0,1,0,0,0,0,0.0,0,0,0.003141242382453613,0.008103101831937076,0.00514398554138428
2026-M086-ARG-CPV,86,2026-07-03,Round of 32,CPV_dailon_livramento,DAILON LIVRAMENTO,CPV,Cabo Verde,ARG,FW,0,3,2,0.625,0.625,1.9249999999999998,0.059602649006622516,0.5960264900662252,0.11920529801324503,0.6367924528301887,0.08490566037735849,0.9805882352941175,0.9046823529411766,11.466470588235293,0.7805882352941176,0.8966823529411766,2.248235294117647,7.0,1,0,0,0,1,23.0,0,0,0.001274022180865808,0.014403766521586899,0.022338698471786832
2026-M086-ARG-CPV,86,2026-07-03,Round of 32,CPV_wagner_pina,WAGNER PINA,CPV,Cabo Verde,ARG,DF,0,3,1,0.375,0.375,1.9249999999999998,0.06666666666666667,0.6666666666666666,0.13333333333333333,0.75,0.1,0.9805882352941175,0.9046823529411766,11.466470588235293,0.7805882352941176,0.8966823529411766,2.248235294117647,7.0,1,0,0,0,0,0.0,0,0,0.0014249097765947072,0.0036610942832316466,0.002483157319176611
2026-M086-ARG-CPV,86,2026-07-03,Round of 32,CPV_kelvin_pires,KELVIN PIRES,CPV,Cabo Verde,ARG,DF,0,3,0,0.125,0.125,1.9249999999999998,0.1,0.5,0.2,0.5,0.2,0.9805882352941175,0.9046823529411766,11.466470588235293,0.7805882352941176,0.8966823529411766,2.248235294117647,7.0,1,0,0,0,0,0.0,0,0,0.00213660309602548,0.004219331119259047,0.0026093809485735866
2026-M086-ARG-CPV,86,2026-07-03,Round of 32,CPV_helio_varela,HELIO VARELA,CPV,Cabo Verde,ARG,MF,0,3,2,0.625,0.125,17.625,0.45,0.75,0.5249999999999999,0.9,0.72,0.9805882352941175,0.9046823529411766,11.466470588235293,0.7805882352941176,0.8966823529411766,2.248235294117647,7.0,1,0,0,0,1,10.0,0,0,0.08435358623218103,0.022907985408051047,0.04176756037948507
2026-M087-COL-GHA,87,2026-07-03,Round of 32,COL_camilo_vargas,Camilo VARGAS,COL,Colombia,GHA,GK,1,3,3,0.875,0.875,90.0,0.04,0.2,0.08,0.125,0.05,1.3825581395348838,1.412575581395349,16.676162790697674,1.6521317829457365,1.2571463178294575,4.715600775193798,6.0,1,0,0,0,1,90.0,0,0,0.03921056084767682,0.00548105437642632,0.012797480396829803
2026-M087-COL-GHA,87,2026-07-03,Round of 32,COL_daniel_munoz,Daniel MUNOZ,COL,Colombia,GHA,DF,1,3,3,0.875,0.625,90.0,0.5454545454545455,0.9917355371900827,0.5950413223140496,1.1538461538461537,0.7252747252747254,1.3825581395348838,1.412575581395349,16.676162790697674,1.6521317829457365,1.2571463178294575,4.715600775193798,6.0,1,0,0,0,1,90.0,0,0,0.4204217212151905,0.06778727878500075,0.13061972970822902
2026-M087-COL-GHA,87,2026-07-03,Round of 32,COL_jhon_lucumi,Jhon LUCUMI,COL,Colombia,GHA,DF,1,3,3,0.875,0.875,90.0,0.04,0.4,0.08,0.375,0.05,1.3825581395348838,1.412575581395349,16.676162790697674,1.6521317829457365,1.2571463178294575,4.715600775193798,6.0,1,0,0,0,1,90.0,0,0,0.03921056084767682,0.01576986674115271,0.018277099867593252
2026-M087-COL-GHA,87,2026-07-03,Round of 32,COL_luis_diaz,Luis DIAZ,COL,Colombia,GHA,FW,1,3,3,0.875,0.875,90.0,0.24,2.4,0.8800000000000001,2.875,1.05,1.3825581395348838,1.412575581395349,16.676162790697674,1.6521317829457365,1.2571463178294575,4.715600775193798,6.0,1,0,0,0,1,90.0,5,2,0.21337213893344653,0.29082906809953196,0.2908035877763505
2026-M087-COL-GHA,87,2026-07-03,Round of 32,COL_jhon_cordoba,Jhon CORDOBA,COL,Colombia,GHA,FW,1,3,2,0.625,0.375,60.0,0.0661764705882353,0.9926470588235294,0.463235294117647,1.2362637362637363,0.5934065934065934,1.3825581395348838,1.412575581395349,16.676162790697674,1.6521317829457365,1.2571463178294575,4.715600775193798,6.0,1,0,0,0,1,8.0,0,0,0.043158618723220576,0.10550013036025231,0.12305062082922634
2026-M087-COL-GHA,87,2026-07-03,Round of 32,COL_james_rodriguez,James RODRIGUEZ,COL,Colombia,GHA,MF,1,3,3,0.875,0.875,68.66666666666667,0.046632124352331605,1.6321243523316062,0.7927461139896373,1.9763513513513513,0.972972972972973,1.3825581395348838,1.412575581395349,16.676162790697674,1.6521317829457365,1.2571463178294575,4.715600775193798,6.0,1,0,0,0,1,45.0,0,0,0.03495310576831545,0.06747330783074275,0.13537865582781275
2026-M087-COL-GHA,87,2026-07-03,Round of 32,COL_jhon_arias,Jhon ARIAS,COL,Colombia,GHA,MF,1,3,3,0.875,0.875,81.0,0.0425531914893617,1.702127659574468,0.723404255319149,2.027027027027027,0.8648648648648649,1.3825581395348838,1.412575581395349,16.676162790697674,1.6521317829457365,1.2571463178294575,4.715600775193798,6.0,1,1,1,1,1,73.0,1,1,0.037573781960138275,0.0782730924903009,0.13544609128869076
2026-M087-COL-GHA,87,2026-07-03,Round of 32,COL_gustavo_puerta,Gustavo PUERTA,COL,Colombia,GHA,DF,1,3,3,0.875,0.875,86.66666666666667,0.04090909090909091,2.25,0.6954545454545454,2.7,0.8228571428571428,1.3825581395348838,1.412575581395349,16.676162790697674,1.6521317829457365,1.2571463178294575,4.715600775193798,6.0,1,0,0,0,1,90.0,2,1,0.038628087728710736,0.04682164546017823,0.11571462650468448
2026-M087-COL-GHA,87,2026-07-03,Round of 32,COL_jefferson_lerma,Jefferson LERMA,COL,Colombia,GHA,MF,1,3,3,0.875,0.875,90.0,0.04,1.2,0.27999999999999997,1.375,0.3,1.3825581395348838,1.412575581395349,16.676162790697674,1.6521317829457365,1.2571463178294575,4.715600775193798,6.0,1,0,0,0,1,90.0,0,0,0.03921056084767682,0.06124389496565406,0.10965268574681343
2026-M087-COL-GHA,87,2026-07-03,Round of 32,COL_johan_mojica,Johan MOJICA,COL,Colombia,GHA,DF,1,3,2,0.625,0.625,90.0,0.05,0.75,0.35,0.8333333333333334,0.4,1.3825581395348838,1.412575581395349,16.676162790697674,1.6521317829457365,1.2571463178294575,4.715600775193798,6.0,1,0,0,0,1,90.0,1,1,0.048770575499285984,0.023260322579322118,0.036363793812327565
2026-M087-COL-GHA,87,2026-07-03,Round of 32,COL_davinson_sanchez,Davinson SANCHEZ,COL,Colombia,GHA,DF,1,3,3,0.875,0.875,90.0,0.04,0.8,0.27999999999999997,0.875,0.3,1.3825581395348838,1.412575581395349,16.676162790697674,1.6521317829457365,1.2571463178294575,4.715600775193798,6.0,1,0,0,0,1,90.0,2,1,0.03921056084767682,0.02034842019518464,0.033991383237030534
2026-M087-COL-GHA,87,2026-07-03,Round of 32,COL_david_ospina,David OSPINA,COL,Colombia,GHA,GK,0,3,0,0.125,0.125,1.9249999999999998,0.1,0.5,0.2,0.5,0.2,1.3825581395348838,1.412575581395349,16.676162790697674,1.6521317829457365,1.2571463178294575,4.715600775193798,6.0,1,0,0,0,0,0.0,0,0,0.00213660309602548,0.001451252946523504,0.003567715971383909
2026-M087-COL-GHA,87,2026-07-03,Round of 32,COL_alvaro_montero,Alvaro MONTERO,COL,Colombia,GHA,GK,0,3,0,0.125,0.125,1.9249999999999998,0.1,0.5,0.2,0.5,0.2,1.3825581395348838,1.412575581395349,16.676162790697674,1.6521317829457365,1.2571463178294575,4.715600775193798,6.0,1,0,0,0,0,0.0,0,0,0.00213660309602548,0.001451252946523504,0.003567715971383909
2026-M087-COL-GHA,87,2026-07-03,Round of 32,COL_santiago_arias,Santiago ARIAS,COL,Colombia,GHA,DF,0,3,1,0.375,0.375,1.9249999999999998,0.06741573033707865,0.33707865168539325,0.1348314606741573,0.2542372881355932,0.1016949152542373,1.3825581395348838,1.412575581395349,16.676162790697674,1.6521317829457365,1.2571463178294575,4.715600775193798,6.0,1,0,0,0,0,0.0,0,0,0.0014409084586580745,0.002816200153177576,0.0032264511652534533
2026-M087-COL-GHA,87,2026-07-03,Round of 32,COL_kevin_castano,Kevin CASTANO,COL,Colombia,GHA,MF,0,3,2,0.625,0.125,4.1125,0.09278350515463918,0.4639175257731959,0.18556701030927836,0.4326923076923077,0.17307692307692307,1.3825581395348838,1.412575581395349,16.676162790697674,1.6521317829457365,1.2571463178294575,4.715600775193798,6.0,1,0,0,0,0,0.0,0,0,0.004230715920881645,0.00946317349511134,0.004564303443386029
2026-M087-COL-GHA,87,2026-07-03,Round of 32,COL_richard_rios,Richard RIOS,COL,Colombia,GHA,MF,0,3,3,0.875,0.125,14.795833333333334,0.07725321888412018,0.7725321888412017,0.15450643776824036,0.9440559440559441,0.1258741258741259,1.3825581395348838,1.412575581395349,16.676162790697674,1.6521317829457365,1.2571463178294575,4.715600775193798,6.0,1,0,0,0,1,45.0,3,1,0.012619977828185025,0.011315447710347086,0.009855052747165744
2026-M087-COL-GHA,87,2026-07-03,Round of 32,COL_jorge_carrascal,Jorge CARRASCAL,COL,Colombia,GHA,MF,0,3,0,0.125,0.125,1.9249999999999998,0.1,0.5,0.2,0.5,0.2,1.3825581395348838,1.412575581395349,16.676162790697674,1.6521317829457365,1.2571463178294575,4.715600775193798,6.0,1,0,0,0,0,0.0,0,0,0.00213660309602548,0.009306174323055767,0.004787969775374032
2026-M087-COL-GHA,87,2026-07-03,Round of 32,COL_yerry_mina,Yerry MINA,COL,Colombia,GHA,DF,0,3,0,0.125,0.125,1.9249999999999998,0.1,0.5,0.2,0.5,0.2,1.3825581395348838,1.412575581395349,16.676162790697674,1.6521317829457365,1.2571463178294575,4.715600775193798,6.0,1,0,0,0,0,0.0,0,0,0.00213660309602548,0.0037514347731126235,0.0033507404762713753
2026-M087-COL-GHA,87,2026-07-03,Round of 32,COL_juan_portilla,Juan PORTILLA,COL,Colombia,GHA,MF,0,3,0,0.125,0.125,1.9249999999999998,0.1,0.5,0.2,0.5,0.2,1.3825581395348838,1.412575581395349,16.676162790697674,1.6521317829457365,1.2571463178294575,4.715600775193798,6.0,1,0,0,0,0,0.0,0,0,0.00213660309602548,0.009306174323055767,0.004787969775374032
2026-M087-COL-GHA,87,2026-07-03,Round of 32,COL_willer_ditta,Willer DITTA,COL,Colombia,GHA,DF,0,3,0,0.125,0.125,1.9249999999999998,0.1,0.5,0.2,0.5,0.2,1.3825581395348838,1.412575581395349,16.676162790697674,1.6521317829457365,1.2571463178294575,4.715600775193798,6.0,1,0,0,0,0,0.0,0,0,0.00213660309602548,0.0037514347731126235,0.0033507404762713753
2026-M087-COL-GHA,87,2026-07-03,Round of 32,COL_cucho_hernandez,Cucho HERNANDEZ,COL,Colombia,GHA,FW,0,3,1,0.375,0.125,3.375,0.09473684210526316,0.47368421052631576,0.18947368421052632,0.45,0.18,1.3825581395348838,1.412575581395349,16.676162790697674,1.6521317829457365,1.2571463178294575,4.715600775193798,6.0,1,0,0,0,0,0.0,0,0,0.0035463284498206127,0.01822303008876631,0.012754913824074341
2026-M087-COL-GHA,87,2026-07-03,Round of 32,COL_juan_quintero,Juan QUINTERO,COL,Colombia,GHA,MF,0,3,2,0.625,0.125,13.512500000000001,0.07964601769911504,0.7964601769911505,0.1592920353982301,0.9926470588235294,0.1323529411764706,1.3825581395348838,1.412575581395349,16.676162790697674,1.6521317829457365,1.2571463178294575,4.715600775193798,6.0,1,0,0,0,1,17.0,2,0,0.01188675227717828,0.011203090277204647,0.009642534552114798
2026-M087-COL-GHA,87,2026-07-03,Round of 32,COL_jaminton_campaz,Jaminton CAMPAZ,COL,Colombia,GHA,FW,0,3,1,0.375,0.125,6.075,0.09090909090909091,1.3636363636363635,0.6363636363636362,2.0833333333333335,1.0,1.3825581395348838,1.412575581395349,16.676162790697674,1.6521317829457365,1.2571463178294575,4.715600775193798,6.0,1,0,0,0,1,0.0,2,1,0.006117574608771381,0.020298118205314727,0.06587178954584008
2026-M087-COL-GHA,87,2026-07-03,Round of 32,COL_deiver_machado,Deiver MACHADO,COL,Colombia,GHA,DF,0,3,1,0.375,0.375,1.9249999999999998,0.06666666666666667,0.3333333333333333,0.13333333333333333,0.25,0.1,1.3825581395348838,1.412575581395349,16.676162790697674,1.6521317829457365,1.2571463178294575,4.715600775193798,6.0,1,0,0,0,0,0.0,0,0,0.0014249097765947072,0.0028044333562152316,0.0032264511652534533
2026-M087-COL-GHA,87,2026-07-03,Round of 32,COL_luis_suarez,Luis SUAREZ,COL,Colombia,GHA,FW,0,3,3,0.875,0.625,10.125,0.05172413793103448,1.5517241379310345,0.10344827586206896,1.9186046511627908,0.06976744186046512,1.3825581395348838,1.412575581395349,16.676162790697674,1.6521317829457365,1.2571463178294575,4.715600775193798,6.0,1,0,0,0,1,82.0,2,0,0.0058020681283905695,0.022293415040808062,0.1090608702524206
2026-M087-COL-GHA,87,2026-07-03,Round of 32,COL_andres_gomez,Andres GOMEZ,COL,Colombia,GHA,FW,0,3,1,0.375,0.125,0.0,0.1,0.5,0.2,0.5,0.2,1.3825581395348838,1.412575581395349,16.676162790697674,1.6521317829457365,1.2571463178294575,4.715600775193798,6.0,1,0,0,0,0,0.0,0,0,0.0,0.01795126727208459,0.023090929900319936
2026-M087-COL-GHA,87,2026-07-03,Round of 32,GHA_lawrence_ati_zigi,Lawrence Ati ZIGI,GHA,Ghana,COL,GK,1,3,1,0.375,0.375,45.0,0.08,0.4,0.16,0.3333333333333333,0.13333333333333333,0.8187984496124031,0.8321463178294574,7.730135658914729,0.7825581395348837,0.996575581395349,2.6587209302325583,6.0,1,0,0,0,1,90.0,0,0,0.03921056084767682,0.006661166505959573,0.027468023613434814
2026-M087-COL-GHA,87,2026-07-03,Round of 32,GHA_caleb_yirenkyi,Caleb YIRENKYI,GHA,Ghana,COL,MF,1,3,3,0.875,0.625,90.0,0.049315068493150684,0.7397260273972602,0.34520547945205476,0.8181818181818182,0.3927272727272727,0.8187984496124031,0.8321463178294574,7.730135658914729,0.7825581395348837,0.996575581395349,2.6587209302325583,6.0,1,0,0,0,1,79.0,0,0,0.04811882531956668,0.05689772976310828,0.04451055956379921
2026-M087-COL-GHA,87,2026-07-03,Round of 32,GHA_thomas_partey,Thomas PARTEY,GHA,Ghana,COL,MF,1,3,2,0.625,0.625,90.0,0.05,0.25,0.1,0.16666666666666666,0.06666666666666667,0.8187984496124031,0.8321463178294574,7.730135658914729,0.7825581395348837,0.996575581395349,2.6587209302325583,6.0,1,0,0,0,1,90.0,2,0,0.048770575499285984,0.043246435271125434,0.0545488789838054
2026-M087-COL-GHA,87,2026-07-03,Round of 32,GHA_kwasi_sibo,Kwasi SIBO,GHA,Ghana,COL,MF,1,3,3,0.875,0.625,87.5,0.04904632152588556,0.2452316076294278,0.09809264305177112,0.1624548736462094,0.06498194945848375,0.8187984496124031,0.8321463178294574,7.730135658914729,0.7825581395348837,0.996575581395349,2.6587209302325583,6.0,1,0,0,0,1,62.0,0,0,0.04656490231106247,0.04249237305267438,0.04269563621920588
2026-M087-COL-GHA,87,2026-07-03,Round of 32,GHA_jordan_ayew,Jordan AYEW,GHA,Ghana,COL,FW,1,3,3,0.875,0.875,75.0,0.044444444444444446,0.2222222222222222,0.08888888888888889,0.14285714285714285,0.05714285714285714,0.8187984496124031,0.8321463178294574,7.730135658914729,0.7825581395348837,0.996575581395349,2.6587209302325583,6.0,1,0,0,0,1,79.0,0,0,0.03635955569871374,0.060580695219725665,0.13493324906518278
2026-M087-COL-GHA,87,2026-07-03,Round of 32,GHA_antoine_semenyo,Antoine SEMENYO,GHA,Ghana,COL,MF,1,3,3,0.875,0.875,90.0,0.04,0.8,0.08,0.875,0.05,0.8187984496124031,0.8321463178294574,7.730135658914729,0.7825581395348837,0.996575581395349,2.6587209302325583,6.0,1,0,0,0,1,90.0,3,0,0.03921056084767682,0.0484926917026625,0.039743626671989864
2026-M087-COL-GHA,87,2026-07-03,Round of 32,GHA_gideon_mensah,Gideon MENSAH,GHA,Ghana,COL,DF,1,3,3,0.875,0.875,90.0,0.04,0.2,0.08,0.125,0.05,0.8187984496124031,0.8321463178294574,7.730135658914729,0.7825581395348837,0.996575581395349,2.6587209302325583,6.0,1,0,0,0,1,90.0,0,0,0.03921056084767682,0.014254549638176517,0.012403915593886553
2026-M087-COL-GHA,87,2026-07-03,Round of 32,GHA_jerome_opoku,Jerome OPOKU,GHA,Ghana,COL,DF,1,3,2,0.625,0.625,90.0,0.05,0.25,0.1,0.16666666666666666,0.06666666666666667,0.8187984496124031,0.8321463178294574,7.730135658914729,0.7825581395348837,0.996575581395349,2.6587209302325583,6.0,1,0,0,0,1,90.0,0,0,0.048770575499285984,0.017797106484396735,0.01672985169399794
2026-M087-COL-GHA,87,2026-07-03,Round of 32,GHA_inaki_williams,Inaki WILLIAMS,GHA,Ghana,COL,FW,1,3,1,0.375,0.375,66.0,0.07317073170731707,0.36585365853658536,0.14634146341463414,0.28846153846153844,0.11538461538461539,0.8187984496124031,0.8321463178294574,7.730135658914729,0.7825581395348837,0.996575581395349,2.6587209302325583,6.0,1,0,0,0,1,62.0,3,0,0.05224432485569874,0.08898585494403577,0.14891575806480284
2026-M087-COL-GHA,87,2026-07-03,Round of 32,GHA_derrick_luckassen,Derrick LUCKASSEN,GHA,Ghana,COL,DF,1,3,1,0.375,0.375,90.0,0.4,0.6666666666666666,0.4666666666666666,0.75,0.6,0.8187984496124031,0.8321463178294574,7.730135658914729,0.7825581395348837,0.996575581395349,2.6587209302325583,6.0,1,0,0,0,1,90.0,0,0,0.3296799539643607,0.04847988384207116,0.08166933985593387
2026-M087-COL-GHA,87,2026-07-03,Round of 32,GHA_marvin_senaya,Marvin SENAYA,GHA,Ghana,COL,DF,1,3,3,0.875,0.875,89.0,0.040268456375838924,0.6040268456375839,0.08053691275167785,0.6302521008403361,0.05042016806722689,0.8187984496124031,0.8321463178294574,7.730135658914729,0.7825581395348837,0.996575581395349,2.6587209302325583,6.0,1,0,0,0,1,13.0,0,0,0.039038592092246804,0.017790140598387162,0.0152271709311686
2026-M087-COL-GHA,87,2026-07-03,Round of 32,GHA_joseph_anang,Joseph ANANG,GHA,Ghana,COL,GK,0,3,0,0.125,0.125,1.9249999999999998,0.1,0.5,0.2,0.5,0.2,0.8187984496124031,0.8321463178294574,7.730135658914729,0.7825581395348837,0.996575581395349,2.6587209302325583,6.0,1,0,0,0,0,0.0,0,0,0.00213660309602548,0.0014696601924128975,0.003646898186421706
2026-M087-COL-GHA,87,2026-07-03,Round of 32,GHA_benjamin_asare,Benjamin ASARE,GHA,Ghana,COL,GK,0,3,3,0.875,0.625,15.187500000000002,0.044444444444444446,0.2222222222222222,0.08888888888888889,0.14285714285714285,0.05714285714285714,0.8187984496124031,0.8321463178294574,7.730135658914729,0.7825581395348837,0.996575581395349,2.6587209302325583,6.0,1,0,0,0,0,0.0,0,0,0.007471945180861583,0.0009175756983232679,0.013939287928226296
2026-M087-COL-GHA,87,2026-07-03,Round of 32,GHA_alidu_seidu,Alidu SEIDU,GHA,Ghana,COL,DF,0,3,0,0.125,0.125,1.9249999999999998,0.1,0.5,0.2,0.5,0.2,0.8187984496124031,0.8321463178294574,7.730135658914729,0.7825581395348837,0.996575581395349,2.6587209302325583,6.0,1,0,0,0,1,77.0,0,0,0.00213660309602548,0.003798905824237569,0.003264233200522569
2026-M087-COL-GHA,87,2026-07-03,Round of 32,GHA_jonas_adjetey,Jonas ADJETEY,GHA,Ghana,COL,DF,0,3,3,0.875,0.875,1.9249999999999998,0.044444444444444446,0.6666666666666666,0.31111111111111106,0.7142857142857143,0.34285714285714286,0.8187984496124031,0.8321463178294574,7.730135658914729,0.7825581395348837,0.996575581395349,2.6587209302325583,6.0,1,0,0,0,0,0.0,0,0,0.0009501655904808892,0.002372379964084035,0.0032471134992976885
2026-M087-COL-GHA,87,2026-07-03,Round of 32,GHA_abdul_mumin,Abdul MUMIN,GHA,Ghana,COL,DF,0,3,0,0.125,0.125,1.9249999999999998,0.1,0.5,0.2,0.5,0.2,0.8187984496124031,0.8321463178294574,7.730135658914729,0.7825581395348837,0.996575581395349,2.6587209302325583,6.0,1,0,0,0,0,0.0,0,0,0.00213660309602548,0.003798905824237569,0.003264233200522569
2026-M087-COL-GHA,87,2026-07-03,Round of 32,GHA_abdul_fatawu,Abdul FATAWU,GHA,Ghana,COL,FW,0,3,3,0.875,0.125,28.195833333333333,0.06405693950177936,1.2811387900355873,0.12811387900355872,1.649214659685864,0.09424083769633508,0.8187984496124031,0.8321463178294574,7.730135658914729,0.7825581395348837,0.996575581395349,2.6587209302325583,6.0,1,0,0,0,1,28.0,0,0,0.01986818256701328,0.030822080979354977,0.057941367921082745
2026-M087-COL-GHA,87,2026-07-03,Round of 32,GHA_brandon_thomas_asante,Brandon THOMAS-ASANTE,GHA,Ghana,COL,FW,0,3,2,0.625,0.125,14.981250000000001,0.07792207792207792,0.38961038961038963,0.15584415584415584,0.3191489361702128,0.1276595744680851,0.8187984496124031,0.8321463178294574,7.730135658914729,0.7825581395348837,0.996575581395349,2.6587209302325583,6.0,1,0,0,0,0,0.0,0,0,0.012887021190713721,0.019184276656424054,0.027495907243253837
2026-M087-COL-GHA,87,2026-07-03,Round of 32,GHA_christopher_bonsu_baah,Christopher BONSU BAAH,GHA,Ghana,COL,FW,0,3,0,0.125,0.125,1.9249999999999998,0.1,0.5,0.2,0.5,0.2,0.8187984496124031,0.8321463178294574,7.730135658914729,0.7825581395348837,0.996575581395349,2.6587209302325583,6.0,1,0,0,0,0,0.0,0,0,0.00213660309602548,0.01830605393895481,0.021070810307158395
2026-M087-COL-GHA,87,2026-07-03,Round of 32,GHA_elisha_owusu,Elisha OWUSU,GHA,Ghana,COL,MF,0,3,2,0.625,0.625,1.9249999999999998,0.0594059405940594,0.297029702970297,0.1188118811881188,0.2112676056338028,0.08450704225352113,0.8187984496124031,0.8321463178294574,7.730135658914729,0.7825581395348837,0.996575581395349,2.6587209302325583,6.0,1,0,0,0,1,28.0,0,0,0.0012698201579345314,0.005785545970655287,0.007630996108807091
2026-M087-COL-GHA,87,2026-07-03,Round of 32,GHA_baba_rahman,Baba RAHMAN,GHA,Ghana,COL,DF,0,3,1,0.375,0.125,0.0,0.1,0.5,0.2,0.5,0.2,0.8187984496124031,0.8321463178294574,7.730135658914729,0.7825581395348837,0.996575581395349,2.6587209302325583,6.0,1,0,0,0,0,0.0,0,0,0.0,0.0037713411082333204,0.012532975419814293
2026-M087-COL-GHA,87,2026-07-03,Round of 32,GHA_augustine_boakye,Augustine BOAKYE,GHA,Ghana,COL,MF,0,3,0,0.125,0.125,1.9249999999999998,0.1,0.5,0.2,0.5,0.2,0.8187984496124031,0.8321463178294574,7.730135658914729,0.7825581395348837,0.996575581395349,2.6587209302325583,6.0,1,0,0,0,0,0.0,0,0,0.00213660309602548,0.009423270775745882,0.00629701926532786
2026-M087-COL-GHA,87,2026-07-03,Round of 32,GHA_kojo_peprah_oppong,Kojo Peprah OPPONG,GHA,Ghana,COL,DF,0,3,2,0.625,0.125,14.100000000000001,0.07894736842105263,0.39473684210526316,0.15789473684210525,0.32608695652173914,0.13043478260869565,0.8187984496124031,0.8321463178294574,7.730135658914729,0.7825581395348837,0.996575581395349,2.6587209302325583,6.0,1,0,0,0,0,0.0,0,0,0.01229224650933336,0.003974259207768571,0.005609724172202527
2026-M087-COL-GHA,87,2026-07-03,Round of 32,GHA_kamaldeen_sulemana,Kamaldeen SULEMANA,GHA,Ghana,COL,FW,0,3,2,0.625,0.625,1.9249999999999998,0.05825242718446602,0.5825242718446602,0.11650485436893204,0.6164383561643836,0.0821917808219178,0.8187984496124031,0.8321463178294574,7.730135658914729,0.7825581395348837,0.996575581395349,2.6587209302325583,6.0,1,0,0,0,0,0.0,0,0,0.0012451788132789021,0.012902481282613768,0.02025466225620795
2026-M087-COL-GHA,87,2026-07-03,Round of 32,GHA_ernest_nuamah,Ernest NUAMAH,GHA,Ghana,COL,FW,0,3,2,0.625,0.375,6.4125000000000005,0.07003891050583658,0.35019455252918286,0.14007782101167315,0.2694610778443114,0.10778443113772455,0.8187984496124031,0.8321463178294574,7.730135658914729,0.7825581395348837,0.996575581395349,2.6587209302325583,6.0,1,0,0,0,1,11.0,0,0,0.004977841650520398,0.014629287158090639,0.01961773346969858
2026-M087-COL-GHA,87,2026-07-03,Round of 32,GHA_prince_adu,Prince ADU,GHA,Ghana,COL,FW,0,3,2,0.625,0.125,7.6375,0.08737864077669903,0.8737864077669902,0.17475728155339806,1.1637931034482758,0.15517241379310345,0.8187984496124031,0.8321463178294574,7.730135658914729,0.7825581395348837,0.996575581395349,2.6587209302325583,6.0,1,0,0,0,1,11.0,0,0,0.007387624895660694,0.021397774031181083,0.02001642266847337
2026-M088-AUS-EGY,88,2026-07-03,Round of 32,AUS_patrick_beach,Patrick BEACH,AUS,Australia,EGY,GK,1,3,3,0.875,0.875,90.0,0.04,0.2,0.08,0.125,0.05,0.97816091954023,0.8956034482758621,10.08448275862069,1.17816091954023,1.2996034482758623,4.058045977011494,8.0,1,0,0,0,1,90.0,0,0,0.03921056084767682,0.005947793238690848,0.01530807119504605
2026-M088-AUS-EGY,88,2026-07-03,Round of 32,AUS_alessandro_circati,Alessandro CIRCATI,AUS,Australia,EGY,DF,1,3,3,0.875,0.875,90.0,0.04,0.6,0.08,0.625,0.05,0.97816091954023,0.8956034482758621,10.08448275862069,1.17816091954023,1.2996034482758623,4.058045977011494,8.0,1,0,0,0,1,90.0,0,0,0.03921056084767682,0.019134284745579176,0.020603684950590485
2026-M088-AUS-EGY,88,2026-07-03,Round of 32,AUS_jordan_bos,Jordan BOS,AUS,Australia,EGY,DF,1,3,3,0.875,0.875,88.0,0.04054054054054054,1.2162162162162162,0.4864864864864865,1.3983050847457628,0.5593220338983051,0.97816091954023,0.8956034482758621,10.08448275862069,1.17816091954023,1.2996034482758623,4.058045977011494,8.0,1,0,0,0,1,45.0,0,0,0.03886426802779819,0.028884511267584012,0.056366845447363464
2026-M088-AUS-EGY,88,2026-07-03,Round of 32,AUS_connor_metcalfe,Connor METCALFE,AUS,Australia,EGY,MF,1,3,3,0.875,0.625,90.0,0.26666666666666666,0.8888888888888888,0.5333333333333333,1.0,0.6285714285714287,0.97816091954023,0.8956034482758621,10.08448275862069,1.17816091954023,1.2996034482758623,4.058045977011494,8.0,1,0,0,0,1,90.0,2,0,0.2340716616353513,0.10165625841509221,0.06704561330838034
2026-M088-AUS-EGY,88,2026-07-03,Round of 32,AUS_aiden_oneill,Aiden ONEILL,AUS,Australia,EGY,MF,1,3,3,0.875,0.875,90.0,0.04,0.4,0.08,0.375,0.05,0.97816091954023,0.8956034482758621,10.08448275862069,1.17816091954023,1.2996034482758623,4.058045977011494,8.0,1,0,0,0,1,90.0,1,0,0.03921056084767682,0.04226671626545694,0.04439591418453516
2026-M088-AUS-EGY,88,2026-07-03,Round of 32,AUS_aziz_behich,Aziz BEHICH,AUS,Australia,EGY,DF,1,3,2,0.625,0.375,90.0,0.06521739130434782,0.32608695652173914,0.13043478260869565,0.24193548387096775,0.0967741935483871,0.97816091954023,0.8956034482758621,10.08448275862069,1.17816091954023,1.2996034482758623,4.058045977011494,8.0,1,0,0,0,1,90.0,1,1,0.06313622479990066,0.024315763783707246,0.021674793423494796
2026-M088-AUS-EGY,88,2026-07-03,Round of 32,AUS_nestory_irankunda,Nestory IRANKUNDA,AUS,Australia,EGY,FW,1,3,3,0.875,0.625,72.5,0.2918918918918919,1.2162162162162162,0.5837837837837838,1.4464285714285714,0.7071428571428573,0.97816091954023,0.8956034482758621,10.08448275862069,1.17816091954023,1.2996034482758623,4.058045977011494,8.0,1,0,0,0,1,74.0,2,1,0.20953597705168148,0.18885462430708547,0.15534344629330732
2026-M088-AUS-EGY,88,2026-07-03,Round of 32,AUS_harry_souttar,Harry SOUTTAR,AUS,Australia,EGY,DF,1,3,3,0.875,0.875,90.0,0.04,0.4,0.27999999999999997,0.375,0.3,0.97816091954023,0.8956034482758621,10.08448275862069,1.17816091954023,1.2996034482758623,4.058045977011494,8.0,1,0,0,0,1,90.0,0,0,0.03921056084767682,0.017814158028909254,0.02653317848913475
2026-M088-AUS-EGY,88,2026-07-03,Round of 32,AUS_cristian_volpato,Cristian VOLPATO,AUS,Australia,EGY,FW,1,3,2,0.625,0.375,58.0,0.06741573033707865,1.0112359550561798,0.4719101123595505,1.271186440677966,0.6101694915254238,0.97816091954023,0.8956034482758621,10.08448275862069,1.17816091954023,1.2996034482758623,4.058045977011494,8.0,1,0,0,0,1,74.0,2,0,0.04251544909626981,0.11290754953557615,0.1255515877607687
2026-M088-AUS-EGY,88,2026-07-03,Round of 32,AUS_jackson_irvine,Jackson IRVINE,AUS,Australia,EGY,MF,1,3,3,0.875,0.375,84.0,0.06382978723404255,0.9574468085106383,0.4468085106382978,1.171875,0.5625,0.97816091954023,0.8956034482758621,10.08448275862069,1.17816091954023,1.2996034482758623,4.058045977011494,8.0,1,0,0,0,1,90.0,1,0,0.05783463027215896,0.07598498322345898,0.06343552239455894
2026-M088-AUS-EGY,88,2026-07-03,Round of 32,AUS_lucas_herrington,Lucas HERRINGTON,AUS,Australia,EGY,DF,1,3,1,0.375,0.375,90.0,0.06666666666666667,0.3333333333333333,0.13333333333333333,0.25,0.1,0.97816091954023,0.8956034482758621,10.08448275862069,1.17816091954023,1.2996034482758623,4.058045977011494,8.0,1,0,0,0,1,90.0,0,0,0.06449301496838222,0.02411481522578885,0.02538625590030877
2026-M088-AUS-EGY,88,2026-07-03,Round of 32,AUS_mathew_ryan,Mathew RYAN,AUS,Australia,EGY,GK,0,3,0,0.125,0.125,1.9249999999999998,0.1,0.5,0.2,0.5,0.2,0.97816091954023,0.8956034482758621,10.08448275862069,1.17816091954023,1.2996034482758623,4.058045977011494,8.0,1,0,0,0,1,0.0,0,0,0.00213660309602548,0.001536099448686063,0.004245205550069109
2026-M088-AUS-EGY,88,2026-07-03,Round of 32,AUS_paul_izzo,Paul IZZO,AUS,Australia,EGY,GK,0,3,0,0.125,0.125,1.9249999999999998,0.1,0.5,0.2,0.5,0.2,0.97816091954023,0.8956034482758621,10.08448275862069,1.17816091954023,1.2996034482758623,4.058045977011494,8.0,1,0,0,0,0,0.0,0,0,0.00213660309602548,0.001536099448686063,0.004245205550069109
2026-M088-AUS-EGY,88,2026-07-03,Round of 32,AUS_milos_degenek,Milos DEGENEK,AUS,Australia,EGY,DF,0,3,0,0.125,0.125,1.9249999999999998,0.1,0.5,0.2,0.5,0.2,0.97816091954023,0.8956034482758621,10.08448275862069,1.17816091954023,1.2996034482758623,4.058045977011494,8.0,1,0,0,0,0,0.0,0,0,0.00213660309602548,0.003970534767634307,0.0038793085253389084
2026-M088-AUS-EGY,88,2026-07-03,Round of 32,AUS_jacob_italiano,Jacob ITALIANO,AUS,Australia,EGY,DF,0,3,2,0.625,0.625,1.9249999999999998,0.05232558139534884,0.5232558139534884,0.10465116279069768,0.531496062992126,0.07086614173228346,0.97816091954023,0.8956034482758621,10.08448275862069,1.17816091954023,1.2996034482758623,4.058045977011494,8.0,1,0,0,0,0,0.0,0,0,0.0011185599913874356,0.002716115082260007,0.003646352020455572
2026-M088-AUS-EGY,88,2026-07-03,Round of 32,AUS_jason_geria,Jason GERIA,AUS,Australia,EGY,DF,0,3,2,0.625,0.125,17.91875,0.07468879668049792,0.37344398340248963,0.14937759336099585,0.2980132450331126,0.11920529801324503,0.97816091954023,0.8956034482758621,10.08448275862069,1.17816091954023,1.2996034482758623,4.058045977011494,8.0,1,0,0,0,0,0.0,0,0,0.014760314570804622,0.004249678774714586,0.008590359665785105
2026-M088-AUS-EGY,88,2026-07-03,Round of 32,AUS_mathew_leckie,Mathew LECKIE,AUS,Australia,EGY,FW,0,3,1,0.375,0.375,1.9249999999999998,0.07468879668049792,0.7468879668049793,0.14937759336099585,0.8940397350993378,0.11920529801324503,0.97816091954023,0.8956034482758621,10.08448275862069,1.17816091954023,1.2996034482758623,4.058045977011494,8.0,1,0,0,0,0,0.0,0,0,0.0015962350329610242,0.017316917731132794,0.022211192379066203
2026-M088-AUS-EGY,88,2026-07-03,Round of 32,AUS_mohamed_toure,Mohamed TOURE,AUS,Australia,EGY,FW,0,3,2,0.625,0.625,1.9249999999999998,0.06020066889632107,0.903010033444816,0.42140468227424743,1.076555023923445,0.5167464114832536,0.97816091954023,0.8956034482758621,10.08448275862069,1.17816091954023,1.2996034482758623,4.058045977011494,8.0,1,0,0,0,1,16.0,0,0,0.001286796784146449,0.01619894791753419,0.022579921605651816
2026-M088-AUS-EGY,88,2026-07-03,Round of 32,AUS_ajdin_hrustic,Ajdin HRUSTIC,AUS,Australia,EGY,FW,0,3,1,0.375,0.125,10.8,0.08490566037735849,0.8490566037735849,0.16981132075471697,1.1065573770491803,0.14754098360655737,0.97816091954023,0.8956034482758621,10.08448275862069,1.17816091954023,1.2996034482758623,4.058045977011494,8.0,1,0,0,0,1,16.0,2,0,0.010136950484548102,0.022530445685379277,0.025376423638352325
2026-M088-AUS-EGY,88,2026-07-03,Round of 32,AUS_awer_mabil,Awer MABIL,AUS,Australia,EGY,FW,0,3,0,0.125,0.125,1.9249999999999998,0.1,0.5,0.2,0.5,0.2,0.97816091954023,0.8956034482758621,10.08448275862069,1.17816091954023,1.2996034482758623,4.058045977011494,8.0,1,0,0,0,1,0.0,0,0,0.00213660309602548,0.01896842942248459,0.026393649584035225
2026-M088-AUS-EGY,88,2026-07-03,Round of 32,AUS_cameron_devlin,Cameron DEVLIN,AUS,Australia,EGY,MF,0,3,0,0.125,0.125,1.9249999999999998,0.1,0.5,0.2,0.5,0.2,0.97816091954023,0.8956034482758621,10.08448275862069,1.17816091954023,1.2996034482758623,4.058045977011494,8.0,1,0,0,0,0,0.0,0,0,0.00213660309602548,0.010014744460790558,0.006416986867098707
2026-M088-AUS-EGY,88,2026-07-03,Round of 32,AUS_kai_trewin,Kai TREWIN,AUS,Australia,EGY,DF,0,3,0,0.125,0.125,1.9249999999999998,0.1,0.5,0.2,0.5,0.2,0.97816091954023,0.8956034482758621,10.08448275862069,1.17816091954023,1.2996034482758623,4.058045977011494,8.0,1,0,0,0,1,45.0,1,0,0.00213660309602548,0.003970534767634307,0.0038793085253389084
2026-M088-AUS-EGY,88,2026-07-03,Round of 32,AUS_cameron_burgess,Cameron BURGESS,AUS,Australia,EGY,DF,0,3,2,0.625,0.625,1.9249999999999998,0.05714285714285714,0.2857142857142857,0.11428571428571428,0.2,0.08,0.97816091954023,0.8956034482758621,10.08448275862069,1.17816091954023,1.2996034482758623,4.058045977011494,8.0,1,0,0,0,0,0.0,0,0,0.0012214756128471338,0.002446610621102381,0.0040834330844066865
2026-M088-AUS-EGY,88,2026-07-03,Round of 32,AUS_nishan_velupillay,Nishan VELUPILLAY,AUS,Australia,EGY,FW,0,3,2,0.625,0.375,9.787500000000001,0.07086614173228346,0.3543307086614173,0.14173228346456693,0.27439024390243905,0.10975609756097561,0.97816091954023,0.8956034482758621,10.08448275862069,1.17816091954023,1.2996034482758623,4.058045977011494,8.0,1,0,0,0,0,0.0,0,0,0.007677072496217852,0.015900206349010848,0.02450907534876032
2026-M088-AUS-EGY,88,2026-07-03,Round of 32,AUS_paul_okon_engstler,Paul OKON-ENGSTLER,AUS,Australia,EGY,MF,0,3,3,0.875,0.625,2.0250000000000004,0.05172413793103448,0.25862068965517243,0.10344827586206896,0.1744186046511628,0.06976744186046512,0.97816091954023,0.8956034482758621,10.08448275862069,1.17816091954023,1.2996034482758623,4.058045977011494,8.0,1,0,0,0,1,0.0,0,0,0.0011631161588877559,0.006079317014874894,0.017568149853822903
2026-M088-AUS-EGY,88,2026-07-03,Round of 32,AUS_tete_yengi,Tete YENGI,AUS,Australia,EGY,FW,0,3,2,0.625,0.125,6.4625,0.0891089108910891,0.8910891089108911,0.6237623762376237,1.2053571428571428,0.9642857142857143,0.97816091954023,0.8956034482758621,10.08448275862069,1.17816091954023,1.2996034482758623,4.058045977011494,8.0,1,0,0,0,0,0.0,0,0,0.006378087945839717,0.01997483764706865,0.027874506934322446
2026-M088-AUS-EGY,88,2026-07-03,Round of 32,EGY_mostafa_shoubir,MOSTAFA SHOUBIR,EGY,Egypt,AUS,GK,1,3,3,0.875,0.875,90.0,0.04,0.2,0.08,0.125,0.05,1.57816091954023,1.2456034482758622,14.48448275862069,0.97816091954023,1.2016034482758622,3.858045977011494,7.0,1,0,0,0,1,90.0,0,0,0.03921056084767682,0.005123500325333587,0.01745839009212735
2026-M088-AUS-EGY,88,2026-07-03,Round of 32,EGY_yasser_ibrahim,YASSER IBRAHIM,EGY,Egypt,AUS,DF,1,3,3,0.875,0.625,90.0,0.04128440366972477,0.20642201834862386,0.08256880733944955,0.13005780346820808,0.05202312138728324,1.57816091954023,1.2456034482758622,14.48448275862069,0.97816091954023,1.2016034482758622,3.858045977011494,7.0,1,0,0,0,1,90.0,0,0,0.04044381016464249,0.015609078112639231,0.019830805798843915
2026-M088-AUS-EGY,88,2026-07-03,Round of 32,EGY_mohamed_hany,MOHAMED HANY,EGY,Egypt,AUS,DF,1,3,3,0.875,0.875,90.0,0.04,1.0,0.08,1.125,0.05,1.57816091954023,1.2456034482758622,14.48448275862069,0.97816091954023,1.2016034482758622,3.858045977011494,7.0,1,0,0,0,1,90.0,0,0,0.03921056084767682,0.020689041763455138,0.027837807359556925
2026-M088-AUS-EGY,88,2026-07-03,Round of 32,EGY_ramy_rabia,RAMY RABIA,EGY,Egypt,AUS,DF,1,3,3,0.875,0.375,90.0,0.05325443786982249,0.26627218934911245,0.10650887573964497,0.1814516129032258,0.07258064516129033,1.57816091954023,1.2456034482758622,14.48448275862069,0.97816091954023,1.2016034482758622,3.858045977011494,7.0,1,0,0,0,1,90.0,0,0,0.05186126061205232,0.019858635874568847,0.022367650921123743
2026-M088-AUS-EGY,88,2026-07-03,Round of 32,EGY_emam_ashour,EMAM ASHOUR,EGY,Egypt,AUS,MF,1,3,3,0.875,0.875,67.0,0.28346456692913385,1.4173228346456692,0.3307086614173228,1.7010309278350515,0.3711340206185567,1.57816091954023,1.2456034482758622,14.48448275862069,0.97816091954023,1.2016034482758622,3.858045977011494,7.0,1,1,1,1,1,90.0,3,1,0.19024506141406294,0.08310765101869928,0.08033140192620511
2026-M088-AUS-EGY,88,2026-07-03,Round of 32,EGY_mohamed_salah,MOHAMED SALAH,EGY,Egypt,AUS,FW,1,3,3,0.875,0.875,72.66666666666667,0.271356783919598,1.8090452261306533,0.7688442211055276,2.1915584415584415,0.935064935064935,1.57816091954023,1.2456034482758622,14.48448275862069,0.97816091954023,1.2016034482758622,3.858045977011494,7.0,1,0,0,0,1,90.0,0,0,0.19675497724349433,0.19349088012127394,0.1439573491008279
2026-M088-AUS-EGY,88,2026-07-03,Round of 32,EGY_mostafa_zico,MOSTAFA ZICO,EGY,Egypt,AUS,MF,1,3,3,0.875,0.875,76.0,0.2647058823529412,1.7647058823529411,0.5294117647058824,2.1226415094339623,0.6226415094339623,1.57816091954023,1.2456034482758622,14.48448275862069,0.97816091954023,1.2016034482758622,3.858045977011494,7.0,1,0,0,0,1,67.0,0,0,0.20030862881274125,0.10728220680032247,0.104079027132115
2026-M088-AUS-EGY,88,2026-07-03,Round of 32,EGY_hamdy_fathy,HAMDY FATHY,EGY,Egypt,AUS,MF,1,3,2,0.625,0.625,65.0,0.05806451612903226,0.2903225806451613,0.11612903225806452,0.20454545454545456,0.08181818181818182,1.57816091954023,1.2456034482758622,14.48448275862069,0.97816091954023,1.2016034482758622,3.858045977011494,7.0,1,0,0,0,1,67.0,0,0,0.04106835486541738,0.03503667455470262,0.05566146623728474
2026-M088-AUS-EGY,88,2026-07-03,Round of 32,EGY_karim_hafez,KARIM HAFEZ,EGY,Egypt,AUS,DF,1,3,1,0.375,0.125,80.0,0.0989010989010989,0.4945054945054945,0.1978021978021978,0.4891304347826087,0.1956521739130435,1.57816091954023,1.2456034482758622,14.48448275862069,0.97816091954023,1.2016034482758622,3.858045977011494,7.0,1,0,0,0,1,80.0,0,0,0.0841586132871246,0.02574824946322914,0.04160062067105524
2026-M088-AUS-EGY,88,2026-07-03,Round of 32,EGY_marawan_attia,MARAWAN ATTIA,EGY,Egypt,AUS,MF,1,3,3,0.875,0.625,90.0,0.044444444444444446,0.4444444444444444,0.08888888888888889,0.42857142857142855,0.05714285714285714,1.57816091954023,1.2456034482758622,14.48448275862069,0.97816091954023,1.2016034482758622,3.858045977011494,7.0,1,0,0,0,1,90.0,1,0,0.04347126089697073,0.04447848380486197,0.048643246151010205
2026-M088-AUS-EGY,88,2026-07-03,Round of 32,EGY_omar_marmoush,OMAR MARMOUSH,EGY,Egypt,AUS,FW,1,3,3,0.875,0.625,83.0,0.04603580562659847,2.3017902813299234,0.3222506393861892,2.840531561461794,0.3588039867109635,1.57816091954023,1.2456034482758622,14.48448275862069,0.97816091954023,1.2016034482758622,3.858045977011494,7.0,1,0,0,0,1,90.0,2,0,0.04156663880518874,0.19585242530350394,0.1751086755271744
2026-M088-AUS-EGY,88,2026-07-03,Round of 32,EGY_mohamed_elshenawy,MOHAMED ELSHENAWY,EGY,Egypt,AUS,GK,0,3,0,0.125,0.125,1.9249999999999998,0.1,0.5,0.2,0.5,0.2,1.57816091954023,1.2456034482758622,14.48448275862069,0.97816091954023,1.2016034482758622,3.858045977011494,7.0,1,0,0,0,0,0.0,0,0,0.00213660309602548,0.0013224010968692667,0.005488346981684109
2026-M088-AUS-EGY,88,2026-07-03,Round of 32,EGY_mahdy_soliman,MAHDY SOLIMAN,EGY,Egypt,AUS,GK,0,3,0,0.125,0.125,1.9249999999999998,0.1,0.5,0.2,0.5,0.2,1.57816091954023,1.2456034482758622,14.48448275862069,0.97816091954023,1.2016034482758622,3.858045977011494,7.0,1,0,0,0,0,0.0,0,0,0.00213660309602548,0.0013224010968692667,0.005488346981684109
2026-M088-AUS-EGY,88,2026-07-03,Round of 32,EGY_mohamed_alaa,MOHAMED ALAA,EGY,Egypt,AUS,GK,0,3,0,0.125,0.125,1.9249999999999998,0.1,0.5,0.2,0.5,0.2,1.57816091954023,1.2456034482758622,14.48448275862069,0.97816091954023,1.2016034482758622,3.858045977011494,7.0,1,0,0,0,0,0.0,0,0,0.00213660309602548,0.0013224010968692667,0.005488346981684109
2026-M088-AUS-EGY,88,2026-07-03,Round of 32,EGY_hossam_abdelmaguid,HOSSAM ABDELMAGUID,EGY,Egypt,AUS,DF,0,3,1,0.375,0.125,1.6875,0.0972972972972973,0.4864864864864865,0.1945945945945946,0.47368421052631576,0.18947368421052632,1.57816091954023,1.2456034482758622,14.48448275862069,0.97816091954023,1.2016034482758622,3.858045977011494,7.0,1,0,0,0,1,23.0,0,0,0.0018226612561831335,0.003450687666578233,0.0053292607537956055
2026-M088-AUS-EGY,88,2026-07-03,Round of 32,EGY_mohamed_abdelmoneim,MOHAMED ABDELMONEIM,EGY,Egypt,AUS,DF,0,3,2,0.625,0.375,0.0,0.09278350515463918,0.4639175257731959,0.18556701030927836,0.4326923076923077,0.17307692307692307,1.57816091954023,1.2456034482758622,14.48448275862069,0.97816091954023,1.2016034482758622,3.858045977011494,7.0,1,0,0,0,0,0.0,0,0,0.0,0.0029066644833545883,0.012577290848034411
2026-M088-AUS-EGY,88,2026-07-03,Round of 32,EGY_trezeguet,TREZEGUET,EGY,Egypt,AUS,FW,0,3,2,0.625,0.375,4.7250000000000005,0.38028169014084506,2.2183098591549295,1.0774647887323943,3.015463917525773,1.4845360824742269,1.57816091954023,1.2456034482758622,14.48448275862069,0.97816091954023,1.2016034482758622,3.858045977011494,7.0,1,0,0,0,1,10.0,0,0,0.019766812047803617,0.053935721455844854,0.12511706582072646
2026-M088-AUS-EGY,88,2026-07-03,Round of 32,EGY_hamza_abdelkarim,HAMZA ABDELKARIM,EGY,Egypt,AUS,FW,0,3,3,0.875,0.125,11.725,0.08108108108108109,0.40540540540540543,0.16216216216216217,0.3409090909090909,0.13636363636363635,1.57816091954023,1.2456034482758622,14.48448275862069,0.97816091954023,1.2016034482758622,3.858045977011494,7.0,1,0,0,0,1,0.0,0,0,0.010507469829553862,0.017470088542681648,0.03310421685664244
2026-M088-AUS-EGY,88,2026-07-03,Round of 32,EGY_haissem_hassan,HAISSEM HASSAN,EGY,Egypt,AUS,FW,0,3,0,0.125,0.125,1.9249999999999998,0.1,0.5,0.2,0.5,0.2,1.57816091954023,1.2456034482758622,14.48448275862069,0.97816091954023,1.2016034482758622,3.858045977011494,7.0,1,0,0,0,1,23.0,0,0,0.00213660309602548,0.016369347564038548,0.03500521740851713
2026-M088-AUS-EGY,88,2026-07-03,Round of 32,EGY_ahmed_fatouh,AHMED FATOUH,EGY,Egypt,AUS,DF,0,3,3,0.875,0.875,1.9249999999999998,0.04017857142857143,0.4017857142857143,0.28124999999999994,0.3770949720670391,0.3016759776536313,1.57816091954023,1.2456034482758622,14.48448275862069,0.97816091954023,1.2016034482758622,3.858045977011494,7.0,1,0,0,0,0,0.0,0,0,0.000859005843060312,0.0018989420746765432,0.004728379932268891
2026-M088-AUS-EGY,88,2026-07-03,Round of 32,EGY_nabil_donga,NABIL DONGA,EGY,Egypt,AUS,MF,0,3,0,0.125,0.125,1.9249999999999998,0.1,0.5,0.2,0.5,0.2,1.57816091954023,1.2456034482758622,14.48448275862069,0.97816091954023,1.2016034482758622,3.858045977011494,7.0,1,0,0,0,0,0.0,0,0,0.00213660309602548,0.008631715022630257,0.006314572923148767
2026-M088-AUS-EGY,88,2026-07-03,Round of 32,EGY_ibrahim_adel,IBRAHIM ADEL,EGY,Egypt,AUS,FW,0,3,1,0.375,0.125,0.3375,0.09944751381215469,0.4972375690607735,0.19889502762430938,0.4945054945054945,0.1978021978021978,1.57816091954023,1.2456034482758622,14.48448275862069,0.97816091954023,1.2016034482758622,3.858045977011494,7.0,1,0,0,0,0,0.0,0,0,0.000372858647726404,0.01641985787595956,0.03340273463883536
2026-M088-AUS-EGY,88,2026-07-03,Round of 32,EGY_mahmoud_saber,MAHMOUD SABER,EGY,Egypt,AUS,MF,0,3,1,0.375,0.375,1.9249999999999998,0.48,1.6,0.5599999999999999,2.3333333333333335,0.8,1.57816091954023,1.2456034482758622,14.48448275862069,0.97816091954023,1.2016034482758622,3.858045977011494,7.0,1,0,0,0,1,0.0,0,0,0.010214144341188724,0.020894922600297107,0.08406137883233195
2026-M088-AUS-EGY,88,2026-07-03,Round of 32,EGY_tarek_alaa,TAREK ALAA,EGY,Egypt,AUS,DF,0,3,0,0.125,0.125,1.9249999999999998,0.1,0.5,0.2,0.5,0.2,1.57816091954023,1.2456034482758622,14.48448275862069,0.97816091954023,1.2016034482758622,3.858045977011494,7.0,1,0,0,0,0,0.0,0,0,0.00213660309602548,0.0034193236149230137,0.00538062303664397
2026-M088-AUS-EGY,88,2026-07-03,Round of 32,EGY_zizo,ZIZO,EGY,Egypt,AUS,FW,0,3,3,0.875,0.125,14.516666666666666,0.07758620689655173,1.5517241379310345,0.543103448275862,2.2183098591549295,0.7605633802816901,1.57816091954023,1.2456034482758622,14.48448275862069,0.97816091954023,1.2016034482758622,3.858045977011494,7.0,1,0,0,0,0,0.0,0,0,0.012436388740398208,0.025724281471268495,0.05157999341263587
2026-M089-PAR-FRA,89,2026-07-04,Round of 16,FRA_mike_maignan,Mike MAIGNAN,FRA,France,PAR,GK,1,4,4,0.9,0.9,90.0,0.03333333333333333,0.16666666666666666,0.06666666666666667,0.125,0.05,2.6458333333333335,1.722774621212121,16.23342803030303,1.2708333333333333,1.3523579545454547,4.7911931818181825,4.0,1,0,0,0,1,90.0,0,0,0.0327838995179941,0.0035402746990714842,0.019377703032120445
2026-M089-PAR-FRA,89,2026-07-04,Round of 16,FRA_lucas_digne,Lucas DIGNE,FRA,France,PAR,DF,1,4,2,0.5,0.5,84.0,0.05172413793103448,0.5172413793103449,0.3620689655172413,0.5232558139534884,0.4186046511627907,2.6458333333333335,1.722774621212121,16.23342803030303,1.2708333333333333,1.3523579545454547,4.7911931818181825,4.0,1,0,0,0,1,90.0,0,0,0.047129110117650086,0.013151556898448508,0.0446803737802641
2026-M089-PAR-FRA,89,2026-07-04,Round of 16,FRA_dayot_upamecano,Dayot UPAMECANO,FRA,France,PAR,DF,1,4,4,0.9,0.9,86.5,0.034220532319391636,0.5133079847908745,0.06844106463878327,0.6502890173410405,0.05202312138728324,2.6458333333333335,1.722774621212121,16.23342803030303,1.2708333333333333,1.3523579545454547,4.7911931818181825,4.0,1,0,0,0,1,90.0,0,0,0.0323547477674585,0.010381740025087316,0.027979171520487144
2026-M089-PAR-FRA,89,2026-07-04,Round of 16,FRA_jules_kounde,Jules KOUNDE,FRA,France,PAR,DF,1,4,4,0.9,0.9,83.75,0.03495145631067961,0.34951456310679613,0.06990291262135923,0.40298507462686567,0.05373134328358209,2.6458333333333335,1.722774621212121,16.23342803030303,1.2708333333333333,1.3523579545454547,4.7911931818181825,4.0,1,0,0,0,1,90.0,0,0,0.03200104557408423,0.009493147005660328,0.02436922974218283
2026-M089-PAR-FRA,89,2026-07-04,Round of 16,FRA_manu_kone,Manu KONE,FRA,France,PAR,MF,1,4,2,0.5,0.5,90.0,0.05,0.75,0.35,0.8333333333333334,0.4,2.6458333333333335,1.722774621212121,16.23342803030303,1.2708333333333333,1.3523579545454547,4.7911931818181825,4.0,1,0,0,0,1,90.0,3,1,0.048770575499285984,0.038897947003977126,0.08878159623954182
2026-M089-PAR-FRA,89,2026-07-04,Round of 16,FRA_ousmane_dembele,Ousmane DEMBELE,FRA,France,PAR,FW,1,3,3,0.875,0.875,74.0,0.26865671641791045,1.791044776119403,0.5373134328358209,2.1634615384615383,0.6346153846153847,2.6458333333333335,1.722774621212121,16.23342803030303,1.2708333333333333,1.3523579545454547,4.7911931818181825,4.0,1,0,0,0,1,84.0,2,0,0.19819955388984511,0.15322690718069346,0.14663779641916758
2026-M089-PAR-FRA,89,2026-07-04,Round of 16,FRA_kylian_mbappe,Kylian MBAPPE,FRA,France,PAR,FW,1,4,4,0.9,0.9,88.0,0.8796992481203008,3.7218045112781954,2.2669172932330826,4.474431818181818,2.352272727272727,2.6458333333333335,1.722774621212121,16.23342803030303,1.2708333333333333,1.3523579545454547,4.7911931818181825,4.0,1,1,1,1,1,90.0,5,4,0.5769015462938625,0.7914894247958015,0.4114047486397609
2026-M089-PAR-FRA,89,2026-07-04,Round of 16,FRA_michael_olise,Michael OLISE,FRA,France,PAR,FW,1,4,4,0.9,0.9,77.0,0.036885245901639344,2.7663934426229506,0.9959016393442625,3.6525974025974026,0.935064935064935,2.6458333333333335,1.722774621212121,16.23342803030303,1.2708333333333333,1.3523579545454547,4.7911931818181825,4.0,1,0,0,0,1,90.0,0,0,0.031064639793034532,0.1879016711159932,0.2544052146741042
2026-M089-PAR-FRA,89,2026-07-04,Round of 16,FRA_bradley_barcola,Bradley BARCOLA,FRA,France,PAR,FW,1,4,4,0.9,0.5,86.5,0.5103092783505155,1.3917525773195876,0.788659793814433,1.40625,0.6875000000000001,2.6458333333333335,1.722774621212121,16.23342803030303,1.2708333333333333,1.3523579545454547,4.7911931818181825,4.0,1,0,0,0,1,61.0,1,0,0.3876577480222265,0.3129597580314457,0.19843025747168272
2026-M089-PAR-FRA,89,2026-07-04,Round of 16,FRA_adrien_rabiot,Adrien RABIOT,FRA,France,PAR,MF,1,4,3,0.7,0.7,90.0,0.04,0.8,0.27999999999999997,1.1666666666666667,0.4,2.6458333333333335,1.722774621212121,16.23342803030303,1.2708333333333333,1.3523579545454547,4.7911931818181825,4.0,1,0,0,0,1,90.0,3,0,0.03921056084767682,0.0299501830367418,0.06623457637735371
2026-M089-PAR-FRA,89,2026-07-04,Round of 16,FRA_william_saliba,William SALIBA,FRA,France,PAR,DF,1,4,3,0.7,0.7,90.0,0.04,0.4,0.08,0.5,0.06666666666666667,2.6458333333333335,1.722774621212121,16.23342803030303,1.2708333333333333,1.3523579545454547,4.7911931818181825,4.0,1,0,0,0,1,90.0,0,0,0.03921056084767682,0.010697721514145803,0.0254197714347594
2026-M089-PAR-FRA,89,2026-07-04,Round of 16,FRA_brice_samba,Brice SAMBA,FRA,France,PAR,GK,0,4,0,0.1,0.1,1.5399999999999998,0.1,0.5,0.2,0.5,0.2,2.6458333333333335,1.722774621212121,16.23342803030303,1.2708333333333333,1.3523579545454547,4.7911931818181825,4.0,1,0,0,0,0,0.0,0,0,0.0017096479951308474,0.0007878777632462963,0.004640732111374493
2026-M089-PAR-FRA,89,2026-07-04,Round of 16,FRA_robin_risser,Robin RISSER,FRA,France,PAR,GK,0,4,0,0.1,0.1,1.5399999999999998,0.1,0.5,0.2,0.5,0.2,2.6458333333333335,1.722774621212121,16.23342803030303,1.2708333333333333,1.3523579545454547,4.7911931818181825,4.0,1,0,0,0,0,0.0,0,0,0.0017096479951308474,0.0007878777632462963,0.004640732111374493
2026-M089-PAR-FRA,89,2026-07-04,Round of 16,FRA_malo_gusto,Malo GUSTO,FRA,France,PAR,DF,0,4,3,0.7,0.1,5.583333333333334,0.08780487804878048,0.43902439024390244,0.17560975609756097,0.391304347826087,0.1565217391304348,2.6458333333333335,1.722774621212121,16.23342803030303,1.2708333333333333,1.3523579545454547,4.7911931818181825,4.0,1,0,0,0,0,0.0,0,0,0.005432345626516177,0.002512592698358588,0.006965259186144275
2026-M089-PAR-FRA,89,2026-07-04,Round of 16,FRA_aurelien_tchouameni,Aurelien TCHOUAMENI,FRA,France,PAR,MF,0,4,3,0.7,0.7,1.5399999999999998,0.04,0.6,0.08,0.8333333333333334,0.06666666666666667,2.6458333333333335,1.722774621212121,16.23342803030303,1.2708333333333333,1.3523579545454547,4.7911931818181825,4.0,1,0,0,0,0,0.0,0,0,0.0006842102657761417,0.0036582360603750045,0.007980110231203841
2026-M089-PAR-FRA,89,2026-07-04,Round of 16,FRA_marcus_thuram,Marcus THURAM,FRA,France,PAR,FW,0,4,1,0.3,0.1,0.0,0.1,0.5,0.2,0.5,0.2,2.6458333333333335,1.722774621212121,16.23342803030303,1.2708333333333333,1.3523579545454547,4.7911931818181825,4.0,1,0,0,0,0,0.0,0,0,0.0,0.010437582264103754,0.04725263435629274
2026-M089-PAR-FRA,89,2026-07-04,Round of 16,FRA_ngolo_kante,Ngolo KANTE,FRA,France,PAR,MF,0,4,0,0.1,0.1,1.5399999999999998,0.1,0.5,0.2,0.5,0.2,2.6458333333333335,1.722774621212121,16.23342803030303,1.2708333333333333,1.3523579545454547,4.7911931818181825,4.0,1,0,0,0,0,0.0,0,0,0.0017096479951308474,0.005238584892698461,0.004802131183675193
2026-M089-PAR-FRA,89,2026-07-04,Round of 16,FRA_ibrahima_konate,Ibrahima KONATE,FRA,France,PAR,DF,0,4,1,0.3,0.1,3.7800000000000002,0.09278350515463918,0.4639175257731959,0.18556701030927836,0.4326923076923077,0.17307692307692307,2.6458333333333335,1.722774621212121,16.23342803030303,1.2708333333333333,1.3523579545454547,4.7911931818181825,4.0,1,0,0,0,0,0.0,0,0,0.003889324126964522,0.002188402954279763,0.005778052731661682
2026-M089-PAR-FRA,89,2026-07-04,Round of 16,FRA_warren_zaire_emery,Warren ZAIRE-EMERY,FRA,France,PAR,MF,0,4,0,0.1,0.1,1.5399999999999998,0.1,0.5,0.2,0.5,0.2,2.6458333333333335,1.722774621212121,16.23342803030303,1.2708333333333333,1.3523579545454547,4.7911931818181825,4.0,1,0,0,0,0,0.0,0,0,0.0017096479951308474,0.005238584892698461,0.004802131183675193
2026-M089-PAR-FRA,89,2026-07-04,Round of 16,FRA_theo_hernandez,Theo HERNANDEZ,FRA,France,PAR,DF,0,4,3,0.7,0.5,3.24,0.04838709677419355,0.967741935483871,0.0967741935483871,1.171875,0.09375,2.6458333333333335,1.722774621212121,16.23342803030303,1.2708333333333333,1.3523579545454547,4.7911931818181825,4.0,1,0,0,0,0,0.0,0,0,0.001740419194809717,0.0021825630782776324,0.0069242335451186335
2026-M089-PAR-FRA,89,2026-07-04,Round of 16,FRA_desire_doue,Desire DOUE,FRA,France,PAR,FW,0,4,4,0.9,0.5,8.93,0.04556962025316456,1.8227848101265822,1.2303797468354432,2.270642201834862,1.7339449541284404,2.6458333333333335,1.722774621212121,16.23342803030303,1.2708333333333333,1.3523579545454547,4.7911931818181825,4.0,1,0,0,0,1,29.0,1,0,0.0045113123093892815,0.018422599905802285,0.10729379931836715
2026-M089-PAR-FRA,89,2026-07-04,Round of 16,FRA_lucas_hernandez,Lucas HERNANDEZ,FRA,France,PAR,DF,0,4,0,0.1,0.1,1.5399999999999998,0.1,0.5,0.2,0.5,0.2,2.6458333333333335,1.722774621212121,16.23342803030303,1.2708333333333333,1.3523579545454547,4.7911931818181825,4.0,1,0,0,0,0,0.0,0,0,0.0017096479951308474,0.002042144466102677,0.004040664575430965
2026-M089-PAR-FRA,89,2026-07-04,Round of 16,FRA_jean_philippe_mateta,Jean-Philippe MATETA,FRA,France,PAR,FW,0,4,2,0.5,0.1,1.8800000000000001,0.09574468085106383,0.9574468085106383,0.19148936170212766,1.3775510204081634,0.1836734693877551,2.6458333333333335,1.722774621212121,16.23342803030303,1.2708333333333333,1.3523579545454547,4.7911931818181825,4.0,1,0,0,0,0,0.0,0,0,0.001998001332666921,0.012508856121847836,0.03930772518771682
2026-M089-PAR-FRA,89,2026-07-04,Round of 16,FRA_rayan_cherki,Rayan CHERKI,FRA,France,PAR,MF,0,4,4,0.9,0.1,11.962499999999999,0.07659574468085106,0.3829787234042553,0.15319148936170213,0.31690140845070425,0.1267605633802817,2.6458333333333335,1.722774621212121,16.23342803030303,1.2708333333333333,1.3523579545454547,4.7911931818181825,4.0,1,0,0,0,1,6.0,0,0,0.010129201626652873,0.006857733374361391,0.010591045114848829
2026-M089-PAR-FRA,89,2026-07-04,Round of 16,FRA_maghnes_akliouche,Maghnes AKLIOUCHE,FRA,France,PAR,MF,0,4,1,0.3,0.1,1.8900000000000001,0.0962566844919786,0.48128342245989303,0.1925133689839572,0.4639175257731959,0.18556701030927836,2.6458333333333335,1.722774621212121,16.23342803030303,1.2708333333333333,1.3523579545454547,4.7911931818181825,4.0,1,0,0,0,0,0.0,0,0,0.002019348740686766,0.005590359234909958,0.006537347556251024
2026-M089-PAR-FRA,89,2026-07-04,Round of 16,FRA_maxence_lacroix,Maxence LACROIX,FRA,France,PAR,DF,0,4,1,0.3,0.3,1.5399999999999998,0.06666666666666667,0.3333333333333333,0.13333333333333333,0.25,0.1,2.6458333333333335,1.722774621212121,16.23342803030303,1.2708333333333333,1.3523579545454547,4.7911931818181825,4.0,1,0,0,0,0,0.0,0,0,0.0011400903433570475,0.0016917888417139783,0.005778052731661682
2026-M089-PAR-FRA,89,2026-07-04,Round of 16,PAR_orlando_gill,Orlando GILL,PAR,Paraguay,FRA,GK,1,4,4,0.9,0.9,90.0,0.03333333333333333,0.16666666666666666,0.06666666666666667,0.125,0.05,0.9375,0.695691287878788,8.775094696969697,0.8125,0.9527746212121212,3.041193181818182,5.0,1,0,0,0,1,90.0,0,0,0.0327838995179941,0.0036818727290682555,0.012595631113589488
2026-M089-PAR-FRA,89,2026-07-04,Round of 16,PAR_gustavo_velazquez,Gustavo VELAZQUEZ,PAR,Paraguay,FRA,DF,1,4,4,0.9,0.3,90.0,0.0594059405940594,0.297029702970297,0.1188118811881188,0.22167487684729065,0.08866995073891626,0.9375,0.695691287878788,8.775094696969697,0.8125,0.9527746212121212,3.041193181818182,5.0,1,0,0,0,1,90.0,0,0,0.057675836126033664,0.01658613091481077,0.012943578084047813
2026-M089-PAR-FRA,89,2026-07-04,Round of 16,PAR_omar_alderete,Omar ALDERETE,PAR,Paraguay,FRA,DF,1,4,3,0.7,0.7,88.0,0.04054054054054054,0.40540540540540543,0.08108108108108109,0.5113636363636364,0.06818181818181818,0.9375,0.695691287878788,8.775094696969697,0.8125,0.9527746212121212,3.041193181818182,5.0,1,0,0,0,1,58.0,0,0,0.03886426802779819,0.010984526094483143,0.014491425081935967
2026-M089-PAR-FRA,89,2026-07-04,Round of 16,PAR_juan_jose_caceres,Juan Jose CACERES,PAR,Paraguay,FRA,DF,1,4,4,0.9,0.9,85.25,0.0345489443378119,0.5182341650671785,0.24184261036468327,0.6410256410256411,0.3076923076923077,0.9375,0.695691287878788,8.775094696969697,0.8125,0.9527746212121212,3.041193181818182,5.0,1,0,0,0,1,90.0,0,0,0.03219584155593791,0.010753404001976392,0.018372032524833846
2026-M089-PAR-FRA,89,2026-07-04,Round of 16,PAR_junior_alonso,Junior ALONSO,PAR,Paraguay,FRA,DF,1,4,4,0.9,0.7,90.0,0.04,0.4,0.27999999999999997,0.5,0.4,0.9375,0.695691287878788,8.775094696969697,0.8125,0.9527746212121212,3.041193181818182,5.0,1,0,0,0,1,90.0,2,0,0.03921056084767682,0.01147410074604732,0.022456338239350324
2026-M089-PAR-FRA,89,2026-07-04,Round of 16,PAR_diego_gomez,Diego GOMEZ,PAR,Paraguay,FRA,MF,1,3,3,0.875,0.875,79.0,0.04316546762589928,1.2949640287769784,0.08633093525179857,1.5137614678899083,0.05504587155963303,0.9375,0.695691287878788,8.775094696969697,0.8125,0.9527746212121212,3.041193181818182,9.0,1,0,0,0,1,71.0,1,0,0.03718085470127663,0.04933041183460503,0.0900223097240426
2026-M089-PAR-FRA,89,2026-07-04,Round of 16,PAR_miguel_almiron,Miguel ALMIRON,PAR,Paraguay,FRA,MF,1,3,3,0.875,0.875,86.33333333333333,0.04100227790432802,0.6150341685649203,0.08200455580865604,0.6446991404011462,0.05157593123209169,0.9375,0.695691287878788,8.775094696969697,0.8125,0.9527746212121212,3.041193181818182,5.0,1,0,0,0,1,71.0,1,0,0.0385683609669375,0.033267286885908416,0.040994247749582255
2026-M089-PAR-FRA,89,2026-07-04,Round of 16,PAR_andres_cubas,Andres CUBAS,PAR,Paraguay,FRA,MF,1,4,4,0.9,0.9,90.0,0.03333333333333333,0.3333333333333333,0.06666666666666667,0.375,0.05,0.9375,0.695691287878788,8.775094696969697,0.8125,0.9527746212121212,3.041193181818182,5.0,1,0,0,0,1,90.0,0,0,0.0327838995179941,0.02590072944049222,0.04079278786675624
2026-M089-PAR-FRA,89,2026-07-04,Round of 16,PAR_gustavo_gomez,Gustavo GOMEZ,PAR,Paraguay,FRA,DF,1,4,4,0.9,0.9,90.0,0.03333333333333333,0.5,0.06666666666666667,0.625,0.05,0.9375,0.695691287878788,8.775094696969697,0.8125,0.9527746212121212,3.041193181818182,5.0,1,0,0,0,1,90.0,0,0,0.0327838995179941,0.011008412931975077,0.012958038775171236
2026-M089-PAR-FRA,89,2026-07-04,Round of 16,PAR_julio_enciso,Julio ENCISO,PAR,Paraguay,FRA,FW,1,4,4,0.9,0.9,81.75,0.21301775147928995,1.5976331360946745,0.24852071005917156,1.7889908256880733,0.3302752293577982,0.9375,0.695691287878788,8.775094696969697,0.8125,0.9527746212121212,3.041193181818182,5.0,1,0,0,0,1,61.0,0,0,0.1759228495431141,0.13003020779487576,0.21952594185367655
2026-M089-PAR-FRA,89,2026-07-04,Round of 16,PAR_matias_galarza,Matias GALARZA,PAR,Paraguay,FRA,MF,1,4,3,0.7,0.7,90.0,0.24,0.6,0.27999999999999997,0.625,0.3,0.9375,0.695691287878788,8.775094696969697,0.8125,0.9527746212121212,3.041193181818182,5.0,1,0,0,0,1,90.0,0,0,0.21337213893344653,0.050749859087357956,0.051120466010647604
2026-M089-PAR-FRA,89,2026-07-04,Round of 16,PAR_gatito_fernandez,Gatito FERNANDEZ,PAR,Paraguay,FRA,GK,0,4,0,0.1,0.1,1.5399999999999998,0.1,0.5,0.2,0.5,0.2,0.9375,0.695691287878788,8.775094696969697,0.8125,0.9527746212121212,3.041193181818182,5.0,1,0,0,0,0,0.0,0,0,0.0017096479951308474,0.00081948052370455,0.0032515772123846293
2026-M089-PAR-FRA,89,2026-07-04,Round of 16,PAR_gaston_olveira,Gaston OLVEIRA,PAR,Paraguay,FRA,GK,0,4,0,0.1,0.1,1.5399999999999998,0.1,0.5,0.2,0.5,0.2,0.9375,0.695691287878788,8.775094696969697,0.8125,0.9527746212121212,3.041193181818182,5.0,1,0,0,0,0,0.0,0,0,0.0017096479951308474,0.00081948052370455,0.0032515772123846293
2026-M089-PAR-FRA,89,2026-07-04,Round of 16,PAR_fabian_balbuena,Fabian BALBUENA,PAR,Paraguay,FRA,DF,0,4,1,0.3,0.1,0.0,0.1,0.5,0.2,0.5,0.2,0.9375,0.695691287878788,8.775094696969697,0.8125,0.9527746212121212,3.041193181818182,5.0,1,0,0,0,0,0.0,0,0,0.0,0.002255049513509291,0.010645670009038783
2026-M089-PAR-FRA,89,2026-07-04,Round of 16,PAR_ramon_sosa,Ramon SOSA,PAR,Paraguay,FRA,MF,0,4,1,0.3,0.1,2.97,0.09424083769633508,0.4712041884816754,0.18848167539267016,0.5,0.2,0.9375,0.695691287878788,8.775094696969697,0.8125,0.9527746212121212,3.041193181818182,5.0,1,0,0,0,0,0.0,0,0,0.003105116766028315,0.005561304227705956,0.005117693422079389
2026-M089-PAR-FRA,89,2026-07-04,Round of 16,PAR_antonio_sanabria,Antonio SANABRIA,PAR,Paraguay,FRA,FW,0,4,2,0.5,0.3,0.0,0.0743801652892562,0.371900826446281,0.1487603305785124,0.5,0.2,0.9375,0.695691287878788,8.775094696969697,0.8125,0.9527746212121212,3.041193181818182,5.0,1,0,0,0,0,0.0,0,0,0.0,0.007879263216925995,0.022646781134972382
2026-M089-PAR-FRA,89,2026-07-04,Round of 16,PAR_mauricio,MAURICIO,PAR,Paraguay,FRA,MF,0,4,3,0.7,0.1,27.470000000000002,0.3564356435643564,1.188118811881188,1.00990099009901,1.3392857142857142,1.1785714285714288,0.9375,0.695691287878788,8.775094696969697,0.8125,0.9527746212121212,3.041193181818182,5.0,1,0,0,0,1,19.0,1,0,0.10308311421843197,0.0229624021569648,0.032613717224690836
2026-M089-PAR-FRA,89,2026-07-04,Round of 16,PAR_jose_canale,Jose CANALE,PAR,Paraguay,FRA,DF,0,4,3,0.7,0.3,1.4100000000000001,0.06521739130434782,0.32608695652173914,0.13043478260869565,0.24193548387096775,0.0967741935483871,0.9375,0.695691287878788,8.775094696969697,0.8125,0.9527746212121212,3.041193181818182,5.0,1,0,0,0,1,32.0,0,0,0.0010212173327383,0.002009311950195901,0.003057214973479471
2026-M089-PAR-FRA,89,2026-07-04,Round of 16,PAR_damian_bobadilla,Damian BOBADILLA,PAR,Paraguay,FRA,MF,0,4,4,0.9,0.5,10.575000000000001,0.05,0.25,0.1,0.2,0.08,0.9375,0.695691287878788,8.775094696969697,0.8125,0.9527746212121212,3.041193181818182,5.0,1,0,0,0,0,0.0,0,0,0.005857775934469012,0.004613259568706278,0.009605666192551047
2026-M089-PAR-FRA,89,2026-07-04,Round of 16,PAR_alejandro_romero_gamarra,Alejandro ROMERO GAMARRA,PAR,Paraguay,FRA,FW,0,4,1,0.3,0.1,2.7,0.09473684210526316,0.47368421052631576,0.18947368421052632,0.5,0.2,0.9375,0.695691287878788,8.775094696969697,0.8125,0.9527746212121212,3.041193181818182,5.0,1,0,0,0,0,0.0,0,0,0.0028380703054911027,0.010472353035828764,0.01674579825362684
2026-M089-PAR-FRA,89,2026-07-04,Round of 16,PAR_alex_arce,Alex ARCE,PAR,Paraguay,FRA,FW,0,4,2,0.5,0.1,11.985000000000001,0.07792207792207792,0.38961038961038963,0.15584415584415584,0.39823008849557523,0.1592920353982301,0.9375,0.695691287878788,8.775094696969697,0.8125,0.9527746212121212,3.041193181818182,5.0,1,0,0,0,0,0.0,0,0,0.010322971954165872,0.010988841899069849,0.02299854297611786
2026-M089-PAR-FRA,89,2026-07-04,Round of 16,PAR_braian_ojeda,Braian OJEDA,PAR,Paraguay,FRA,MF,0,4,1,0.3,0.1,0.0,0.1,0.5,0.2,0.5,0.2,0.9375,0.695691287878788,8.775094696969697,0.8125,0.9527746212121212,3.041193181818182,5.0,1,0,0,0,0,0.0,0,0,0.0,0.005782805788626144,0.013568963127312378
2026-M089-PAR-FRA,89,2026-07-04,Round of 16,PAR_gabriel_avalos,Gabriel AVALOS,PAR,Paraguay,FRA,FW,0,4,3,0.7,0.5,0.0,0.059602649006622516,0.5960264900662252,0.11920529801324503,0.6367924528301887,0.08490566037735849,0.9375,0.695691287878788,8.775094696969697,0.8125,0.9527746212121212,3.041193181818182,5.0,1,0,0,0,1,19.0,0,0,0.0,0.00945988716078278,0.023532914638774438
2026-M089-PAR-FRA,89,2026-07-04,Round of 16,PAR_gustavo_caballero,Gustavo CABALLERO,PAR,Paraguay,FRA,MF,0,4,1,0.3,0.1,9.450000000000001,0.08372093023255814,0.8372093023255814,0.5860465116279069,1.08,0.864,0.9375,0.695691287878788,8.775094696969697,0.8125,0.9527746212121212,3.041193181818182,5.0,1,0,0,0,1,29.0,0,0,0.008752172462096919,0.00610285170127691,0.005475138948953716
2026-M089-PAR-FRA,89,2026-07-04,Round of 16,PAR_isidro_pitta,Isidro PITTA,PAR,Paraguay,FRA,FW,0,4,1,0.3,0.3,1.5399999999999998,0.08,0.4,0.16,0.3333333333333333,0.13333333333333333,0.9375,0.695691287878788,8.775094696969697,0.8125,0.9527746212121212,3.041193181818182,5.0,1,0,0,0,0,0.0,0,0,0.0013679523878644684,0.009079421556841414,0.01601194509597066
2026-M089-PAR-FRA,89,2026-07-04,Round of 16,PAR_alexandro_maidana,Alexandro MAIDANA,PAR,Paraguay,FRA,DF,0,4,2,0.5,0.3,2.43,0.07692307692307693,0.38461538461538464,0.15384615384615385,0.3125,0.125,0.9375,0.695691287878788,8.775094696969697,0.8125,0.9527746212121212,3.041193181818182,5.0,1,0,0,0,0,0.0,0,0,0.0020747677645869267,0.0020064591048587974,0.002800804717069215
2026-M090-CAN-MAR,90,2026-07-04,Round of 16,CAN_maxime_crepeau,Maxime CREPEAU,CAN,Canada,MAR,GK,1,4,4,0.9,0.9,90.0,0.03333333333333333,0.16666666666666666,0.06666666666666667,0.125,0.05,1.9756554307116103,1.798679775280899,15.891853932584269,1.1006554307116103,0.8515964419475658,2.785112359550562,6.0,1,0,0,0,1,90.0,0,0,0.0327838995179941,0.0036882951117307183,0.00967926761538824
2026-M090-CAN-MAR,90,2026-07-04,Round of 16,CAN_alistair_johnston,Alistair JOHNSTON,CAN,Canada,MAR,DF,1,4,4,0.9,0.9,90.0,0.03333333333333333,0.8333333333333334,0.4,0.875,0.55,1.9756554307116103,1.798679775280899,15.891853932584269,1.1006554307116103,0.8515964419475658,2.785112359550562,6.0,1,0,0,0,1,90.0,1,0,0.0327838995179941,0.014484806152767505,0.021520585377762996
2026-M090-CAN-MAR,90,2026-07-04,Round of 16,CAN_luc_de_fougerolles,Luc DE FOUGEROLLES,CAN,Canada,MAR,DF,1,4,4,0.9,0.7,83.66666666666667,0.03896103896103896,0.5844155844155844,0.2727272727272727,0.7978723404255319,0.3829787234042553,1.9756554307116103,1.798679775280899,15.891853932584269,1.1006554307116103,0.8515964419475658,2.785112359550562,6.0,1,0,0,0,1,90.0,1,0,0.03557126386992582,0.011984116699986825,0.020041934224678953
2026-M090-CAN-MAR,90,2026-07-04,Round of 16,CAN_stephen_eustaquio,Stephen EUSTAQUIO,CAN,Canada,MAR,MF,1,4,4,0.9,0.7,90.0,0.03734439834024896,0.9336099585062241,0.2614107883817427,1.0430463576158941,0.3576158940397351,1.9756554307116103,1.798679775280899,15.891853932584269,1.1006554307116103,0.8515964419475658,2.785112359550562,6.0,1,0,0,0,1,90.0,0,0,0.036655695968141,0.04248129116121629,0.04387615541671576
2026-M090-CAN-MAR,90,2026-07-04,Round of 16,CAN_jonathan_david,Jonathan DAVID,CAN,Canada,MAR,FW,1,4,4,0.9,0.9,82.75,0.3874755381604697,2.8180039138943247,1.4794520547945205,3.125,1.8,1.9756554307116103,1.798679775280899,15.891853932584269,1.1006554307116103,0.8515964419475658,2.785112359550562,6.0,1,0,0,0,1,90.0,3,1,0.2997110412623081,0.3923515818430569,0.38640066170696835
2026-M090-CAN-MAR,90,2026-07-04,Round of 16,CAN_tani_oluwaseyi,Tani OLUWASEYI,CAN,Canada,MAR,FW,1,4,4,0.9,0.5,73.0,0.04774535809018567,1.6710875331564987,0.8116710875331565,1.919431279620853,0.9383886255924172,1.9756554307116103,1.798679775280899,15.891853932584269,1.1006554307116103,0.8515964419475658,2.785112359550562,6.0,1,0,0,0,1,63.0,2,1,0.03798649547859978,0.14102525942517338,0.11610011451000112
2026-M090-CAN-MAR,90,2026-07-04,Round of 16,CAN_moise_bombito,Moise BOMBITO,CAN,Canada,MAR,DF,1,4,2,0.5,0.3,59.0,0.06338028169014084,0.6338028169014085,0.4436619718309859,0.6958762886597938,0.5567010309278351,1.9756554307116103,1.798679775280899,15.891853932584269,1.1006554307116103,0.8515964419475658,2.785112359550562,6.0,1,0,0,0,1,90.0,0,0,0.040697955361545746,0.014752305782393081,0.024112569401894837
2026-M090-CAN-MAR,90,2026-07-04,Round of 16,CAN_tajon_buchanan,Tajon BUCHANAN,CAN,Canada,MAR,FW,1,4,4,0.9,0.9,73.5,0.0379746835443038,1.139240506329114,0.45569620253164556,1.5325077399380804,0.6130030959752323,1.9756554307116103,1.798679775280899,15.891853932584269,1.1006554307116103,0.8515964419475658,2.785112359550562,6.0,1,0,0,0,1,87.0,1,1,0.030536698689001662,0.06258278615144915,0.09985203084293214
2026-M090-CAN-MAR,90,2026-07-04,Round of 16,CAN_ali_ahmed,Ali AHMED,CAN,Canada,MAR,FW,1,4,3,0.7,0.5,64.5,0.05325443786982249,1.0650887573964498,0.37278106508875736,1.4383561643835616,0.4931506849315068,1.9756554307116103,1.798679775280899,15.891853932584269,1.1006554307116103,0.8515964419475658,2.785112359550562,6.0,1,0,0,0,1,78.0,0,0,0.037446548632054766,0.07031582633541046,0.09377773194201934
2026-M090-CAN-MAR,90,2026-07-04,Round of 16,CAN_richie_laryea,Richie LARYEA,CAN,Canada,MAR,DF,1,4,4,0.9,0.9,88.25,0.03377110694183865,0.5065666041275797,0.23639774859287052,0.38243626062322944,0.05099150141643059,1.9756554307116103,1.798679775280899,15.891853932584269,1.1006554307116103,0.8515964419475658,2.785112359550562,6.0,1,0,0,0,1,78.0,0,0,0.03257216550469244,0.015576571117918088,0.021044096653193824
2026-M090-CAN-MAR,90,2026-07-04,Round of 16,CAN_niko_sigur,Niko SIGUR,CAN,Canada,MAR,DF,1,4,2,0.5,0.1,80.0,0.08256880733944955,0.8256880733944955,0.1651376146788991,1.0546875,0.140625,1.9756554307116103,1.798679775280899,15.891853932584269,1.1006554307116103,0.8515964419475658,2.785112359550562,6.0,1,0,0,0,1,87.0,0,0,0.07076582091161698,0.021120515617959114,0.030772556199034035
2026-M090-CAN-MAR,90,2026-07-04,Round of 16,CAN_dayne_st_clair,Dayne ST. CLAIR,CAN,Canada,MAR,GK,0,4,0,0.1,0.1,1.5399999999999998,0.1,0.5,0.2,0.5,0.2,1.9756554307116103,1.798679775280899,15.891853932584269,1.1006554307116103,0.8515964419475658,2.785112359550562,6.0,1,0,0,0,0,0.0,0,0,0.0017096479951308474,0.000909819585678335,0.0013602584639563018
2026-M090-CAN-MAR,90,2026-07-04,Round of 16,CAN_owen_goodman,Owen GOODMAN,CAN,Canada,MAR,GK,0,4,0,0.1,0.1,1.5399999999999998,0.1,0.5,0.2,0.5,0.2,1.9756554307116103,1.798679775280899,15.891853932584269,1.1006554307116103,0.8515964419475658,2.785112359550562,6.0,1,0,0,0,0,0.0,0,0,0.0017096479951308474,0.000909819585678335,0.0013602584639563018
2026-M090-CAN-MAR,90,2026-07-04,Round of 16,CAN_alfie_jones,Alﬁe JONES,CAN,Canada,MAR,DF,0,4,0,0.1,0.1,1.5399999999999998,0.1,0.5,0.2,0.5,0.2,1.9756554307116103,1.798679775280899,15.891853932584269,1.1006554307116103,0.8515964419475658,2.785112359550562,6.0,1,0,0,0,0,0.0,0,0,0.0017096479951308474,0.002367120570191439,0.0011160717389660855
2026-M090-CAN-MAR,90,2026-07-04,Round of 16,CAN_joel_waterman,Joel WATERMAN,CAN,Canada,MAR,DF,0,4,0,0.1,0.1,1.5399999999999998,0.1,0.5,0.2,0.5,0.2,1.9756554307116103,1.798679775280899,15.891853932584269,1.1006554307116103,0.8515964419475658,2.785112359550562,6.0,1,0,0,0,0,0.0,0,0,0.0017096479951308474,0.002367120570191439,0.0011160717389660855
2026-M090-CAN-MAR,90,2026-07-04,Round of 16,CAN_mathieu_choiniere,Mathieu CHOINIERE,CAN,Canada,MAR,MF,0,4,1,0.3,0.3,1.5399999999999998,0.07563025210084033,0.37815126050420167,0.15126050420168066,0.30405405405405406,0.12162162162162163,1.9756554307116103,1.798679775280899,15.891853932584269,1.1006554307116103,0.8515964419475658,2.785112359550562,6.0,1,0,0,0,0,0.0,0,0,0.001293280637918337,0.005149934737647357,0.0016301160174602661
2026-M090-CAN-MAR,90,2026-07-04,Round of 16,CAN_ismael_kone,Ismael KONE,CAN,Canada,MAR,MF,0,4,2,0.5,0.5,1.5399999999999998,0.055384615384615386,0.8307692307692308,0.11076923076923077,0.9310344827586207,0.12413793103448276,1.9756554307116103,1.798679775280899,15.891853932584269,1.1006554307116103,0.8515964419475658,2.785112359550562,6.0,1,0,0,0,0,0.0,0,0,0.0009472433891606347,0.005445140970956932,0.0016301160174602661
2026-M090-CAN-MAR,90,2026-07-04,Round of 16,CAN_cyle_larin,Cyle LARIN,CAN,Canada,MAR,FW,0,4,3,0.7,0.5,3.7800000000000002,0.5789473684210528,2.6315789473684212,1.1578947368421055,2.8361344537815127,1.2100840336134453,1.9756554307116103,1.798679775280899,15.891853932584269,1.1006554307116103,0.8515964419475658,2.785112359550562,6.0,1,0,0,0,1,27.0,0,0,0.02402254231859846,0.13393370175793592,0.15139865030068625
2026-M090-CAN-MAR,90,2026-07-04,Round of 16,CAN_liam_millar,Liam MILLAR,CAN,Canada,MAR,MF,0,4,3,0.7,0.5,8.64,0.05232558139534884,0.5232558139534884,0.10465116279069768,0.6994818652849741,0.09326424870466321,1.9756554307116103,1.798679775280899,15.891853932584269,1.1006554307116103,0.8515964419475658,2.785112359550562,6.0,1,0,0,0,0,0.0,0,0,0.005010660363349517,0.00472315050948878,0.0018471657998411861
2026-M090-CAN-MAR,90,2026-07-04,Round of 16,CAN_derek_cornelius,Derek CORNELIUS,CAN,Canada,MAR,DF,0,4,4,0.9,0.9,1.5399999999999998,0.03636363636363636,1.0909090909090908,0.2545454545454545,1.2857142857142858,0.34285714285714286,1.9756554307116103,1.798679775280899,15.891853932584269,1.1006554307116103,0.8515964419475658,2.785112359550562,6.0,1,0,0,0,0,0.0,0,0,0.0006220286821190246,0.0019926487861910433,0.0019308662175346592
2026-M090-CAN-MAR,90,2026-07-04,Round of 16,CAN_jacob_shaffelburg,Jacob SHAFFELBURG,CAN,Canada,MAR,MF,0,4,4,0.9,0.1,16.095,0.07086614173228346,1.4173228346456692,0.14173228346456693,2.3333333333333335,0.13333333333333333,1.9756554307116103,1.798679775280899,15.891853932584269,1.1006554307116103,0.8515964419475658,2.785112359550562,6.0,1,0,0,0,1,12.0,0,0,0.012593261158704072,0.009009118526714589,0.03401109223750459
2026-M090-CAN-MAR,90,2026-07-04,Round of 16,CAN_alphonso_davies,Alphonso DAVIES,CAN,Canada,MAR,DF,0,4,1,0.3,0.1,4.050000000000001,0.09230769230769231,0.46153846153846156,0.18461538461538463,0.42857142857142855,0.17142857142857143,1.9756554307116103,1.798679775280899,15.891853932584269,1.1006554307116103,0.8515964419475658,2.785112359550562,6.0,1,0,0,0,0,0.0,0,0,0.004145230867896754,0.0024823206738975204,0.0010713591728294383
2026-M090-CAN-MAR,90,2026-07-04,Round of 16,CAN_jonathan_osorio,Jonathan OSORIO,CAN,Canada,MAR,MF,0,4,1,0.3,0.1,0.0,0.1,0.5,0.2,0.5,0.2,1.9756554307116103,1.798679775280899,15.891853932584269,1.1006554307116103,0.8515964419475658,2.785112359550562,6.0,1,0,0,0,1,3.0,1,0,0.0,0.006312962289700857,0.009243237644146687
2026-M090-CAN-MAR,90,2026-07-04,Round of 16,CAN_promise_david,Promise DAVID,CAN,Canada,MAR,FW,0,4,3,0.7,0.1,14.293333333333333,0.4426229508196721,2.2131147540983607,1.2540983606557377,3.24,2.304,1.9756554307116103,1.798679775280899,15.891853932584269,1.1006554307116103,0.8515964419475658,2.785112359550562,6.0,1,0,0,0,1,12.0,0,0,0.06788127210730466,0.03298377045878756,0.1338897505117399
2026-M090-CAN-MAR,90,2026-07-04,Round of 16,CAN_nathan_saliba,Nathan SALIBA,CAN,Canada,MAR,MF,0,4,3,0.7,0.5,9.450000000000001,0.2967032967032967,0.989010989010989,0.3461538461538461,1.1496350364963503,0.39416058394160586,1.9756554307116103,1.798679775280899,15.891853932584269,1.1006554307116103,0.8515964419475658,2.785112359550562,6.0,1,0,0,0,0,0.0,0,0,0.030673565539644176,0.011183659587547067,0.003626005411890786
2026-M090-CAN-MAR,90,2026-07-04,Round of 16,CAN_jayden_nelson,Jayden NELSON,CAN,Canada,MAR,FW,0,4,0,0.1,0.1,1.5399999999999998,0.1,0.5,0.2,0.5,0.2,1.9756554307116103,1.798679775280899,15.891853932584269,1.1006554307116103,0.8515964419475658,2.785112359550562,6.0,1,0,0,0,1,3.0,1,0,0.0017096479951308474,0.011302051452525887,0.009697464853259005
2026-M090-CAN-MAR,90,2026-07-04,Round of 16,MAR_yassine_bounou,Yassine BOUNOU,MAR,Morocco,CAN,GK,1,4,4,0.9,0.9,90.0,0.03333333333333333,0.16666666666666666,0.06666666666666667,0.125,0.05,1.6006554307116103,1.2811797752808989,13.433520599250935,0.9756554307116104,0.8770131086142324,2.701779026217229,5.0,1,0,0,0,1,90.0,0,0,0.0327838995179941,0.0035871735438714786,0.010094812867483134
2026-M090-CAN-MAR,90,2026-07-04,Round of 16,MAR_achraf_hakimi,Achraf HAKIMI,MAR,Morocco,CAN,DF,1,4,4,0.9,0.9,90.0,0.2,2.3333333333333335,0.7333333333333334,2.625,1.05,1.6006554307116103,1.2811797752808989,13.433520599250935,0.9756554307116104,0.8770131086142324,2.701779026217229,5.0,1,0,0,0,1,90.0,0,0,0.18126924692201818,0.04735415269153715,0.05660891819725951
2026-M090-CAN-MAR,90,2026-07-04,Round of 16,MAR_noussair_mazraoui,Noussair MAZRAOUI,MAR,Morocco,CAN,DF,1,4,4,0.9,0.7,86.66666666666667,0.040268456375838924,0.20134228187919462,0.08053691275167785,0.1624548736462094,0.06498194945848375,1.6006554307116103,1.2811797752808989,13.433520599250935,0.9756554307116104,0.8770131086142324,2.701779026217229,5.0,1,0,0,0,1,90.0,0,0,0.03803482737627817,0.010720184826803689,0.00831917693965659
2026-M090-CAN-MAR,90,2026-07-04,Round of 16,MAR_ayyoub_bouaddi,Ayyoub BOUADDI,MAR,Morocco,CAN,MF,1,4,3,0.7,0.7,86.33333333333333,0.04100227790432802,0.8200455580865603,0.08200455580865604,1.2162162162162162,0.0694980694980695,1.6006554307116103,1.2811797752808989,13.433520599250935,0.9756554307116104,0.8770131086142324,2.701779026217229,5.0,1,0,0,0,1,63.0,0,0,0.0385683609669375,0.031635359676098755,0.0378714045477035
2026-M090-CAN-MAR,90,2026-07-04,Round of 16,MAR_ounahi,OUNAHI,MAR,Morocco,CAN,MF,1,0,0,0.5,0.5,80.0,0.1,0.5,0.2,0.5,0.2,1.6006554307116103,1.2811797752808989,13.433520599250935,0.9756554307116104,0.8770131086142324,2.701779026217229,7.0,1,1,1,2,1,87.0,2,2,0.08505277126996902,0.06840294716310558,0.09078404331465052
2026-M090-CAN-MAR,90,2026-07-04,Round of 16,MAR_brahim_diaz,Brahim DIAZ,MAR,Morocco,CAN,FW,1,4,4,0.9,0.9,74.5,0.03765690376569038,1.1297071129707112,0.2635983263598326,0.6965944272445821,0.05572755417956656,1.6006554307116103,1.2811797752808989,13.433520599250935,0.9756554307116104,0.8770131086142324,2.701779026217229,5.0,1,0,0,0,1,90.0,0,0,0.0306907243687482,0.11307225959430312,0.10761309396163128
2026-M090-CAN-MAR,90,2026-07-04,Round of 16,MAR_ismael_saibari,Ismael SAIBARI,MAR,Morocco,CAN,MF,1,4,4,0.9,0.9,83.25,0.5614035087719298,1.9298245614035088,0.5964912280701754,2.0209580838323356,0.5928143712574852,1.6006554307116103,1.2811797752808989,13.433520599250935,0.9756554307116104,0.8770131086142324,2.701779026217229,5.0,1,0,0,0,1,22.0,0,0,0.40506209820491024,0.20536977726949124,0.19969040258354723
2026-M090-CAN-MAR,90,2026-07-04,Round of 16,MAR_issa_diop,Issa DIOP,MAR,Morocco,CAN,DF,1,4,3,0.7,0.7,90.0,0.04,0.4,0.27999999999999997,0.5,0.4,1.6006554307116103,1.2811797752808989,13.433520599250935,0.9756554307116104,0.8770131086142324,2.701779026217229,5.0,1,0,0,0,1,87.0,0,0,0.03921056084767682,0.010784667359968648,0.01995556249249045
2026-M090-CAN-MAR,90,2026-07-04,Round of 16,MAR_bilal_el_khannouss,Bilal EL KHANNOUSS,MAR,Morocco,CAN,MF,1,4,4,0.9,0.9,85.25,0.0345489443378119,1.2092130518234165,0.7600767754318619,1.4102564102564104,1.0769230769230769,1.6006554307116103,1.2811797752808989,13.433520599250935,0.9756554307116104,0.8770131086142324,2.701779026217229,5.0,1,0,0,0,1,63.0,0,0,0.03219584155593791,0.04127269890314104,0.06374657153117982
2026-M090-CAN-MAR,90,2026-07-04,Round of 16,MAR_neil_el_aynaoui,Neil EL AYNAOUI,MAR,Morocco,CAN,MF,1,4,4,0.9,0.9,88.25,0.03377110694183865,1.1819887429643527,0.4052532833020638,0.8923512747875354,0.5609065155807367,1.6006554307116103,1.2811797752808989,13.433520599250935,0.9756554307116104,0.8770131086142324,2.701779026217229,5.0,1,0,0,0,1,90.0,0,0,0.03257216550469244,0.05229791442947685,0.046350627647805856
2026-M090-CAN-MAR,90,2026-07-04,Round of 16,MAR_redouane_halhal,Redouane HALHAL,MAR,Morocco,CAN,DF,1,4,1,0.3,0.3,90.0,0.06666666666666667,0.3333333333333333,0.13333333333333333,0.25,0.1,1.6006554307116103,1.2811797752808989,13.433520599250935,0.9756554307116104,0.8770131086142324,2.701779026217229,5.0,1,0,0,0,1,90.0,0,0,0.06449301496838222,0.014920957125169084,0.01330652596742202
2026-M090-CAN-MAR,90,2026-07-04,Round of 16,MAR_munir_el_kajoui,Munir EL KAJOUI,MAR,Morocco,CAN,GK,0,4,0,0.1,0.1,1.5399999999999998,0.1,0.5,0.2,0.5,0.2,1.6006554307116103,1.2811797752808989,13.433520599250935,0.9756554307116104,0.8770131086142324,2.701779026217229,5.0,1,0,0,0,0,0.0,0,0,0.0017096479951308474,0.00088480751387788,0.0013602584639563018
2026-M090-CAN-MAR,90,2026-07-04,Round of 16,MAR_ahmed_reda_tagnaouti,Ahmed Reda TAGNAOUTI,MAR,Morocco,CAN,GK,0,4,0,0.1,0.1,1.5399999999999998,0.1,0.5,0.2,0.5,0.2,1.6006554307116103,1.2811797752808989,13.433520599250935,0.9756554307116104,0.8770131086142324,2.701779026217229,5.0,1,0,0,0,0,0.0,0,0,0.0017096479951308474,0.00088480751387788,0.0013602584639563018
2026-M090-CAN-MAR,90,2026-07-04,Round of 16,MAR_sofyan_amrabat,Sofyan AMRABAT,MAR,Morocco,CAN,MF,0,4,1,0.3,0.3,1.5399999999999998,0.06666666666666667,0.3333333333333333,0.13333333333333333,0.25,0.1,1.6006554307116103,1.2811797752808989,13.433520599250935,0.9756554307116104,0.8770131086142324,2.701779026217229,5.0,1,0,0,0,1,27.0,0,0,0.0011400903433570475,0.004772282851096384,0.0016198173562862188
2026-M090-CAN-MAR,90,2026-07-04,Round of 16,MAR_marwane_saadane,Marwane SAADANE,MAR,Morocco,CAN,DF,0,4,0,0.1,0.1,1.5399999999999998,0.1,0.5,0.2,0.5,0.2,1.6006554307116103,1.2811797752808989,13.433520599250935,0.9756554307116104,0.8770131086142324,2.701779026217229,5.0,1,0,0,0,1,3.0,0,0,0.0017096479951308474,0.0023021377966992917,0.0011160717389660855
2026-M090-CAN-MAR,90,2026-07-04,Round of 16,MAR_chemsdine_talbi,Chemsdine TALBI,MAR,Morocco,CAN,MF,0,4,3,0.7,0.1,7.593333333333335,0.08411214953271028,1.2616822429906542,0.16822429906542055,2.272727272727273,0.18181818181818182,1.6006554307116103,1.2811797752808989,13.433520599250935,0.9756554307116104,0.8770131086142324,2.701779026217229,5.0,1,0,0,0,1,27.0,0,0,0.007071451993044153,0.0068244505540829,0.01524987736323686
2026-M090-CAN-MAR,90,2026-07-04,Round of 16,MAR_soufiane_rahimi,Souﬁane RAHIMI,MAR,Morocco,CAN,FW,0,4,4,0.9,0.1,6.742499999999999,0.5118483412322274,1.2796208530805686,0.5971563981042654,1.875,0.9,1.6006554307116103,1.2811797752808989,13.433520599250935,0.9756554307116104,0.8770131086142324,2.701779026217229,5.0,1,0,1,0,1,68.0,3,2,0.03762007280066981,0.03475663633705561,0.06170050090271185
2026-M090-CAN-MAR,90,2026-07-04,Round of 16,MAR_zakaria_el_ouahdi,Zakaria EL OUAHDI,MAR,Morocco,CAN,DF,0,4,0,0.1,0.1,1.5399999999999998,0.1,0.5,0.2,0.5,0.2,1.6006554307116103,1.2811797752808989,13.433520599250935,0.9756554307116104,0.8770131086142324,2.701779026217229,5.0,1,0,0,0,0,0.0,0,0,0.0017096479951308474,0.0023021377966992917,0.0011160717389660855
2026-M090-CAN-MAR,90,2026-07-04,Round of 16,MAR_samir_el_mourabet,Samir EL MOURABET,MAR,Morocco,CAN,MF,0,4,4,0.9,0.1,9.3525,0.08071748878923767,0.40358744394618834,0.16143497757847533,0.4166666666666667,0.16666666666666666,1.6006554307116103,1.2811797752808989,13.433520599250935,0.9756554307116104,0.8770131086142324,2.701779026217229,5.0,1,0,0,0,1,3.0,0,0,0.008352812158971212,0.006658081072849346,0.0018471657998411861
2026-M090-CAN-MAR,90,2026-07-04,Round of 16,MAR_gessime_yassine,Gessime YASSINE,MAR,Morocco,CAN,MF,0,4,2,0.5,0.1,7.285,0.5118483412322274,0.8530805687203792,0.5971563981042654,1.115702479338843,0.8925619834710744,1.6006554307116103,1.2811797752808989,13.433520599250935,0.9756554307116104,0.8770131086142324,2.701779026217229,5.0,1,0,0,0,0,0.0,0,0,0.04058473554315767,0.015282708091252668,0.04246029135050709
2026-M090-CAN-MAR,90,2026-07-04,Round of 16,MAR_amine_sbai,Amine SBAI,MAR,Morocco,CAN,FW,0,4,0,0.1,0.1,1.5399999999999998,0.1,0.5,0.2,0.5,0.2,1.6006554307116103,1.2811797752808989,13.433520599250935,0.9756554307116104,0.8770131086142324,2.701779026217229,5.0,1,0,0,0,0,0.0,0,0,0.0017096479951308474,0.01099448793841948,0.009331122070825107
2026-M090-CAN-MAR,90,2026-07-04,Round of 16,MAR_chadi_riad,Chadi RIAD,MAR,Morocco,CAN,DF,0,4,4,0.9,0.9,1.5399999999999998,0.034220532319391636,0.34220532319391633,0.06844106463878327,0.3901734104046243,0.05202312138728324,1.6006554307116103,1.2811797752808989,13.433520599250935,0.9756554307116104,0.8770131086142324,2.701779026217229,5.0,1,0,0,0,0,0.0,0,0,0.000585379929074481,0.0012461969356890844,0.0013706605804558074
2026-M090-CAN-MAR,90,2026-07-04,Round of 16,MAR_youssef_belammari,Youssef BELAMMARI,MAR,Morocco,CAN,DF,0,4,0,0.1,0.1,1.5399999999999998,0.1,0.5,0.2,0.5,0.2,1.6006554307116103,1.2811797752808989,13.433520599250935,0.9756554307116104,0.8770131086142324,2.701779026217229,5.0,1,0,0,0,0,0.0,0,0,0.0017096479951308474,0.0023021377966992917,0.0011160717389660855
2026-M090-CAN-MAR,90,2026-07-04,Round of 16,MAR_ayoub_el_kaabi,Ayoub EL KAABI,MAR,Morocco,CAN,FW,0,4,1,0.3,0.3,1.5399999999999998,0.072,1.44,0.864,1.96875,1.2375000000000003,1.6006554307116103,1.2811797752808989,13.433520599250935,0.9756554307116104,0.8770131086142324,2.701779026217229,5.0,1,0,0,0,0,0.0,0,0,0.001231241399563876,0.013492242011165641,0.03041954896174983
2026-M090-CAN-MAR,90,2026-07-04,Round of 16,MAR_ayoube_amaimouni,Ayoube AMAIMOUNI,MAR,Morocco,CAN,FW,0,4,2,0.5,0.1,3.7600000000000002,0.09183673469387756,1.3775510204081634,0.6428571428571428,1.40625,0.1875,1.6006554307116103,1.2811797752808989,13.433520599250935,0.9756554307116104,0.8770131086142324,2.701779026217229,5.0,1,0,0,0,0,0.0,0,0,0.0038293838314299444,0.03920488675624209,0.022695323576719342
2026-M090-CAN-MAR,90,2026-07-04,Round of 16,MAR_anass_salah_eddine,Anass SALAH EDDINE,MAR,Morocco,CAN,DF,0,4,3,0.7,0.3,5.640000000000001,0.0627177700348432,0.627177700348432,0.1254355400696864,0.7219251336898396,0.0962566844919786,1.6006554307116103,1.2811797752808989,13.433520599250935,0.9756554307116104,0.8770131086142324,2.701779026217229,5.0,1,0,0,0,0,0.0,0,0,0.0039226000152934315,0.002331801777600676,0.0010713591728294383
2026-M091-BRA-NOR,91,2026-07-05,Round of 16,BRA_alisson,ALISSON,BRA,Brazil,NOR,GK,1,4,4,0.9,0.9,90.0,0.03333333333333333,0.16666666666666666,0.06666666666666667,0.125,0.05,1.975925925925926,1.7936203703703704,13.874537037037037,1.8092592592592593,1.3636203703703706,4.532870370370371,6.0,1,0,0,0,1,90.0,0,0,0.0327838995179941,0.0038278957405554616,0.01286044266984606
2026-M091-BRA-NOR,91,2026-07-05,Round of 16,BRA_gabriel_magalhaes,GABRIEL MAGALHAES,BRA,Brazil,NOR,DF,1,4,4,0.9,0.9,90.0,0.03333333333333333,0.3333333333333333,0.06666666666666667,0.375,0.05,1.975925925925926,1.7936203703703704,13.874537037037037,1.8092592592592593,1.3636203703703706,4.532870370370371,6.0,1,0,0,0,1,90.0,0,0,0.0327838995179941,0.010808079861054953,0.013764085204732686
2026-M091-BRA-NOR,91,2026-07-05,Round of 16,BRA_marquinhos,MARQUINHOS,BRA,Brazil,NOR,DF,1,4,4,0.9,0.9,90.0,0.03333333333333333,0.5,0.06666666666666667,0.125,0.05,1.975925925925926,1.7936203703703704,13.874537037037037,1.8092592592592593,1.3636203703703706,4.532870370370371,6.0,1,0,0,0,1,90.0,0,0,0.0327838995179941,0.014223004129132038,0.018522362597140078
2026-M091-BRA-NOR,91,2026-07-05,Round of 16,BRA_casemiro,CASEMIRO,BRA,Brazil,NOR,MF,1,4,4,0.9,0.9,72.5,0.2297872340425532,0.7659574468085106,0.4595744680851064,0.9402985074626866,0.5910447761194031,1.975925925925926,1.7936203703703704,13.874537037037037,1.8092592592592593,1.3636203703703706,4.532870370370371,6.0,1,0,0,0,1,90.0,1,0,0.16898412679444297,0.04584302522477969,0.10274503924411124
2026-M091-BRA-NOR,91,2026-07-05,Round of 16,BRA_vinicius_junior,VINICIUS JUNIOR,BRA,Brazil,NOR,FW,1,4,4,0.9,0.9,87.75,0.711864406779661,2.711864406779661,1.7627118644067796,3.717948717948718,2.3589743589743586,1.975925925925926,1.7936203703703704,13.874537037037037,1.8092592592592593,1.3636203703703706,4.532870370370371,6.0,1,0,0,0,1,90.0,2,1,0.5004600962066402,0.4289921725753461,0.5133366977626831
2026-M091-BRA-NOR,91,2026-07-05,Round of 16,BRA_bruno_guimaraes,BRUNO GUIMARAES,BRA,Brazil,NOR,MF,1,4,4,0.9,0.9,85.25,0.0345489443378119,1.2092130518234165,0.24184261036468327,1.4102564102564104,0.3076923076923077,1.975925925925926,1.7936203703703704,13.874537037037037,1.8092592592592593,1.3636203703703706,4.532870370370371,6.0,1,0,0,0,1,79.0,2,1,0.03219584155593791,0.04414469214773176,0.11851402998824831
2026-M091-BRA-NOR,91,2026-07-05,Round of 16,BRA_matheus_cunha,MATHEUS CUNHA,BRA,Brazil,NOR,FW,1,4,4,0.9,0.7,68.66666666666667,0.6939759036144578,2.1686746987951806,0.9542168674698797,2.8885135135135136,1.277027027027027,1.975925925925926,1.7936203703703704,13.874537037037037,1.8092592592592593,1.3636203703703706,4.532870370370371,6.0,1,0,0,0,1,58.0,1,0,0.41108764628838457,0.3416359996463734,0.3235360969195875
2026-M091-BRA-NOR,91,2026-07-05,Round of 16,BRA_danilo,DANILO,BRA,Brazil,NOR,DF,1,4,4,0.9,0.7,90.0,0.03636363636363636,0.18181818181818182,0.07272727272727272,0.125,0.05,1.975925925925926,1.7936203703703704,13.874537037037037,1.8092592592592593,1.3636203703703706,4.532870370370371,6.0,1,0,0,0,1,90.0,1,0,0.03571042103527555,0.011728146861805018,0.013336499423638936
2026-M091-BRA-NOR,91,2026-07-05,Round of 16,BRA_douglas_santos,DOUGLAS SANTOS,BRA,Brazil,NOR,DF,1,4,4,0.9,0.9,88.0,0.03383458646616541,0.5075187969924813,0.06766917293233082,0.6392045454545454,0.05113636363636364,1.975925925925926,1.7936203703703704,13.874537037037037,1.8092592592592593,1.3636203703703706,4.532870370370371,6.0,1,0,0,0,1,90.0,0,0,0.03254145908801076,0.011548816201315397,0.02003964624634771
2026-M091-BRA-NOR,91,2026-07-05,Round of 16,BRA_gabriel_martinelli,GABRIEL MARTINELLI,BRA,Brazil,NOR,FW,1,4,3,0.7,0.1,80.0,0.07086614173228346,1.062992125984252,0.4960629921259842,1.3719512195121952,0.6585365853658537,1.975925925925926,1.7936203703703704,13.874537037037037,1.8092592592592593,1.3636203703703706,4.532870370370371,6.0,1,0,0,0,1,67.0,0,0,0.061049133026061075,0.11444116548927964,0.13485505636152337
2026-M091-BRA-NOR,91,2026-07-05,Round of 16,BRA_rayan,RAYAN,BRA,Brazil,NOR,FW,1,4,3,0.7,0.5,86.0,0.04477611940298507,0.8955223880597015,0.3134328358208955,1.0096153846153846,0.34615384615384615,1.975925925925926,1.7936203703703704,13.874537037037037,1.8092592592592593,1.3636203703703706,4.532870370370371,6.0,1,0,0,0,1,67.0,2,1,0.04188366169414892,0.09016522126738719,0.1345469690015746
2026-M091-BRA-NOR,91,2026-07-05,Round of 16,BRA_weverton,WEVERTON,BRA,Brazil,NOR,GK,0,4,0,0.1,0.1,1.5399999999999998,0.1,0.5,0.2,0.5,0.2,1.975925925925926,1.7936203703703704,13.874537037037037,1.8092592592592593,1.3636203703703706,4.532870370370371,6.0,1,0,0,0,0,0.0,0,0,0.0017096479951308474,0.001102523038249046,0.002596309795283193
2026-M091-BRA-NOR,91,2026-07-05,Round of 16,BRA_ederson,EDERSON,BRA,Brazil,NOR,GK,0,4,0,0.1,0.1,1.5399999999999998,0.1,0.5,0.2,0.5,0.2,1.975925925925926,1.7936203703703704,13.874537037037037,1.8092592592592593,1.3636203703703706,4.532870370370371,6.0,1,0,0,0,0,0.0,0,0,0.0017096479951308474,0.001102523038249046,0.002596309795283193
2026-M091-BRA-NOR,91,2026-07-05,Round of 16,BRA_ederson_silva,EDERSON SILVA,BRA,Brazil,NOR,MF,0,4,1,0.3,0.1,2.43,0.09523809523809523,0.9523809523809523,0.19047619047619047,1.3636363636363635,0.18181818181818182,1.975925925925926,1.7936203703703704,13.874537037037037,1.8092592592592593,1.3636203703703706,4.532870370370371,6.0,1,0,0,0,1,11.0,1,0,0.002568125280978051,0.008683830430340064,0.00487623906916601
2026-M091-BRA-NOR,91,2026-07-05,Round of 16,BRA_alex_sandro,ALEX SANDRO,BRA,Brazil,NOR,DF,0,4,1,0.3,0.1,2.16,0.09574468085106383,0.4787234042553192,0.19148936170212766,0.45918367346938777,0.1836734693877551,1.975925925925926,1.7936203703703704,13.874537037037037,1.8092592592592593,1.3636203703703706,4.532870370370371,6.0,1,0,0,0,0,0.0,0,0,0.0022952342528288483,0.0029088369666979345,0.0027248710221320924
2026-M091-BRA-NOR,91,2026-07-05,Round of 16,BRA_neymar_jr,NEYMAR JR,BRA,Brazil,NOR,FW,0,4,1,0.3,0.1,3.7800000000000002,0.09278350515463918,0.9278350515463918,0.6494845360824741,1.2980769230769231,1.0384615384615385,1.975925925925926,1.7936203703703704,13.874537037037037,1.8092592592592593,1.3636203703703706,4.532870370370371,6.0,1,0,1,0,1,23.0,2,1,0.003889324126964522,0.013622947199639935,0.01253900892262239
2026-M091-BRA-NOR,91,2026-07-05,Round of 16,BRA_raphinha,RAPHINHA,BRA,Brazil,NOR,FW,0,4,2,0.5,0.5,1.5399999999999998,0.05806451612903226,1.1612903225806452,0.6967741935483871,1.0384615384615385,0.8307692307692308,1.975925925925926,1.7936203703703704,13.874537037037037,1.8092592592592593,1.3636203703703706,4.532870370370371,6.0,1,0,0,0,0,0.0,0,0,0.0009930549813190748,0.017411724458415944,0.017247773239174785
2026-M091-BRA-NOR,91,2026-07-05,Round of 16,BRA_bremer,BREMER,BRA,Brazil,NOR,DF,0,4,0,0.1,0.1,1.5399999999999998,0.1,0.5,0.2,0.5,0.2,1.975925925925926,1.7936203703703704,13.874537037037037,1.8092592592592593,1.3636203703703706,4.532870370370371,6.0,1,0,0,0,0,0.0,0,0,0.0017096479951308474,0.002895011046247268,0.0024736832769761013
2026-M091-BRA-NOR,91,2026-07-05,Round of 16,BRA_leo_pereira,LEO PEREIRA,BRA,Brazil,NOR,DF,0,4,0,0.1,0.1,1.5399999999999998,0.1,0.5,0.2,0.5,0.2,1.975925925925926,1.7936203703703704,13.874537037037037,1.8092592592592593,1.3636203703703706,4.532870370370371,6.0,1,0,0,0,0,0.0,0,0,0.0017096479951308474,0.002895011046247268,0.0024736832769761013
2026-M091-BRA-NOR,91,2026-07-05,Round of 16,BRA_fabinho,FABINHO,BRA,Brazil,NOR,MF,0,4,3,0.7,0.1,15.633333333333333,0.072,0.72,0.144,1.173913043478261,0.1565217391304348,1.975925925925926,1.7936203703703704,13.874537037037037,1.8092592592592593,1.3636203703703706,4.532870370370371,6.0,1,0,0,0,0,0.0,0,0,0.012428783336175697,0.0075956840432353755,0.007905475700442302
2026-M091-BRA-NOR,91,2026-07-05,Round of 16,BRA_danilo_santos,DANILO SANTOS,BRA,Brazil,NOR,MF,0,4,3,0.7,0.1,4.243333333333333,0.09045226130653267,1.35678391959799,0.6331658291457286,0.45454545454545453,0.18181818181818182,1.975925925925926,1.7936203703703704,13.874537037037037,1.8092592592592593,1.3636203703703706,4.532870370370371,6.0,1,0,0,0,1,23.0,0,0,0.004255575881712215,0.03306317750996048,0.02747788493693194
2026-M091-BRA-NOR,91,2026-07-05,Round of 16,BRA_endrick,ENDRICK,BRA,Brazil,NOR,FW,0,4,3,0.7,0.1,17.643333333333334,0.0694980694980695,0.694980694980695,0.138996138996139,0.7988165680473372,0.10650887573964497,1.975925925925926,1.7936203703703704,13.874537037037037,1.8092592592592593,1.3636203703703706,4.532870370370371,6.0,1,0,0,0,1,32.0,2,0,0.013531806323560658,0.01635814231491425,0.023095669231935442
2026-M091-BRA-NOR,91,2026-07-05,Round of 16,BRA_lucas_paqueta,LUCAS PAQUETA,BRA,Brazil,NOR,MF,0,4,4,0.9,0.9,1.5399999999999998,0.04326923076923077,1.2980769230769231,0.30288461538461536,1.1886792452830188,0.06792452830188679,1.975925925925926,1.7936203703703704,13.874537037037037,1.8092592592592593,1.3636203703703706,4.532870370370371,6.0,1,0,0,0,0,0.0,0,0,0.0007401105983254608,0.009339647668163498,0.02035595007371662
2026-M091-BRA-NOR,91,2026-07-05,Round of 16,BRA_luiz_henrique,LUIZ HENRIQUE,BRA,Brazil,NOR,FW,0,4,1,0.3,0.1,7.5600000000000005,0.08653846153846154,0.4326923076923077,0.17307692307692307,0.5,0.2,1.975925925925926,1.7936203703703704,13.874537037037037,1.8092592592592593,1.3636203703703706,4.532870370370371,6.0,1,0,0,0,0,0.0,0,0,0.007242873814839235,0.012667638934915425,0.007820693429668598
2026-M091-BRA-NOR,91,2026-07-05,Round of 16,BRA_roger_ibanez,ROGER IBANEZ,BRA,Brazil,NOR,DF,0,4,1,0.3,0.3,1.5399999999999998,0.08,0.4,0.16,0.5,0.2,1.975925925925926,1.7936203703703704,13.874537037037037,1.8092592592592593,1.3636203703703706,4.532870370370371,6.0,1,0,0,0,0,0.0,0,0,0.0013679523878644684,0.0021160678452919203,0.0023082043554654265
2026-M091-BRA-NOR,91,2026-07-05,Round of 16,BRA_igor_thiago,IGOR THIAGO,BRA,Brazil,NOR,FW,0,4,1,0.3,0.3,1.5399999999999998,0.0743801652892562,1.115702479338843,0.5206611570247933,0.5,0.2,1.975925925925926,1.7936203703703704,13.874537037037037,1.8092592592592593,1.3636203703703706,4.532870370370371,6.0,1,0,0,0,0,0.0,0,0,0.0012719176988639225,0.032230672221462635,0.009901180723475638
2026-M091-BRA-NOR,91,2026-07-05,Round of 16,NOR_orjan_nyland,Orjan NYLAND,NOR,Norway,BRA,GK,1,4,3,0.7,0.7,90.0,0.04,0.2,0.08,0.16666666666666666,0.06666666666666667,2.142592592592593,1.6852870370370372,11.20787037037037,0.8092592592592593,0.8319537037037038,3.5328703703703703,5.0,1,0,0,0,1,90.0,0,0,0.03921056084767682,0.0023397992911321054,0.00869769219903171
2026-M091-BRA-NOR,91,2026-07-05,Round of 16,NOR_kristoffer_ajer,Kristoffer AJER,NOR,Norway,BRA,DF,1,4,3,0.7,0.7,90.0,0.04,0.4,0.27999999999999997,0.5,0.4,2.142592592592593,1.6852870370370372,11.20787037037037,0.8092592592592593,0.8319537037037038,3.5328703703703703,5.0,1,0,0,0,1,90.0,0,0,0.03921056084767682,0.006412022000322646,0.01755017244955469
2026-M091-BRA-NOR,91,2026-07-05,Round of 16,NOR_david_moller_wolfe,David MOLLER WOLFE,NOR,Norway,BRA,DF,1,4,3,0.7,0.7,84.33333333333333,0.04157043879907621,0.20785219399538107,0.08314087759815242,0.16666666666666666,0.06666666666666667,2.142592592592593,1.6852870370370372,11.20787037037037,0.8092592592592593,0.8319537037037038,3.5328703703703703,5.0,1,0,0,0,1,90.0,0,0,0.038204126749897815,0.005978301121620997,0.006991303661214636
2026-M091-BRA-NOR,91,2026-07-05,Round of 16,NOR_patrick_berg,Patrick BERG,NOR,Norway,BRA,MF,1,4,4,0.9,0.5,90.0,0.043478260869565216,0.43478260869565216,0.08695652173913043,0.42857142857142855,0.05714285714285714,2.142592592592593,1.6852870370370372,11.20787037037037,0.8092592592592593,0.8319537037037038,3.5328703703703703,5.0,1,0,0,0,1,90.0,1,0,0.04254663193161912,0.0214246427478351,0.04381236542714424
2026-M091-BRA-NOR,91,2026-07-05,Round of 16,NOR_alexander_sorloth,Alexander SORLOTH,NOR,Norway,BRA,FW,1,4,3,0.7,0.7,76.0,0.04411764705882353,0.8823529411764706,0.30882352941176466,0.5510204081632653,0.07346938775510205,2.142592592592593,1.6852870370370372,11.20787037037037,0.8092592592592593,0.8319537037037038,3.5328703703703703,5.0,1,0,0,0,1,45.0,0,0,0.03656947628263496,0.05889849381955095,0.11222871458260038
2026-M091-BRA-NOR,91,2026-07-05,Round of 16,NOR_sander_berge,Sander BERGE,NOR,Norway,BRA,MF,1,4,3,0.7,0.7,90.0,0.04,0.2,0.08,0.16666666666666666,0.06666666666666667,2.142592592592593,1.6852870370370372,11.20787037037037,0.8092592592592593,0.8319537037037038,3.5328703703703703,5.0,1,0,0,0,1,90.0,0,0,0.03921056084767682,0.015775210248260663,0.03230217321601972
2026-M091-BRA-NOR,91,2026-07-05,Round of 16,NOR_erling_haaland,Erling HAALAND,NOR,Norway,BRA,FW,1,4,3,0.7,0.7,90.0,1.04,2.8,1.68,3.1666666666666665,1.7333333333333334,2.142592592592593,1.6852870370370372,11.20787037037037,0.8092592592592593,0.8319537037037038,3.5328703703703703,5.0,1,1,1,2,1,90.0,4,3,0.6465453180412198,0.643593273061075,0.4371502513321476
2026-M091-BRA-NOR,91,2026-07-05,Round of 16,NOR_martin_odegaard,Martin ODEGAARD,NOR,Norway,BRA,MF,1,4,3,0.7,0.7,87.0,0.04081632653061224,1.2244897959183674,0.2857142857142857,1.5,0.4,2.142592592592593,1.6852870370370372,11.20787037037037,0.8092592592592593,0.8319537037037038,3.5328703703703703,5.0,1,0,0,0,1,90.0,3,1,0.03868753993562857,0.026042910525128,0.0544464358721629
2026-M091-BRA-NOR,91,2026-07-05,Round of 16,NOR_torbjorn_heggem,Torbjorn HEGGEM,NOR,Norway,BRA,DF,1,4,3,0.7,0.7,88.0,0.04054054054054054,0.40540540540540543,0.28378378378378377,0.5113636363636364,0.4090909090909091,2.142592592592593,1.6852870370370372,11.20787037037037,0.8092592592592593,0.8319537037037038,3.5328703703703703,5.0,1,0,0,0,1,90.0,0,0,0.03886426802779819,0.006316602374364555,0.016792596691978932
2026-M091-BRA-NOR,91,2026-07-05,Round of 16,NOR_antonio_nusa,Antonio NUSA,NOR,Norway,BRA,FW,1,4,4,0.9,0.7,71.66666666666667,0.26865671641791045,0.8955223880597015,0.3134328358208955,1.3179916317991631,0.45188284518828453,2.142592592592593,1.6852870370370372,11.20787037037037,0.8092592592592593,0.8319537037037038,3.5328703703703703,5.0,1,0,0,0,1,45.0,0,0,0.19259537979805486,0.04983677154709944,0.11280114602990142
2026-M091-BRA-NOR,91,2026-07-05,Round of 16,NOR_julian_ryerson,Julian RYERSON,NOR,Norway,BRA,FW,1,4,2,0.5,0.5,51.5,0.0636042402826855,0.31802120141342755,0.127208480565371,0.4368932038834951,0.17475728155339806,2.142592592592593,1.6852870370370372,11.20787037037037,0.8092592592592593,0.8319537037037038,3.5328703703703703,5.0,1,0,0,0,1,63.0,0,0,0.03574139675294419,0.025276375199660747,0.07930883451901402
2026-M091-BRA-NOR,91,2026-07-05,Round of 16,NOR_sander_tangvik,Sander TANGVIK,NOR,Norway,BRA,GK,0,4,0,0.1,0.1,1.5399999999999998,0.1,0.5,0.2,0.5,0.2,2.142592592592593,1.6852870370370372,11.20787037037037,0.8092592592592593,0.8319537037037038,3.5328703703703703,5.0,1,0,0,0,0,0.0,0,0,0.0017096479951308474,0.0005774752709167372,0.001688493524568473
2026-M091-BRA-NOR,91,2026-07-05,Round of 16,NOR_egil_selvik,Egil SELVIK,NOR,Norway,BRA,GK,0,4,1,0.3,0.3,1.5399999999999998,0.06666666666666667,0.3333333333333333,0.13333333333333333,0.25,0.1,2.142592592592593,1.6852870370370372,11.20787037037037,0.8092592592592593,0.8319537037037038,3.5328703703703703,5.0,1,0,0,0,0,0.0,0,0,0.0011400903433570475,0.00044501256856811143,0.0018166060198505937
2026-M091-BRA-NOR,91,2026-07-05,Round of 16,NOR_morten_thorsby,Morten THORSBY,NOR,Norway,BRA,MF,0,4,1,0.3,0.1,12.15,0.08,0.4,0.16,0.3333333333333333,0.13333333333333333,2.142592592592593,1.6852870370370372,11.20787037037037,0.8092592592592593,0.8319537037037038,3.5328703703703703,5.0,1,0,0,0,0,0.0,0,0,0.010741889386351788,0.003994359104265734,0.005844807387223749
2026-M091-BRA-NOR,91,2026-07-05,Round of 16,NOR_leo_ostigard,Leo OSTIGARD,NOR,Norway,BRA,DF,0,4,3,0.7,0.3,5.405,0.36860068259385664,1.2286689419795223,0.4300341296928327,0.7258064516129032,0.0967741935483871,2.142592592592593,1.6852870370370372,11.20787037037037,0.8092592592592593,0.8319537037037038,3.5328703703703703,5.0,1,0,0,0,1,0.0,0,0,0.021893303988245516,0.006902097532670063,0.017115171267317406
2026-M091-BRA-NOR,91,2026-07-05,Round of 16,NOR_jorgen_strand_larsen,Jorgen STRAND LARSEN,NOR,Norway,BRA,FW,0,4,1,0.3,0.3,1.5399999999999998,0.06666666666666667,1.0,0.4666666666666666,1.25,0.6,2.142592592592593,1.6852870370370372,11.20787037037037,0.8092592592592593,0.8319537037037038,3.5328703703703703,5.0,1,0,0,0,0,0.0,0,0,0.0011400903433570475,0.0074775647290440264,0.009823669697337568
2026-M091-BRA-NOR,91,2026-07-05,Round of 16,NOR_fredrik_aursnes,Fredrik AURSNES,NOR,Norway,BRA,MF,0,4,4,0.9,0.7,1.8900000000000001,0.04556962025316456,0.45569620253164556,0.09113924050632911,0.5818965517241379,0.07758620689655173,2.142592592592593,1.6852870370370372,11.20787037037037,0.8092592592592593,0.8319537037037038,3.5328703703703703,5.0,1,0,0,0,1,27.0,0,0,0.0009565042831830572,0.0022479082685698437,0.002045408079399821
2026-M091-BRA-NOR,91,2026-07-05,Round of 16,NOR_fredrik_andre_bjorkan,Fredrik Andre BJORKAN,NOR,Norway,BRA,DF,0,4,1,0.3,0.3,1.5399999999999998,0.08,0.4,0.16,0.3333333333333333,0.13333333333333333,2.142592592592593,1.6852870370370372,11.20787037037037,0.8092592592592593,0.8319537037037038,3.5328703703703703,5.0,1,0,0,0,0,0.0,0,0,0.0013679523878644684,0.0012531205930867155,0.0013694326672868606
2026-M091-BRA-NOR,91,2026-07-05,Round of 16,NOR_marcus_holmgren_pedersen,Marcus HOLMGREN PEDERSEN,NOR,Norway,BRA,DF,0,4,3,0.7,0.3,28.67,0.2805194805194805,0.4675324675324675,0.3272727272727272,0.4576271186440678,0.36610169491525424,2.142592592592593,1.6852870370370372,11.20787037037037,0.8092592592592593,0.8319537037037038,3.5328703703703703,5.0,1,0,0,0,0,0.0,0,0,0.08548466170345448,0.0023952246187740624,0.011248734768194947
2026-M091-BRA-NOR,91,2026-07-05,Round of 16,NOR_kristian_thorstvedt,Kristian THORSTVEDT,NOR,Norway,BRA,MF,0,4,2,0.5,0.3,4.59,0.0743801652892562,1.487603305785124,0.5206611570247933,1.0,0.8,2.142592592592593,1.6852870370370372,11.20787037037037,0.8092592592592593,0.8319537037037038,3.5328703703703703,5.0,1,0,0,0,0,0.0,0,0,0.003786202620922108,0.007194142392352147,0.02844676668372251
2026-M091-BRA-NOR,91,2026-07-05,Round of 16,NOR_thelo_aasgaard,Thelo AASGAARD,NOR,Norway,BRA,MF,0,4,1,0.3,0.3,1.5399999999999998,0.4,1.0,0.4666666666666666,1.25,0.6,2.142592592592593,1.6852870370370372,11.20787037037037,0.8092592592592593,0.8319537037037038,3.5328703703703703,5.0,1,0,0,0,0,0.0,0,0,0.0068210745828714,0.00789791525222301,0.021157861807777248
2026-M091-BRA-NOR,91,2026-07-05,Round of 16,NOR_andreas_schjelderup,Andreas SCHJELDERUP,NOR,Norway,BRA,MF,0,4,4,0.9,0.3,12.283333333333333,0.05660377358490566,0.5660377358490566,0.11320754716981132,0.6398104265402843,0.08530805687203792,2.142592592592593,1.6852870370370372,11.20787037037037,0.8092592592592593,0.8319537037037038,3.5328703703703703,5.0,1,0,0,0,1,45.0,1,1,0.00769560292475624,0.0036043944853084357,0.004845210164722727
2026-M091-BRA-NOR,91,2026-07-05,Round of 16,NOR_oscar_bobb,Oscar BOBB,NOR,Norway,BRA,MF,0,4,4,0.9,0.3,9.38,0.05901639344262295,1.180327868852459,1.0032786885245901,1.5909090909090908,1.4545454545454546,2.142592592592593,1.6852870370370372,11.20787037037037,0.8092592592592593,0.8319537037037038,3.5328703703703703,5.0,1,0,0,0,1,45.0,0,0,0.006131942104812826,0.0043918881271687036,0.019751602957171224
2026-M091-BRA-NOR,91,2026-07-05,Round of 16,NOR_jens_petter_hauge,Jens Petter HAUGE,NOR,Norway,BRA,MF,0,4,1,0.3,0.1,1.8900000000000001,0.0962566844919786,0.48128342245989303,0.1925133689839572,0.4639175257731959,0.18556701030927836,2.142592592592593,1.6852870370370372,11.20787037037037,0.8092592592592593,0.8319537037037038,3.5328703703703703,5.0,1,0,0,0,0,0.0,0,0,0.002019348740686766,0.0039504019835470494,0.002282115646212016
2026-M091-BRA-NOR,91,2026-07-05,Round of 16,NOR_sondre_langas,Sondre LANGAS,NOR,Norway,BRA,DF,0,4,1,0.3,0.1,6.210000000000001,0.08866995073891626,0.4433497536945813,0.17733990147783252,0.39823008849557523,0.1592920353982301,2.142592592592593,1.6852870370370372,11.20787037037037,0.8092592592592593,0.8319537037037038,3.5328703703703703,5.0,1,0,0,0,0,0.0,0,0,0.006099548364589258,0.0015323372262814018,0.0013694326672868606
2026-M091-BRA-NOR,91,2026-07-05,Round of 16,NOR_henrik_falchener,Henrik FALCHENER,NOR,Norway,BRA,DF,0,4,1,0.3,0.3,1.5399999999999998,0.0728744939271255,0.3643724696356275,0.145748987854251,0.28662420382165604,0.11464968152866242,2.142592592592593,1.6852870370370372,11.20787037037037,0.8092592592592593,0.8319537037037038,3.5328703703703703,5.0,1,0,0,0,0,0.0,0,0,0.0012461864267432343,0.0012097925413646772,0.0013694326672868606
2026-M092-MEX-ENG,92,2026-07-05,Round of 16,ENG_jordan_pickford,Jordan PICKFORD,ENG,England,MEX,GK,1,4,4,0.9,0.9,90.0,0.03333333333333333,0.16666666666666666,0.06666666666666667,0.125,0.05,1.8095238095238095,1.8230860805860807,16.372252747252748,0.4761904761904762,0.7247527472527473,2.3676739926739927,4.0,1,0,0,0,1,90.0,0,0,0.0327838995179941,0.0023448489268967014,0.015034431883888422
2026-M092-MEX-ENG,92,2026-07-05,Round of 16,ENG_ezri_konsa,Ezri KONSA,ENG,England,MEX,DF,1,4,4,0.9,0.9,90.0,0.03333333333333333,0.5,0.2333333333333333,0.125,0.05,1.8095238095238095,1.8230860805860807,16.372252747252748,0.4761904761904762,0.7247527472527473,2.3676739926739927,4.0,1,0,0,0,1,90.0,0,0,0.0327838995179941,0.011481409458739269,0.021110890094943352
2026-M092-MEX-ENG,92,2026-07-05,Round of 16,ENG_nico_oreilly,Nico OREILLY,ENG,England,MEX,DF,1,4,4,0.9,0.7,90.0,0.0379746835443038,1.3291139240506329,0.26582278481012656,1.3775510204081634,0.061224489795918366,1.8095238095238095,1.8230860805860807,16.372252747252748,0.4761904761904762,0.7247527472527473,2.3676739926739927,4.0,1,0,0,0,1,74.0,1,0,0.037262686320769234,0.020110507682300657,0.04851789495623781
2026-M092-MEX-ENG,92,2026-07-05,Round of 16,ENG_declan_rice,Declan RICE,ENG,England,MEX,MF,1,4,3,0.7,0.7,84.0,0.041666666666666664,1.0416666666666667,0.29166666666666663,1.1666666666666667,0.06666666666666667,1.8095238095238095,1.8230860805860807,16.372252747252748,0.4761904761904762,0.7247527472527473,2.3676739926739927,4.0,1,0,0,0,1,90.0,0,0,0.038142423726775454,0.0408872689240081,0.046915946330403656
2026-M092-MEX-ENG,92,2026-07-05,Round of 16,ENG_marc_guehi,Marc GUEHI,ENG,England,MEX,DF,1,4,4,0.9,0.7,90.0,0.039735099337748346,0.3973509933774834,0.07947019867549669,0.375,0.05,1.8095238095238095,1.8230860805860807,16.372252747252748,0.4761904761904762,0.7247527472527473,2.3676739926739927,4.0,1,0,0,0,1,90.0,0,0,0.038956013375552545,0.008531817563217765,0.016840342079868224
2026-M092-MEX-ENG,92,2026-07-05,Round of 16,ENG_bukayo_saka,Bukayo SAKA,ENG,England,MEX,FW,1,4,4,0.9,0.3,63.0,0.05714285714285714,1.7142857142857142,0.39999999999999997,2.391304347826087,0.5217391304347826,1.8095238095238095,1.8230860805860807,16.372252747252748,0.4761904761904762,0.7247527472527473,2.3676739926739927,4.0,1,0,0,0,1,57.0,0,0,0.03921056084767682,0.07563673438013625,0.08158057644419248
2026-M092-MEX-ENG,92,2026-07-05,Round of 16,ENG_elliot_anderson,Elliot ANDERSON,ENG,England,MEX,MF,1,4,4,0.9,0.9,84.5,0.03474903474903475,1.38996138996139,0.24324324324324323,1.7307692307692308,0.31952662721893493,1.8095238095238095,1.8230860805860807,16.372252747252748,0.4761904761904762,0.7247527472527473,2.3676739926739927,4.0,1,0,0,0,1,75.0,0,0,0.0320990125463565,0.029401219882814723,0.06469202556385846
2026-M092-MEX-ENG,92,2026-07-05,Round of 16,ENG_harry_kane,Harry KANE,ENG,England,MEX,FW,1,4,4,0.9,0.9,88.5,0.8764044943820225,3.202247191011236,1.5842696629213484,2.9237288135593222,1.576271186440678,1.8095238095238095,1.8230860805860807,16.372252747252748,0.4761904761904762,0.7247527472527473,2.3676739926739927,4.0,1,1,1,1,1,90.0,1,1,0.5775979751020113,0.7381629318949299,0.40320222779137704
2026-M092-MEX-ENG,92,2026-07-05,Round of 16,ENG_jude_bellingham,Jude BELLINGHAM,ENG,England,MEX,MF,1,4,4,0.9,0.9,78.75,0.4000000000000001,1.8181818181818181,1.1636363636363636,1.8,1.1630769230769231,1.8095238095238095,1.8230860805860807,16.372252747252748,0.4761904761904762,0.7247527472527473,2.3676739926739927,4.0,1,1,1,2,1,90.0,3,3,0.29531191028128667,0.13387214839247513,0.24349132193311873
2026-M092-MEX-ENG,92,2026-07-05,Round of 16,ENG_anthony_gordon,Anthony GORDON,ENG,England,MEX,FW,1,4,3,0.7,0.5,68.5,0.05202312138728324,1.300578034682081,0.6242774566473989,1.2228260869565217,0.5869565217391305,1.8095238095238095,1.8230860805860807,16.372252747252748,0.4761904761904762,0.7247527472527473,2.3676739926739927,4.0,1,0,0,0,1,90.0,1,1,0.03882172345385215,0.09236371736263899,0.07626545878198232
2026-M092-MEX-ENG,92,2026-07-05,Round of 16,ENG_jarell_quansah,Jarell QUANSAH,ENG,England,MEX,DF,1,4,1,0.3,0.3,63.0,0.07407407407407407,0.37037037037037035,0.14814814814814814,0.29411764705882354,0.11764705882352941,1.8095238095238095,1.8230860805860807,16.372252747252748,0.4761904761904762,0.7247527472527473,2.3676739926739927,4.0,1,0,0,0,1,90.0,0,0,0.050530481425114515,0.010801682169184684,0.0467069201521391
2026-M092-MEX-ENG,92,2026-07-05,Round of 16,ENG_dean_henderson,Dean HENDERSON,ENG,England,MEX,GK,0,4,0,0.1,0.1,1.5399999999999998,0.1,0.5,0.2,0.5,0.2,1.8095238095238095,1.8230860805860807,16.372252747252748,0.4761904761904762,0.7247527472527473,2.3676739926739927,4.0,1,0,0,0,0,0.0,0,0,0.0017096479951308474,0.0007906060301471362,0.0014648011692381506
2026-M092-MEX-ENG,92,2026-07-05,Round of 16,ENG_james_trafford,James TRAFFORD,ENG,England,MEX,GK,0,4,0,0.1,0.1,1.5399999999999998,0.1,0.5,0.2,0.5,0.2,1.8095238095238095,1.8230860805860807,16.372252747252748,0.4761904761904762,0.7247527472527473,2.3676739926739927,4.0,1,0,0,0,0,0.0,0,0,0.0017096479951308474,0.0007906060301471362,0.0014648011692381506
2026-M092-MEX-ENG,92,2026-07-05,Round of 16,ENG_john_stones,John STONES,ENG,England,MEX,DF,0,4,2,0.5,0.3,0.0,0.06741573033707865,0.33707865168539325,0.1348314606741573,0.5,0.2,1.8095238095238095,1.8230860805860807,16.372252747252748,0.4761904761904762,0.7247527472527473,2.3676739926739927,4.0,1,0,0,0,1,33.0,0,0,0.0,0.0012357808759475668,0.004836998649559468
2026-M092-MEX-ENG,92,2026-07-05,Round of 16,ENG_marcus_rashford,Marcus RASHFORD,ENG,England,MEX,FW,0,4,4,0.9,0.5,5.875,0.30337078651685395,2.5280898876404496,0.8595505617977528,3.0846774193548385,0.7983870967741936,1.8095238095238095,1.8230860805860807,16.372252747252748,0.4761904761904762,0.7247527472527473,2.3676739926739927,4.0,1,0,0,0,0,0.0,0,0,0.019608572049079176,0.04701020930159331,0.07978007539771557
2026-M092-MEX-ENG,92,2026-07-05,Round of 16,ENG_trevoh_chalobah,Trevoh CHALOBAH,ENG,England,MEX,DF,0,4,0,0.1,0.1,1.5399999999999998,0.1,0.5,0.2,0.5,0.2,1.8095238095238095,1.8230860805860807,16.372252747252748,0.4761904761904762,0.7247527472527473,2.3676739926739927,4.0,1,0,0,0,0,0.0,0,0,0.0017096479951308474,0.002101965215426527,0.0012169133544387332
2026-M092-MEX-ENG,92,2026-07-05,Round of 16,ENG_jordan_henderson,Jordan HENDERSON,ENG,England,MEX,MF,0,4,1,0.3,0.1,1.62,0.0967741935483871,0.4838709677419355,0.1935483870967742,0.46875,0.1875,1.8095238095238095,1.8230860805860807,16.372252747252748,0.4761904761904762,0.7247527472527473,2.3676739926739927,4.0,1,0,0,0,0,0.0,0,0,0.001740419194809717,0.005269642665693736,0.0023257812556733344
2026-M092-MEX-ENG,92,2026-07-05,Round of 16,ENG_dan_burn,Dan BURN,ENG,England,MEX,DF,0,4,0,0.1,0.1,1.5399999999999998,0.1,0.5,0.2,0.5,0.2,1.8095238095238095,1.8230860805860807,16.372252747252748,0.4761904761904762,0.7247527472527473,2.3676739926739927,4.0,1,0,0,0,1,15.0,0,0,0.0017096479951308474,0.002101965215426527,0.0012169133544387332
2026-M092-MEX-ENG,92,2026-07-05,Round of 16,ENG_kobbie_mainoo,Kobbie MAINOO,ENG,England,MEX,MF,0,4,0,0.1,0.1,1.5399999999999998,0.1,0.5,0.2,0.5,0.2,1.8095238095238095,1.8230860805860807,16.372252747252748,0.4761904761904762,0.7247527472527473,2.3676739926739927,4.0,1,0,0,0,0,0.0,0,0,0.0017096479951308474,0.005415275508550176,0.0018088168436718852
2026-M092-MEX-ENG,92,2026-07-05,Round of 16,ENG_morgan_rogers,Morgan ROGERS,ENG,England,MEX,MF,0,4,3,0.7,0.3,7.99,0.05921052631578947,0.29605263157894735,0.11842105263157894,0.22959183673469388,0.09183673469387756,1.8095238095238095,1.8230860805860807,16.372252747252748,0.4761904761904762,0.7247527472527473,2.3676739926739927,4.0,1,0,0,0,1,0.0,0,0,0.005242787312441433,0.003813363844632812,0.003848937650478722
2026-M092-MEX-ENG,92,2026-07-05,Round of 16,ENG_ollie_watkins,Ollie WATKINS,ENG,England,MEX,FW,0,4,1,0.3,0.1,1.62,0.0967741935483871,0.4838709677419355,0.1935483870967742,0.46875,0.1875,1.8095238095238095,1.8230860805860807,16.372252747252748,0.4761904761904762,0.7247527472527473,2.3676739926739927,4.0,1,0,0,0,0,0.0,0,0,0.001740419194809717,0.009569233815033463,0.015653154470922474
2026-M092-MEX-ENG,92,2026-07-05,Round of 16,ENG_noni_madueke,Noni MADUEKE,ENG,England,MEX,FW,0,4,4,0.9,0.7,7.290000000000001,0.0425531914893617,1.4893617021276595,0.2978723404255319,1.896551724137931,0.41379310344827586,1.8095238095238095,1.8230860805860807,16.372252747252748,0.4761904761904762,0.7247527472527473,2.3676739926739927,4.0,1,0,0,0,0,0.0,0,0,0.003440875085268469,0.008672322868350093,0.0589125791678788
2026-M092-MEX-ENG,92,2026-07-05,Round of 16,ENG_eberechi_eze,Eberechi EZE,ENG,England,MEX,MF,0,4,3,0.7,0.1,12.283333333333333,0.07659574468085106,0.7659574468085106,0.15319148936170213,0.9310344827586207,0.12413793103448276,1.8095238095238095,1.8230860805860807,16.372252747252748,0.4761904761904762,0.7247527472527473,2.3676739926739927,4.0,1,0,0,0,0,0.0,0,0,0.010399448600031613,0.00593241769609928,0.0055860551664349885
2026-M092-MEX-ENG,92,2026-07-05,Round of 16,ENG_ivan_toney,Ivan TONEY,ENG,England,MEX,FW,0,4,0,0.1,0.1,1.5399999999999998,0.1,0.5,0.2,0.5,0.2,1.8095238095238095,1.8230860805860807,16.372252747252748,0.4761904761904762,0.7247527472527473,2.3676739926739927,4.0,1,0,0,0,0,0.0,0,0,0.0017096479951308474,0.009832516441902733,0.013720359872889318
2026-M092-MEX-ENG,92,2026-07-05,Round of 16,ENG_reece_james,Reece JAMES,ENG,England,MEX,DF,0,4,2,0.5,0.5,1.5399999999999998,0.05,0.5,0.1,0.25,0.1,1.8095238095238095,1.8230860805860807,16.372252747252748,0.4761904761904762,0.7247527472527473,2.3676739926739927,4.0,1,0,0,0,0,0.0,0,0,0.000855189672253176,0.0014892568378275333,0.0022713283402474222
2026-M092-MEX-ENG,92,2026-07-05,Round of 16,ENG_djed_spence,Djed SPENCE,ENG,England,MEX,DF,0,4,4,0.9,0.5,8.695,0.05099150141643059,0.509915014164306,0.35694050991501414,0.17786561264822134,0.07114624505928854,1.8095238095238095,1.8230860805860807,16.372252747252748,0.4761904761904762,0.7247527472527473,2.3676739926739927,4.0,1,0,0,0,1,16.0,0,0,0.004914231070167863,0.002345430585117849,0.004321413680147738
2026-M092-MEX-ENG,92,2026-07-05,Round of 16,MEX_raul_rangel,Raul RANGEL,MEX,Mexico,ENG,GK,1,4,4,0.9,0.9,87.0,0.03409090909090909,0.17045454545454544,0.06818181818181818,0.12931034482758622,0.05172413793103448,1.8095238095238095,1.4247527472527475,12.372252747252746,0.9761904761904763,0.8314194139194141,2.8676739926739927,5.0,1,0,0,0,1,90.0,0,0,0.03241746038599369,0.002301345752641538,0.008849828690352854
2026-M092-MEX-ENG,92,2026-07-05,Round of 16,MEX_jorge_sanchez,Jorge SANCHEZ,MEX,Mexico,ENG,DF,1,4,3,0.7,0.7,90.0,0.04,0.4,0.27999999999999997,0.375,0.3,1.8095238095238095,1.4247527472527475,12.372252747252746,0.9761904761904763,0.8314194139194141,2.8676739926739927,5.0,1,0,0,0,1,79.0,0,0,0.03921056084767682,0.009058680407387613,0.01639453688897313
2026-M092-MEX-ENG,92,2026-07-05,Round of 16,MEX_cesar_montes,Cesar MONTES,MEX,Mexico,ENG,DF,1,3,3,0.875,0.875,90.0,0.04,0.4,0.27999999999999997,0.375,0.3,1.8095238095238095,1.4247527472527475,12.372252747252746,0.9761904761904763,0.8314194139194141,2.8676739926739927,5.0,1,0,0,0,1,45.0,0,0,0.03921056084767682,0.009935352789705833,0.01787155270053741
2026-M092-MEX-ENG,92,2026-07-05,Round of 16,MEX_johan_vasquez,Johan VASQUEZ,MEX,Mexico,ENG,DF,1,4,3,0.7,0.7,90.0,0.04,0.4,0.08,0.5,0.06666666666666667,1.8095238095238095,1.4247527472527475,12.372252747252746,0.9761904761904763,0.8314194139194141,2.8676739926739927,5.0,1,0,0,0,1,90.0,0,0,0.03921056084767682,0.008130548842113004,0.010450400994399537
2026-M092-MEX-ENG,92,2026-07-05,Round of 16,MEX_erik_lira,Erik LIRA,MEX,Mexico,ENG,MF,1,4,3,0.7,0.7,85.33333333333333,0.04128440366972477,0.20642201834862386,0.08256880733944955,0.16666666666666666,0.06666666666666667,1.8095238095238095,1.4247527472527475,12.372252747252746,0.9761904761904763,0.8314194139194141,2.8676739926739927,5.0,1,0,0,0,1,90.0,0,0,0.03838751420226749,0.01879703093853722,0.029630139664327752
2026-M092-MEX-ENG,92,2026-07-05,Round of 16,MEX_luis_romo,Luis ROMO,MEX,Mexico,ENG,MF,1,4,3,0.7,0.7,69.0,0.27906976744186046,0.6976744186046512,0.3255813953488372,0.7575757575757576,0.36363636363636365,1.8095238095238095,1.4247527472527475,12.372252747252746,0.9761904761904763,0.8314194139194141,2.8676739926739927,5.0,1,0,0,0,1,61.0,1,0,0.19261406301634842,0.03748523133808357,0.0698306968837715
2026-M092-MEX-ENG,92,2026-07-05,Round of 16,MEX_raul_jimenez,Raul JIMENEZ,MEX,Mexico,ENG,FW,1,4,3,0.7,0.7,76.66666666666667,0.4829268292682928,2.4146341463414633,0.9658536585365856,2.3975409836065573,0.8114754098360657,1.8095238095238095,1.4247527472527475,12.372252747252746,0.9761904761904763,0.8314194139194141,2.8676739926739927,5.0,1,1,1,1,1,90.0,8,3,0.3372663564735524,0.38288645375251684,0.24018033188169308
2026-M092-MEX-ENG,92,2026-07-05,Round of 16,MEX_julian_quinones,Julian QUINONES,MEX,Mexico,ENG,FW,1,4,4,0.9,0.9,83.25,0.5614035087719298,2.1052631578947367,0.9473684210526316,1.7005813953488371,0.8372093023255814,1.8095238095238095,1.4247527472527475,12.372252747252746,0.9761904761904763,0.8314194139194141,2.8676739926739927,5.0,1,1,1,1,1,81.0,3,1,0.40506209820491024,0.3724603698308818,0.31728868533359
2026-M092-MEX-ENG,92,2026-07-05,Round of 16,MEX_gilberto_mora,Gilberto MORA,MEX,Mexico,ENG,MF,1,4,3,0.7,0.5,65.0,0.05389221556886228,1.347305389221557,0.10778443113772455,1.8409090909090908,0.08181818181818182,1.8095238095238095,1.4247527472527475,12.372252747252746,0.9761904761904763,0.8314194139194141,2.8676739926739927,5.0,1,0,0,0,1,61.0,1,0,0.038174421117909474,0.0333857596413977,0.08026581037020261
2026-M092-MEX-ENG,92,2026-07-05,Round of 16,MEX_jesus_gallardo,Jesus GALLARDO,MEX,Mexico,ENG,DF,1,4,4,0.9,0.7,90.0,0.03896103896103896,0.7792207792207793,0.07792207792207792,0.4787234042553192,0.06382978723404255,1.8095238095238095,1.4247527472527475,12.372252747252746,0.9761904761904763,0.8314194139194141,2.8676739926739927,5.0,1,0,0,0,1,90.0,1,0,0.03821181931682316,0.012305429693339113,0.011311510617223136
2026-M092-MEX-ENG,92,2026-07-05,Round of 16,MEX_roberto_alvarado,Roberto ALVARADO,MEX,Mexico,ENG,FW,1,4,4,0.9,0.9,85.0,0.03461538461538462,1.0384615384615385,0.06923076923076923,1.4558823529411764,0.052941176470588235,1.8095238095238095,1.4247527472527475,12.372252747252746,0.9761904761904763,0.8314194139194141,2.8676739926739927,5.0,1,0,0,0,1,90.0,0,0,0.03216369043344702,0.04089095133564769,0.09503069260059273
2026-M092-MEX-ENG,92,2026-07-05,Round of 16,MEX_carlos_acevedo,Carlos ACEVEDO,MEX,Mexico,ENG,GK,0,4,0,0.1,0.1,1.5399999999999998,0.1,0.5,0.2,0.5,0.2,1.8095238095238095,1.4247527472527475,12.372252747252746,0.9761904761904763,0.8314194139194141,2.8676739926739927,5.0,1,0,0,0,0,0.0,0,0,0.0017096479951308474,0.0007897656243446933,0.0012399598180769982
2026-M092-MEX-ENG,92,2026-07-05,Round of 16,MEX_guillermo_ochoa,Guillermo OCHOA,MEX,Mexico,ENG,GK,0,4,1,0.3,0.1,3.24,0.09375,0.46875,0.1875,0.4411764705882353,0.17647058823529413,1.8095238095238095,1.4247527472527475,12.372252747252746,0.9761904761904763,0.8314194139194141,2.8676739926739927,5.0,1,0,0,0,0,0.0,0,0,0.003369311089324145,0.0007708658759645341,0.0011591091034025955
2026-M092-MEX-ENG,92,2026-07-05,Round of 16,MEX_edson_alvarez,Edson ALVAREZ,MEX,Mexico,ENG,DF,0,4,3,0.7,0.5,3.7800000000000002,0.0481283422459893,0.24064171122994651,0.0962566844919786,0.16666666666666666,0.06666666666666667,1.8095238095238095,1.4247527472527475,12.372252747252746,0.9761904761904763,0.8314194139194141,2.8676739926739927,5.0,1,0,0,0,1,45.0,2,0,0.002019348740686766,0.0011731453972410695,0.001953483170508246
2026-M092-MEX-ENG,92,2026-07-05,Round of 16,MEX_alvaro_fidalgo,Alvaro FIDALGO,MEX,Mexico,ENG,MF,0,4,2,0.5,0.3,4.86,0.06818181818181818,0.6818181818181818,0.47727272727272724,1.25,1.0,1.8095238095238095,1.4247527472527475,12.372252747252746,0.9761904761904763,0.8314194139194141,2.8676739926739927,5.0,1,0,0,0,1,11.0,2,1,0.0036750485999278437,0.0025805401518734076,0.0036490460254688215
2026-M092-MEX-ENG,92,2026-07-05,Round of 16,MEX_alexis_vega,Alexis VEGA,MEX,Mexico,ENG,FW,0,4,1,0.3,0.1,2.97,0.09424083769633508,0.4712041884816754,0.18848167539267016,0.5,0.2,1.8095238095238095,1.4247527472527475,12.372252747252746,0.9761904761904763,0.8314194139194141,2.8676739926739927,5.0,1,0,0,0,0,0.0,0,0,0.003105116766028315,0.009158636576874874,0.007399342997790904
2026-M092-MEX-ENG,92,2026-07-05,Round of 16,MEX_santiago_gimenez,Santiago GIMENEZ,MEX,Mexico,ENG,FW,0,4,3,0.7,0.1,11.836666666666668,0.07725321888412018,0.7725321888412017,0.5407725321888411,0.9440559440559441,0.7552447552447552,1.8095238095238095,1.4247527472527475,12.372252747252746,0.9761904761904763,0.8314194139194141,2.8676739926739927,5.0,1,0,0,0,1,29.0,1,0,0.010108788136836355,0.009984782152726994,0.011936340673173467
2026-M092-MEX-ENG,92,2026-07-05,Round of 16,MEX_armando_gonzalez,Armando GONZALEZ,MEX,Mexico,ENG,FW,0,4,1,0.3,0.1,3.7800000000000002,0.09278350515463918,0.4639175257731959,0.18556701030927836,0.5,0.2,1.8095238095238095,1.4247527472527475,12.372252747252746,0.9761904761904763,0.8314194139194141,2.8676739926739927,5.0,1,0,0,0,0,0.0,0,0,0.003889324126964522,0.00907321326496249,0.007399342997790904
2026-M092-MEX-ENG,92,2026-07-05,Round of 16,MEX_israel_reyes,Israel REYES,MEX,Mexico,ENG,DF,0,4,4,0.9,0.5,4.7,0.04736842105263158,0.7105263157894737,0.09473684210526316,0.675,0.09,1.8095238095238095,1.4247527472527475,12.372252747252746,0.9761904761904763,0.8314194139194141,2.8676739926739927,5.0,1,0,0,0,0,0.0,0,0,0.002470627174972706,0.0015350619668759193,0.0008822372354062928
2026-M092-MEX-ENG,92,2026-07-05,Round of 16,MEX_orbelin_pineda,Orbelin PINEDA,MEX,Mexico,ENG,MF,0,4,2,0.5,0.1,6.815,0.0861244019138756,0.861244019138756,0.1722488038277512,1.134453781512605,0.15126050420168066,1.8095238095238095,1.4247527472527475,12.372252747252746,0.9761904761904763,0.8314194139194141,2.8676739926739927,5.0,1,0,0,0,0,0.0,0,0,0.006500312068447589,0.006031849479796091,0.0015068909296009462
2026-M092-MEX-ENG,92,2026-07-05,Round of 16,MEX_obed_vargas,Obed VARGAS,MEX,Mexico,ENG,MF,0,4,3,0.7,0.1,14.07,0.07407407407407407,0.7407407407407407,0.5185185185185185,0.8823529411764706,0.7058823529411765,1.8095238095238095,1.4247527472527475,12.372252747252746,0.9761904761904763,0.8314194139194141,2.8676739926739927,5.0,1,0,0,0,0,0.0,0,0,0.011513453929322681,0.005602103751813303,0.004027105532801233
2026-M092-MEX-ENG,92,2026-07-05,Round of 16,MEX_mateo_chavez,Mateo CHAVEZ,MEX,Mexico,ENG,DF,0,4,1,0.3,0.3,1.5399999999999998,0.4186046511627907,0.6976744186046512,0.48837209302325574,0.8035714285714286,0.6428571428571429,1.8095238095238095,1.4247527472527475,12.372252747252746,0.9761904761904763,0.8314194139194141,2.8676739926739927,5.0,1,0,0,0,0,0.0,0,0,0.007137199051374998,0.0036325934447286614,0.02149337232825031
2026-M092-MEX-ENG,92,2026-07-05,Round of 16,MEX_cesar_huerta,Cesar HUERTA,MEX,Mexico,ENG,FW,0,4,1,0.3,0.1,1.62,0.0967741935483871,0.4838709677419355,0.1935483870967742,0.46875,0.1875,1.8095238095238095,1.4247527472527475,12.372252747252746,0.9761904761904763,0.8314194139194141,2.8676739926739927,5.0,1,0,0,0,0,0.0,0,0,0.001740419194809717,0.009559151093889868,0.010251623037988102
2026-M092-MEX-ENG,92,2026-07-05,Round of 16,MEX_guillermo_martinez,Guillermo MARTINEZ,MEX,Mexico,ENG,FW,0,4,1,0.3,0.3,1.5399999999999998,0.07407407407407407,0.37037037037037035,0.14814814814814814,0.29411764705882354,0.11764705882352941,1.8095238095238095,1.4247527472527475,12.372252747252746,0.9761904761904763,0.8314194139194141,2.8676739926739927,5.0,1,0,0,0,1,9.0,0,0,0.0012666867861184095,0.007616761152755402,0.007666773510152021
2026-M092-MEX-ENG,92,2026-07-05,Round of 16,MEX_luis_chavez,Luis CHAVEZ,MEX,Mexico,ENG,MF,0,4,1,0.3,0.1,6.48,0.08823529411764706,0.4411764705882353,0.17647058823529413,0.5,0.2,1.8095238095238095,1.4247527472527475,12.372252747252746,0.9761904761904763,0.8314194139194141,2.8676739926739927,5.0,1,0,0,0,0,0.0,0,0,0.0063328039118604185,0.004856909254801632,0.0014936808899708271
2026-M092-MEX-ENG,92,2026-07-05,Round of 16,MEX_brian_gutierrez,Brian GUTIERREZ,MEX,Mexico,ENG,MF,0,4,3,0.7,0.5,8.64,0.05157593123209169,1.5472779369627507,0.10315186246418338,0.6994818652849741,0.09326424870466321,1.8095238095238095,1.4247527472527475,12.372252747252746,0.9761904761904763,0.8314194139194141,2.8676739926739927,5.0,1,0,0,0,1,29.0,1,0,0.004939051970274555,0.010773347616647253,0.02142076126025044
2026-M093-POR-ESP,93,2026-07-06,Round of 16,POR_diogo_costa,DIOGO COSTA,POR,Portugal,ESP,GK,1,4,4,0.9,0.9,90.0,0.03333333333333333,0.16666666666666666,0.06666666666666667,0.125,0.05,1.8134057971014492,1.3277626811594203,12.708786231884057,0.48007246376811596,0.5327626811594204,2.037590579710145,4.0,1,0,0,0,1,90.0,0,0,0.0327838995179941,0.0019121912444405758,0.014855270903016145
2026-M093-POR-ESP,93,2026-07-06,Round of 16,POR_ruben_dias,RUBEN DIAS,POR,Portugal,ESP,DF,1,4,3,0.7,0.7,90.0,0.04,0.2,0.08,0.125,0.05,1.8134057971014492,1.3277626811594203,12.708786231884057,0.48007246376811596,0.5327626811594204,2.037590579710145,4.0,1,0,0,0,1,90.0,0,0,0.03921056084767682,0.006387828176806314,0.013620982825690667
2026-M093-POR-ESP,93,2026-07-06,Round of 16,POR_cristiano_ronaldo,CRISTIANO RONALDO,POR,Portugal,ESP,FW,1,4,4,0.9,0.9,87.75,0.5423728813559322,2.711864406779661,1.2542372881355932,3.2051282051282053,1.8461538461538463,1.8134057971014492,1.3277626811594203,12.708786231884057,0.48007246376811596,0.5327626811594204,2.037590579710145,4.0,1,0,0,0,1,90.0,3,2,0.4106962710060942,0.23635426435176865,0.5045904438376663
2026-M093-POR-ESP,93,2026-07-06,Round of 16,POR_bruno_fernandes,BRUNO FERNANDES,POR,Portugal,ESP,MF,1,4,4,0.9,0.9,83.0,0.03515625,1.58203125,0.59765625,1.7620481927710843,0.8674698795180723,1.8134057971014492,1.3277626811594203,12.708786231884057,0.48007246376811596,0.5327626811594204,2.037590579710145,4.0,1,0,0,0,1,90.0,1,0,0.031901920460553845,0.02952220782788586,0.0715378652831542
2026-M093-POR-ESP,93,2026-07-06,Round of 16,POR_joao_felix,JOAO FELIX,POR,Portugal,ESP,FW,1,4,2,0.5,0.5,67.0,0.05732484076433121,2.0063694267515926,0.40127388535031844,2.611607142857143,0.48214285714285715,1.8134057971014492,1.3277626811594203,12.708786231884057,0.48007246376811596,0.5327626811594204,2.037590579710145,4.0,1,0,0,0,1,71.0,0,0,0.04177739071925146,0.0755173561919201,0.09300133670735278
2026-M093-POR-ESP,93,2026-07-06,Round of 16,POR_renato_veiga,RENATO VEIGA,POR,Portugal,ESP,DF,1,4,4,0.9,0.9,90.0,0.03333333333333333,0.5,0.06666666666666667,0.625,0.05,1.8134057971014492,1.3277626811594203,12.708786231884057,0.48007246376811596,0.5327626811594204,2.037590579710145,4.0,1,0,0,0,1,90.0,0,0,0.0327838995179941,0.005816829277185572,0.015891266157588284
2026-M093-POR-ESP,93,2026-07-06,Round of 16,POR_joao_neves,JOAO NEVES,POR,Portugal,ESP,MF,1,4,4,0.9,0.7,85.33333333333333,0.22453222453222454,0.5613305613305614,0.2619542619542619,0.4485049833887043,0.059800664451827246,1.8134057971014492,1.3277626811594203,12.708786231884057,0.48007246376811596,0.5327626811594204,2.037590579710145,4.0,1,0,0,0,1,90.0,1,0,0.19175480948799928,0.04580216162004279,0.07563785254530961
2026-M093-POR-ESP,93,2026-07-06,Round of 16,POR_pedro_neto,PEDRO NETO,POR,Portugal,ESP,FW,1,4,4,0.9,0.9,67.25,0.0400890868596882,0.20044543429844097,0.0801781737193764,0.156794425087108,0.0627177700348432,1.8134057971014492,1.3277626811594203,12.708786231884057,0.48007246376811596,0.5327626811594204,2.037590579710145,4.0,1,0,0,0,1,83.0,1,0,0.029511238516197635,0.020799579312621427,0.06850106556965659
2026-M093-POR-ESP,93,2026-07-06,Round of 16,POR_joao_cancelo,JOAO CANCELO,POR,Portugal,ESP,DF,1,4,4,0.9,0.9,60.75,0.0425531914893617,0.6382978723404256,0.0851063829787234,0.9259259259259259,0.07407407407407407,1.8134057971014492,1.3277626811594203,12.708786231884057,0.48007246376811596,0.5327626811594204,2.037590579710145,4.0,1,0,0,0,1,71.0,1,0,0.02831480871037617,0.004800228333246825,0.022670843970373958
2026-M093-POR-ESP,93,2026-07-06,Round of 16,POR_vitinha,VITINHA,POR,Portugal,ESP,MF,1,4,4,0.9,0.9,74.5,0.03765690376569038,0.7531380753138075,0.07531380753138076,1.0327868852459017,0.05901639344262295,1.8134057971014492,1.3277626811594203,12.708786231884057,0.48007246376811596,0.5327626811594204,2.037590579710145,4.0,1,0,0,0,1,83.0,1,0,0.0306907243687482,0.014836370907487616,0.042718404593031764
2026-M093-POR-ESP,93,2026-07-06,Round of 16,POR_nuno_mendes,NUNO MENDES,POR,Portugal,ESP,DF,1,4,4,0.9,0.9,85.5,0.20689655172413793,0.5172413793103449,0.24137931034482757,0.625,0.3,1.8134057971014492,1.3277626811594203,12.708786231884057,0.48007246376811596,0.5327626811594204,2.037590579710145,4.0,1,0,0,0,1,56.0,1,0,0.17844116422629897,0.008369286693387927,0.032765484135835264
2026-M093-POR-ESP,93,2026-07-06,Round of 16,POR_jose_sa,JOSE SA,POR,Portugal,ESP,GK,0,4,0,0.1,0.1,1.5399999999999998,0.1,0.5,0.2,0.5,0.2,1.8134057971014492,1.3277626811594203,12.708786231884057,0.48007246376811596,0.5327626811594204,2.037590579710145,4.0,1,0,0,0,0,0.0,0,0,0.0017096479951308474,0.0006368966411665831,0.001408682256984396
2026-M093-POR-ESP,93,2026-07-06,Round of 16,POR_rui_silva,RUI SILVA,POR,Portugal,ESP,GK,0,4,0,0.1,0.1,1.5399999999999998,0.1,0.5,0.2,0.5,0.2,1.8134057971014492,1.3277626811594203,12.708786231884057,0.48007246376811596,0.5327626811594204,2.037590579710145,4.0,1,0,0,0,0,0.0,0,0,0.0017096479951308474,0.0006368966411665831,0.001408682256984396
2026-M093-POR-ESP,93,2026-07-06,Round of 16,POR_nelson_semedo,NELSON SEMEDO,POR,Portugal,ESP,DF,0,4,3,0.7,0.1,20.323333333333334,0.06642066420664207,0.33210332103321033,0.13284132841328414,0.27607361963190186,0.11042944785276074,1.8134057971014492,1.3277626811594203,12.708786231884057,0.48007246376811596,0.5327626811594204,2.037590579710145,4.0,1,0,0,0,1,34.0,0,0,0.014886848696389454,0.0016152411186639995,0.003465327048776633
2026-M093-POR-ESP,93,2026-07-06,Round of 16,POR_tomas_araujo,TOMAS ARAUJO,POR,Portugal,ESP,DF,0,4,1,0.3,0.3,1.5399999999999998,0.06666666666666667,0.3333333333333333,0.13333333333333333,0.5,0.2,1.8134057971014492,1.3277626811594203,12.708786231884057,0.48007246376811596,0.5327626811594204,2.037590579710145,4.0,1,0,0,0,0,0.0,0,0,0.0011400903433570475,0.0009122687511516574,0.002107549314051309
2026-M093-POR-ESP,93,2026-07-06,Round of 16,POR_diogo_dalot,DIOGO DALOT,POR,Portugal,ESP,DF,0,4,1,0.3,0.1,12.15,0.08,0.8,0.16,1.0,0.13333333333333333,1.8134057971014492,1.3277626811594203,12.708786231884057,0.48007246376811596,0.5327626811594204,2.037590579710145,4.0,1,0,0,0,1,19.0,0,0,0.010741889386351788,0.0019335826784638885,0.0032791809422186863
2026-M093-POR-ESP,93,2026-07-06,Round of 16,POR_matheus_nunes,MATHEUS NUNES,POR,Portugal,ESP,MF,0,4,1,0.3,0.1,0.0,0.1,0.5,0.2,0.5,0.2,1.8134057971014492,1.3277626811594203,12.708786231884057,0.48007246376811596,0.5327626811594204,2.037590579710145,4.0,1,0,0,0,0,0.0,0,0,0.0,0.004309033339485537,0.005242688139599175
2026-M093-POR-ESP,93,2026-07-06,Round of 16,POR_goncalo_ramos,GONCALO RAMOS,POR,Portugal,ESP,FW,0,4,2,0.5,0.1,7.99,0.08411214953271028,1.2616822429906542,0.5887850467289719,1.9230769230769231,0.9230769230769231,1.8134057971014492,1.3277626811594203,12.708786231884057,0.48007246376811596,0.5327626811594204,2.037590579710145,4.0,1,0,0,0,0,0.0,0,0,0.007439478778919928,0.006984824332633904,0.014126965183784623
2026-M093-POR-ESP,93,2026-07-06,Round of 16,POR_bernardo_silva,BERNARDO SILVA,POR,Portugal,ESP,MF,0,4,3,0.7,0.3,9.870000000000001,0.06741573033707865,0.33707865168539325,0.1348314606741573,0.3409090909090909,0.13636363636363635,1.8134057971014492,1.3277626811594203,12.708786231884057,0.48007246376811596,0.5327626811594204,2.037590579710145,4.0,1,0,0,0,1,7.0,1,0,0.007365995520493995,0.0031310640322371923,0.002729113977768494
2026-M093-POR-ESP,93,2026-07-06,Round of 16,POR_goncalo_inacio,GONCALO INACIO,POR,Portugal,ESP,DF,0,4,0,0.1,0.1,1.5399999999999998,0.1,0.5,0.2,0.5,0.2,1.8134057971014492,1.3277626811594203,12.708786231884057,0.48007246376811596,0.5327626811594204,2.037590579710145,4.0,1,0,0,0,0,0.0,0,0,0.0017096479951308474,0.001684365413773749,0.0012113229931033098
2026-M093-POR-ESP,93,2026-07-06,Round of 16,POR_francisco_trincao,FRANCISCO TRINCAO,POR,Portugal,ESP,FW,0,4,1,0.3,0.1,7.0200000000000005,0.08737864077669903,0.8737864077669902,0.17475728155339806,1.1637931034482758,0.15517241379310345,1.8134057971014492,1.3277626811594203,12.708786231884057,0.48007246376811596,0.5327626811594204,2.037590579710145,4.0,1,0,0,0,0,0.0,0,0,0.006792360904378847,0.008709945346911009,0.008768490996889675
2026-M093-POR-ESP,93,2026-07-06,Round of 16,POR_rafael_leao,RAFAEL LEAO,POR,Portugal,ESP,FW,0,4,4,0.9,0.3,10.05,0.34285714285714286,1.4285714285714286,0.39999999999999997,1.9565217391304348,0.5217391304347826,1.8134057971014492,1.3277626811594203,12.708786231884057,0.48007246376811596,0.5327626811594204,2.037590579710145,4.0,1,0,0,0,1,19.0,0,0,0.037562080658391395,0.016146534908618344,0.060805870804379096
2026-M093-POR-ESP,93,2026-07-06,Round of 16,POR_goncalo_guedes,GONCALO GUEDES,POR,Portugal,ESP,FW,0,4,0,0.1,0.1,1.5399999999999998,0.1,0.5,0.2,0.5,0.2,1.8134057971014492,1.3277626811594203,12.708786231884057,0.48007246376811596,0.5327626811594204,2.037590579710145,4.0,1,0,0,0,0,0.0,0,0,0.0017096479951308474,0.007813703129028363,0.011427564762343433
2026-M093-POR-ESP,93,2026-07-06,Round of 16,POR_ruben_neves,RUBEN NEVES,POR,Portugal,ESP,MF,0,4,2,0.5,0.3,2.43,0.07692307692307693,1.1538461538461537,0.15384615384615385,1.5625,0.125,1.8134057971014492,1.3277626811594203,12.708786231884057,0.48007246376811596,0.5327626811594204,2.037590579710145,4.0,1,0,0,0,0,0.0,0,0,0.0020747677645869267,0.004567749268338237,0.003848463130365763
2026-M093-POR-ESP,93,2026-07-06,Round of 16,POR_samu_costa,SAMU COSTA,POR,Portugal,ESP,DF,0,4,1,0.3,0.1,5.4,0.09,0.45,0.18,0.4090909090909091,0.16363636363636364,1.8134057971014492,1.3277626811594203,12.708786231884057,0.48007246376811596,0.5327626811594204,2.037590579710145,4.0,1,0,0,0,0,0.0,0,0,0.005385446208608813,0.0016972232244900087,0.0017742159807179751
2026-M093-POR-ESP,93,2026-07-06,Round of 16,POR_francisco_conceicao,FRANCISCO CONCEICAO,POR,Portugal,ESP,FW,0,4,3,0.7,0.1,26.353333333333335,0.06040268456375839,0.9060402684563759,0.12080536912751678,0.8282208588957055,0.11042944785276074,1.8134057971014492,1.3277626811594203,12.708786231884057,0.48007246376811596,0.5327626811594204,2.037590579710145,4.0,1,0,0,0,1,7.0,0,0,0.01753130750833165,0.012000438409006393,0.019444842088722093
2026-M093-POR-ESP,93,2026-07-06,Round of 16,ESP_unai_simon,Unai SIMON,ESP,Spain,POR,GK,1,4,4,0.9,0.9,90.0,0.03333333333333333,0.16666666666666666,0.06666666666666667,0.125,0.05,1.8134057971014492,1.8860960144927539,17.04211956521739,0.8134057971014492,1.0810960144927537,4.2042572463768115,4.0,1,0,0,0,1,90.0,0,0,0.0327838995179941,0.00221600858307621,0.010223963051397259
2026-M093-POR-ESP,93,2026-07-06,Round of 16,ESP_dani_olmo,Dani OLMO,ESP,Spain,POR,FW,1,4,4,0.9,0.5,66.0,0.05128205128205128,1.794871794871795,0.10256410256410256,2.3214285714285716,0.07142857142857142,1.8134057971014492,1.8860960144927539,17.04211956521739,0.8134057971014492,1.0810960144927537,4.2042572463768115,4.0,1,0,0,0,1,85.0,2,0,0.03690848216880005,0.07455974242084304,0.11343424406910989
2026-M093-POR-ESP,93,2026-07-06,Round of 16,ESP_pedro_porro,Pedro PORRO,ESP,Spain,POR,DF,1,4,2,0.5,0.5,90.0,0.3,1.0,0.6,1.1666666666666667,0.7333333333333334,1.8134057971014492,1.8860960144927539,17.04211956521739,0.8134057971014492,1.0810960144927537,4.2042572463768115,4.0,1,0,0,0,1,90.0,1,0,0.2591817793182821,0.025495722043907022,0.0566772773043637
2026-M093-POR-ESP,93,2026-07-06,Round of 16,ESP_aymeric_laporte,Aymeric LAPORTE,ESP,Spain,POR,DF,1,4,4,0.9,0.9,90.0,0.03333333333333333,0.8333333333333334,0.2333333333333333,0.625,0.05,1.8134057971014492,1.8860960144927539,17.04211956521739,0.8134057971014492,1.0810960144927537,4.2042572463768115,4.0,1,0,0,0,1,90.0,0,0,0.0327838995179941,0.015990555222604792,0.014657700281806114
2026-M093-POR-ESP,93,2026-07-06,Round of 16,ESP_alex_baena,Alex BAENA,ESP,Spain,POR,MF,1,4,3,0.7,0.7,66.33333333333333,0.2849604221635884,1.424802110817942,0.5699208443271768,1.71280276816609,0.685121107266436,1.8134057971014492,1.8860960144927539,17.04211956521739,0.8134057971014492,1.0810960144927537,4.2042572463768115,4.0,1,0,0,0,1,75.0,3,2,0.18943714119478228,0.058570456325731275,0.10967503226307236
2026-M093-POR-ESP,93,2026-07-06,Round of 16,ESP_rodri,RODRI,ESP,Spain,POR,MF,1,4,4,0.9,0.9,89.25,0.0335195530726257,0.8379888268156425,0.0670391061452514,0.625,0.05,1.8134057971014492,1.8860960144927539,17.04211956521739,0.8134057971014492,1.0810960144927537,4.2042572463768115,4.0,1,0,0,0,1,90.0,1,0,0.032693837960213634,0.02849705040417516,0.04095750502656033
2026-M093-POR-ESP,93,2026-07-06,Round of 16,ESP_lamine_yamal,Lamine YAMAL,ESP,Spain,POR,FW,1,4,4,0.9,0.7,68.66666666666667,0.26666666666666666,3.3333333333333335,1.4222222222222223,3.800675675675676,1.885135135135135,1.8134057971014492,1.8860960144927539,17.04211956521739,0.8134057971014492,1.0810960144927537,4.2042572463768115,4.0,1,0,0,0,1,90.0,3,2,0.18409454126485836,0.3139070661420263,0.22148930836115838
2026-M093-POR-ESP,93,2026-07-06,Round of 16,ESP_pedri,PEDRI,ESP,Spain,POR,MF,1,4,4,0.9,0.9,77.5,0.036734693877551024,0.7346938775510204,0.2571428571428571,0.43548387096774194,0.05806451612903226,1.8134057971014492,1.8860960144927539,17.04211956521739,0.8134057971014492,1.0810960144927537,4.2042572463768115,4.0,1,0,0,0,1,85.0,1,0,0.03113757463772293,0.038419125913160934,0.049706533045082546
2026-M093-POR-ESP,93,2026-07-06,Round of 16,ESP_mikel_oyarzabal,Mikel OYARZABAL,ESP,Spain,POR,FW,1,4,4,0.9,0.9,75.25,0.7858627858627859,3.367983367983368,1.5717255717255718,3.737541528239203,2.1528239202657806,1.8134057971014492,1.8860960144927539,17.04211956521739,0.8134057971014492,1.0810960144927537,4.2042572463768115,4.0,1,0,0,0,1,90.0,2,1,0.48163134831988397,0.5610079649710071,0.36829111827696337
2026-M093-POR-ESP,93,2026-07-06,Round of 16,ESP_pau_cubarsi,Pau CUBARSI,ESP,Spain,POR,DF,1,4,4,0.9,0.9,90.0,0.03333333333333333,0.5,0.06666666666666667,0.375,0.05,1.8134057971014492,1.8860960144927539,17.04211956521739,0.8134057971014492,1.0810960144927537,4.2042572463768115,4.0,1,0,0,0,1,90.0,0,0,0.0327838995179941,0.008076901970672441,0.013484634471677867
2026-M093-POR-ESP,93,2026-07-06,Round of 16,ESP_marc_cucurella,Marc CUCURELLA,ESP,Spain,POR,DF,1,4,4,0.9,0.9,90.0,0.03333333333333333,0.6666666666666666,0.4,0.375,0.3,1.8134057971014492,1.8860960144927539,17.04211956521739,0.8134057971014492,1.0810960144927537,4.2042572463768115,4.0,1,0,0,0,1,90.0,0,0,0.0327838995179941,0.014695233633954535,0.023113035692228726
2026-M093-POR-ESP,93,2026-07-06,Round of 16,ESP_david_raya,David RAYA,ESP,Spain,POR,GK,0,4,0,0.1,0.1,1.5399999999999998,0.1,0.5,0.2,0.5,0.2,1.8134057971014492,1.8860960144927539,17.04211956521739,0.8134057971014492,1.0810960144927537,4.2042572463768115,4.0,1,0,0,0,0,0.0,0,0,0.0017096479951308474,0.0007382394471368808,0.001209704601691442
2026-M093-POR-ESP,93,2026-07-06,Round of 16,ESP_joan_garcia,Joan GARCIA,ESP,Spain,POR,GK,0,4,0,0.1,0.1,1.5399999999999998,0.1,0.5,0.2,0.5,0.2,1.8134057971014492,1.8860960144927539,17.04211956521739,0.8134057971014492,1.0810960144927537,4.2042572463768115,4.0,1,0,0,0,0,0.0,0,0,0.0017096479951308474,0.0007382394471368808,0.001209704601691442
2026-M093-POR-ESP,93,2026-07-06,Round of 16,ESP_marc_pubill,Marc PUBILL,ESP,Spain,POR,DF,0,4,1,0.3,0.1,0.0,0.1,0.5,0.2,0.5,0.2,1.8134057971014492,1.8860960144927539,17.04211956521739,0.8134057971014492,1.0810960144927537,4.2042572463768115,4.0,1,0,0,0,0,0.0,0,0,0.0,0.001930669732469965,0.0036177036373044257
2026-M093-POR-ESP,93,2026-07-06,Round of 16,ESP_alex_grimaldo,Alex GRIMALDO,ESP,Spain,POR,DF,0,4,0,0.1,0.1,1.5399999999999998,0.1,0.5,0.2,0.5,0.2,1.8134057971014492,1.8860960144927539,17.04211956521739,0.8134057971014492,1.0810960144927537,4.2042572463768115,4.0,1,0,0,0,0,0.0,0,0,0.0017096479951308474,0.0019520555801936788,0.0010424986759119364
2026-M093-POR-ESP,93,2026-07-06,Round of 16,ESP_eric_garcia,Eric GARCIA,ESP,Spain,POR,DF,0,4,0,0.1,0.1,1.5399999999999998,0.1,0.5,0.2,0.5,0.2,1.8134057971014492,1.8860960144927539,17.04211956521739,0.8134057971014492,1.0810960144927537,4.2042572463768115,4.0,1,0,0,0,0,0.0,0,0,0.0017096479951308474,0.0019520555801936788,0.0010424986759119364
2026-M093-POR-ESP,93,2026-07-06,Round of 16,ESP_marcos_llorente,Marcos LLORENTE,ESP,Spain,POR,DF,0,4,2,0.5,0.5,1.5399999999999998,0.05,0.25,0.1,0.25,0.1,1.8134057971014492,1.8860960144927539,17.04211956521739,0.8134057971014492,1.0810960144927537,4.2042572463768115,4.0,1,0,0,0,0,0.0,0,0,0.000855189672253176,0.0010121857583315272,0.0016729509444834664
2026-M093-POR-ESP,93,2026-07-06,Round of 16,ESP_mikel_merino,Mikel MERINO,ESP,Spain,POR,MF,0,4,4,0.9,0.3,14.963333333333333,0.05863192182410423,0.8794788273615635,0.4104234527687296,0.6818181818181818,0.09090909090909091,1.8134057971014492,1.8860960144927539,17.04211956521739,0.8134057971014492,1.0810960144927537,4.2042572463768115,4.0,1,0,1,0,1,5.0,1,1,0.009700741176430494,0.012781567828945035,0.008215577505238285
2026-M093-POR-ESP,93,2026-07-06,Round of 16,ESP_ferran_torres,Ferran TORRES,ESP,Spain,POR,FW,0,4,4,0.9,0.3,17.42,0.05309734513274336,2.6548672566371683,0.6371681415929203,2.9464285714285716,0.6428571428571429,1.8134057971014492,1.8860960144927539,17.04211956521739,0.8134057971014492,1.0810960144927537,4.2042572463768115,4.0,1,0,0,0,1,15.0,1,0,0.010224655285615336,0.04552928374156005,0.09050275565249394
2026-M093-POR-ESP,93,2026-07-06,Round of 16,ESP_fabian_ruiz,Fabian RUIZ,ESP,Spain,POR,MF,0,4,4,0.9,0.3,11.166666666666668,0.059800664451827246,1.7940199335548173,0.41860465116279066,0.32142857142857145,0.12857142857142856,1.8134057971014492,1.8860960144927539,17.04211956521739,0.8134057971014492,1.0810960144927537,4.2042572463768115,4.0,1,0,0,0,1,5.0,0,0,0.007392253959662809,0.05995366561557589,0.04559343140506587
2026-M093-POR-ESP,93,2026-07-06,Round of 16,ESP_gavi,GAVI,ESP,Spain,POR,MF,0,4,2,0.5,0.3,1.35,0.0703125,0.703125,0.140625,0.47368421052631576,0.18947368421052632,1.8134057971014492,1.8860960144927539,17.04211956521739,0.8134057971014492,1.0810960144927537,4.2042572463768115,4.0,1,0,0,0,0,0.0,0,0,0.0010541315126201267,0.005084653381591684,0.00177442242456404
2026-M093-POR-ESP,93,2026-07-06,Round of 16,ESP_yeremy_pino,Yeremy PINO,ESP,Spain,POR,FW,0,4,2,0.5,0.1,16.215,0.07228915662650602,0.3614457831325301,0.14457831325301204,0.2830188679245283,0.11320754716981132,1.8134057971014492,1.8860960144927539,17.04211956521739,0.8134057971014492,1.0810960144927537,4.2042572463768115,4.0,1,0,0,0,0,0.0,0,0,0.012939649853026536,0.009070470490099796,0.01959508709861725
2026-M093-POR-ESP,93,2026-07-06,Round of 16,ESP_nico_williams,Nico WILLIAMS,ESP,Spain,POR,FW,0,4,3,0.7,0.1,10.05,0.08,0.4,0.16,0.3409090909090909,0.13636363636363635,1.8134057971014492,1.8860960144927539,17.04211956521739,0.8134057971014492,1.0810960144927537,4.2042572463768115,4.0,1,0,0,0,0,0.0,0,0,0.00889354966617062,0.008960137791330052,0.014962683926531646
2026-M093-POR-ESP,93,2026-07-06,Round of 16,ESP_martin_zubimendi,Martin ZUBIMENDI,ESP,Spain,POR,MF,0,4,0,0.1,0.1,1.5399999999999998,0.1,0.5,0.2,0.5,0.2,1.8134057971014492,1.8860960144927539,17.04211956521739,0.8134057971014492,1.0810960144927537,4.2042572463768115,4.0,1,0,0,0,0,0.0,0,0,0.0017096479951308474,0.0050468887361711295,0.0015680316714702547
2026-M093-POR-ESP,93,2026-07-06,Round of 16,ESP_victor_munoz,Victor MUNOZ,ESP,Spain,POR,FW,0,4,0,0.1,0.1,1.5399999999999998,0.1,0.5,0.2,0.5,0.2,1.8134057971014492,1.8860960144927539,17.04211956521739,0.8134057971014492,1.0810960144927537,4.2042572463768115,4.0,1,0,0,0,0,0.0,0,0,0.0017096479951308474,0.00904667963688609,0.009715235998873677
2026-M093-POR-ESP,93,2026-07-06,Round of 16,ESP_borja_iglesias,Borja IGLESIAS,ESP,Spain,POR,FW,0,4,0,0.1,0.1,1.5399999999999998,0.1,0.5,0.2,0.5,0.2,1.8134057971014492,1.8860960144927539,17.04211956521739,0.8134057971014492,1.0810960144927537,4.2042572463768115,4.0,1,0,0,0,1,0.0,0,0,0.0017096479951308474,0.00904667963688609,0.009715235998873677
2026-M094-USA-BEL,94,2026-07-06,Round of 16,BEL_thibaut_courtois,Thibaut COURTOIS,BEL,Belgium,USA,GK,1,4,4,0.9,0.9,90.0,0.03333333333333333,0.16666666666666666,0.06666666666666667,0.125,0.05,1.8517025089605734,1.7221863799283155,18.585125448028673,1.1433691756272402,0.8863530465949822,2.703853046594982,5.0,1,0,0,0,1,90.0,0,0,0.0327838995179941,0.00281053037736384,0.008918183028097855
2026-M094-USA-BEL,94,2026-07-06,Round of 16,BEL_brandon_mechele,Brandon MECHELE,BEL,Belgium,USA,DF,1,4,4,0.9,0.9,90.0,0.03333333333333333,1.0,0.2333333333333333,0.875,0.05,1.8517025089605734,1.7221863799283155,18.585125448028673,1.1433691756272402,0.8863530465949822,2.703853046594982,5.0,1,0,0,0,1,90.0,0,0,0.0327838995179941,0.02121171956616129,0.01296833760965502
2026-M094-USA-BEL,94,2026-07-06,Round of 16,BEL_maxim_de_cuyper,Maxim DE CUYPER,BEL,Belgium,USA,DF,1,4,4,0.9,0.7,86.0,0.038135593220338986,1.9067796610169492,1.2203389830508475,2.456896551724138,1.603448275862069,1.8517025089605734,1.7221863799283155,18.585125448028673,1.1433691756272402,0.8863530465949822,2.703853046594982,5.0,1,0,0,0,1,90.0,0,0,0.03578470858802685,0.024215574996958006,0.18974162273632655
2026-M094-USA-BEL,94,2026-07-06,Round of 16,BEL_youri_tielemans,Youri TIELEMANS,BEL,Belgium,USA,MF,1,4,4,0.9,0.9,88.75,0.20186915887850468,1.514018691588785,0.40373831775700936,1.647887323943662,0.5577464788732395,1.8517025089605734,1.7221863799283155,18.585125448028673,1.1433691756272402,0.8863530465949822,2.703853046594982,5.0,1,0,0,0,1,90.0,2,0,0.18050372032691997,0.06044357617979927,0.076385969167732
2026-M094-USA-BEL,94,2026-07-06,Round of 16,BEL_leandro_trossard,Leandro TROSSARD,BEL,Belgium,USA,FW,1,4,4,0.9,0.9,85.5,0.37931034482758624,2.2413793103448274,0.7586206896551725,2.5,0.8421052631578947,1.8517025089605734,1.7221863799283155,18.585125448028673,1.1433691756272402,0.8863530465949822,2.703853046594982,5.0,1,0,0,0,1,89.0,4,0,0.302564210498236,0.27707603980788176,0.10950075359126446
2026-M094-USA-BEL,94,2026-07-06,Round of 16,BEL_dodi_lukebakio,Dodi LUKEBAKIO,BEL,Belgium,USA,FW,1,4,2,0.5,0.1,80.0,0.07317073170731707,2.1951219512195124,0.5121951219512194,3.173076923076923,0.6923076923076923,1.8517025089605734,1.7221863799283155,18.585125448028673,1.1433691756272402,0.8863530465949822,2.703853046594982,5.0,1,0,0,0,1,67.0,2,0,0.06297062802168396,0.13581097082765883,0.09386871561430427
2026-M094-USA-BEL,94,2026-07-06,Round of 16,BEL_charles_de_ketelaere,Charles DE KETELAERE,BEL,Belgium,USA,FW,1,4,3,0.7,0.7,65.33333333333333,0.047872340425531915,0.4787234042553192,0.33510638297872336,0.6136363636363636,0.4909090909090909,1.8517025089605734,1.7221863799283155,18.585125448028673,1.1433691756272402,0.8863530465949822,2.703853046594982,5.0,1,1,1,2,1,67.0,3,3,0.03415486470357787,0.03587449739586579,0.07278788737815808
2026-M094-USA-BEL,94,2026-07-06,Round of 16,BEL_timothy_castagne,Timothy CASTAGNE,BEL,Belgium,USA,DF,1,4,4,0.9,0.7,78.66666666666667,0.04017857142857143,0.6026785714285714,0.08035714285714286,0.7450331125827815,0.059602649006622516,1.8517025089605734,1.7221863799283155,18.585125448028673,1.1433691756272402,0.8863530465949822,2.703853046594982,5.0,1,0,0,0,1,90.0,1,1,0.034509529926007976,0.01003624548288928,0.010811595092922397
2026-M094-USA-BEL,94,2026-07-06,Round of 16,BEL_nicolas_raskin,Nicolas RASKIN,BEL,Belgium,USA,MF,1,4,4,0.9,0.3,58.0,0.05787781350482315,0.28938906752411575,0.1157556270096463,0.24064171122994651,0.0962566844919786,1.8517025089605734,1.7221863799283155,18.585125448028673,1.1433691756272402,0.8863530465949822,2.703853046594982,5.0,1,0,0,0,1,89.0,1,1,0.03661199481772137,0.028389580659879364,0.04181286162280401
2026-M094-USA-BEL,94,2026-07-06,Round of 16,BEL_amadou_onana,Amadou ONANA,BEL,Belgium,USA,MF,1,4,3,0.7,0.3,56.0,0.07086614173228346,1.062992125984252,0.14173228346456693,2.0833333333333335,0.16666666666666666,1.8517025089605734,1.7221863799283155,18.585125448028673,1.1433691756272402,0.8863530465949822,2.703853046594982,5.0,1,0,0,0,1,21.0,0,0,0.043136459101612235,0.025878802798231917,0.06039446460707332
2026-M094-USA-BEL,94,2026-07-06,Round of 16,BEL_nathan_ngoy,Nathan NGOY,BEL,Belgium,USA,DF,1,3,2,0.625,0.625,90.0,0.05,0.5,0.1,0.5,0.06666666666666667,1.8517025089605734,1.7221863799283155,18.585125448028673,1.1433691756272402,0.8863530465949822,2.703853046594982,5.0,1,0,0,0,1,90.0,0,0,0.048770575499285984,0.01598738406338302,0.010574761288677365
2026-M094-USA-BEL,94,2026-07-06,Round of 16,BEL_senne_lammens,Senne LAMMENS,BEL,Belgium,USA,GK,0,4,0,0.1,0.1,1.5399999999999998,0.1,0.5,0.2,0.5,0.2,1.8517025089605734,1.7221863799283155,18.585125448028673,1.1433691756272402,0.8863530465949822,2.703853046594982,5.0,1,0,0,0,0,0.0,0,0,0.0017096479951308474,0.0009732749393911304,0.002062454856539277
2026-M094-USA-BEL,94,2026-07-06,Round of 16,BEL_mike_penders,Mike PENDERS,BEL,Belgium,USA,GK,0,4,0,0.1,0.1,1.5399999999999998,0.1,0.5,0.2,0.5,0.2,1.8517025089605734,1.7221863799283155,18.585125448028673,1.1433691756272402,0.8863530465949822,2.703853046594982,5.0,1,0,0,0,0,0.0,0,0,0.0017096479951308474,0.0009732749393911304,0.002062454856539277
2026-M094-USA-BEL,94,2026-07-06,Round of 16,BEL_zeno_debast,Zeno DEBAST,BEL,Belgium,USA,DF,0,4,0,0.1,0.1,1.5399999999999998,0.1,0.5,0.2,0.5,0.2,1.8517025089605734,1.7221863799283155,18.585125448028673,1.1433691756272402,0.8863530465949822,2.703853046594982,5.0,1,0,0,0,0,0.0,0,0,0.0017096479951308474,0.0025992003370577813,0.0016679446500585907
2026-M094-USA-BEL,94,2026-07-06,Round of 16,BEL_arthur_theate,Arthur THEATE,BEL,Belgium,USA,DF,0,4,3,0.7,0.5,4.59,0.04774535809018567,1.4323607427055702,0.3342175066312997,1.7247386759581882,0.37630662020905925,1.8517025089605734,1.7221863799283155,18.585125448028673,1.1433691756272402,0.8863530465949822,2.703853046594982,5.0,1,0,0,0,0,0.0,0,0,0.002432051022657311,0.0028728834591366117,0.025406996506024456
2026-M094-USA-BEL,94,2026-07-06,Round of 16,BEL_axel_witsel,Axel WITSEL,BEL,Belgium,USA,MF,0,4,0,0.1,0.1,1.5399999999999998,0.1,0.5,0.2,0.5,0.2,1.8517025089605734,1.7221863799283155,18.585125448028673,1.1433691756272402,0.8863530465949822,2.703853046594982,5.0,1,0,0,0,1,1.0,0,0,0.0017096479951308474,0.006866319139456995,0.0024349953233508185
2026-M094-USA-BEL,94,2026-07-06,Round of 16,BEL_kevin_de_bruyne,Kevin DE BRUYNE,BEL,Belgium,USA,MF,0,4,4,0.9,0.9,1.5399999999999998,0.22453222453222454,3.555093555093555,0.8232848232848234,4.278688524590164,0.9442622950819672,1.8517025089605734,1.7221863799283155,18.585125448028673,1.1433691756272402,0.8863530465949822,2.703853046594982,5.0,1,0,0,0,0,0.0,0,0,0.0038346248188059207,0.034649409007752735,0.07355870145494216
2026-M094-USA-BEL,94,2026-07-06,Round of 16,BEL_romelu_lukaku,Romelu LUKAKU,BEL,Belgium,USA,FW,0,4,4,0.9,0.3,16.526666666666667,0.6055045871559633,1.651376146788991,0.6605504587155964,1.4788732394366197,0.9295774647887325,1.8517025089605734,1.7221863799283155,18.585125448028673,1.1433691756272402,0.8863530465949822,2.703853046594982,5.0,1,0,1,0,1,23.0,1,1,0.10523000546269179,0.06998573876923943,0.10221567729844945
2026-M094-USA-BEL,94,2026-07-06,Round of 16,BEL_jeremy_doku,Jeremy DOKU,BEL,Belgium,USA,FW,0,4,3,0.7,0.7,1.5399999999999998,0.047619047619047616,0.9523809523809523,0.3333333333333333,1.113861386138614,0.5346534653465347,1.8517025089605734,1.7221863799283155,18.585125448028673,1.1433691756272402,0.8863530465949822,2.703853046594982,5.0,1,0,0,0,1,23.0,0,0,0.0008144829433676115,0.006749805359371374,0.017947163140932153
2026-M094-USA-BEL,94,2026-07-06,Round of 16,BEL_thomas_meunier,Thomas MEUNIER,BEL,Belgium,USA,DF,0,4,3,0.7,0.5,3.24,0.052941176470588235,0.5294117647058824,0.3705882352941176,0.28125,0.1125,1.8517025089605734,1.7221863799283155,18.585125448028673,1.1433691756272402,0.8863530465949822,2.703853046594982,5.0,1,0,0,0,0,0.0,0,0,0.0019040673124371965,0.0035652115442767994,0.0018486273122175745
2026-M094-USA-BEL,94,2026-07-06,Round of 16,BEL_koni_de_winter,Koni DE WINTER,BEL,Belgium,USA,DF,0,4,0,0.1,0.1,1.5399999999999998,0.1,0.5,0.2,0.5,0.2,1.8517025089605734,1.7221863799283155,18.585125448028673,1.1433691756272402,0.8863530465949822,2.703853046594982,5.0,1,0,0,0,0,0.0,0,0,0.0017096479951308474,0.0025992003370577813,0.0016679446500585907
2026-M094-USA-BEL,94,2026-07-06,Round of 16,BEL_joaquin_seys,Joaquin SEYS,BEL,Belgium,USA,DF,0,4,0,0.1,0.1,1.5399999999999998,0.1,0.5,0.2,0.5,0.2,1.8517025089605734,1.7221863799283155,18.585125448028673,1.1433691756272402,0.8863530465949822,2.703853046594982,5.0,1,0,0,0,0,0.0,0,0,0.0017096479951308474,0.0025992003370577813,0.0016679446500585907
2026-M094-USA-BEL,94,2026-07-06,Round of 16,BEL_diego_moreira,Diego MOREIRA,BEL,Belgium,USA,MF,0,4,1,0.3,0.1,7.290000000000001,0.08695652173913043,0.43478260869565216,0.17391304347826086,0.38461538461538464,0.15384615384615385,1.8517025089605734,1.7221863799283155,18.585125448028673,1.1433691756272402,0.8863530465949822,2.703853046594982,5.0,1,0,0,0,0,0.0,0,0,0.007018731103971776,0.006853257659697886,0.0038278999280361116
2026-M094-USA-BEL,94,2026-07-06,Round of 16,BEL_hans_vanaken,Hans VANAKEN,BEL,Belgium,USA,MF,0,4,4,0.9,0.5,8.46,0.04878048780487805,1.2195121951219512,0.0975609756097561,1.4727272727272727,0.06545454545454546,1.8517025089605734,1.7221863799283155,18.585125448028673,1.1433691756272402,0.8863530465949822,2.703853046594982,5.0,1,1,1,1,1,69.0,1,1,0.004574869113579072,0.006467913587917166,0.011614033221843364
2026-M094-USA-BEL,94,2026-07-06,Round of 16,BEL_alexis_saelemaekers,Alexis SAELEMAEKERS,BEL,Belgium,USA,MF,0,4,2,0.5,0.3,4.86,0.0703125,1.7578125,0.49218749999999994,2.4397590361445785,0.6506024096385542,1.8517025089605734,1.7221863799283155,18.585125448028673,1.1433691756272402,0.8863530465949822,2.703853046594982,5.0,1,0,0,0,1,1.0,0,0,0.0037896759842536154,0.008657933663752452,0.038406863185805065
2026-M094-USA-BEL,94,2026-07-06,Round of 16,BEL_matias_fernandez_pardo,Matias FERNANDEZ-PARDO,BEL,Belgium,USA,FW,0,4,3,0.7,0.1,9.156666666666666,0.08144796380090498,1.6289592760180995,0.16289592760180996,2.4803149606299213,0.14173228346456693,1.8517025089605734,1.7221863799283155,18.585125448028673,1.1433691756272402,0.8863530465949822,2.703853046594982,5.0,1,0,0,0,0,0.0,0,0,0.008252337136682608,0.016548518779322497,0.05147585206020183
2026-M094-USA-BEL,94,2026-07-06,Round of 16,USA_matt_freese,Matt FREESE,USA,USA,BEL,GK,1,4,3,0.7,0.7,90.0,0.04,0.2,0.08,0.16666666666666666,0.06666666666666667,2.14336917562724,1.4213530465949822,12.710125448028675,1.060035842293907,0.9276030465949822,3.328853046594982,5.0,1,0,0,0,1,90.0,0,0,0.03921056084767682,0.0023887885044230274,0.00785277226191024
2026-M094-USA-BEL,94,2026-07-06,Round of 16,USA_sergino_dest,Sergino DEST,USA,USA,BEL,DF,1,4,4,0.9,0.7,80.0,0.041474654377880185,0.8294930875576036,0.29032258064516125,1.1580882352941178,0.39705882352941174,2.14336917562724,1.4213530465949822,12.710125448028675,1.060035842293907,0.9276030465949822,3.328853046594982,5.0,1,0,0,0,1,45.0,0,0,0.036195069833396376,0.007042334303690614,0.01771835909397503
2026-M094-USA-BEL,94,2026-07-06,Round of 16,USA_chris_richards,Chris RICHARDS,USA,USA,BEL,DF,1,4,3,0.7,0.7,90.0,0.04,0.4,0.08,0.16666666666666666,0.06666666666666667,2.14336917562724,1.4213530465949822,12.710125448028675,1.060035842293907,0.9276030465949822,3.328853046594982,5.0,1,0,0,0,1,90.0,0,0,0.03921056084767682,0.008223243413846228,0.007776007316034659
2026-M094-USA-BEL,94,2026-07-06,Round of 16,USA_tyler_adams,Tyler ADAMS,USA,USA,BEL,MF,1,4,3,0.7,0.7,90.0,0.04,0.2,0.08,0.16666666666666666,0.06666666666666667,2.14336917562724,1.4213530465949822,12.710125448028675,1.060035842293907,0.9276030465949822,3.328853046594982,5.0,1,0,0,0,1,72.0,0,0,0.03921056084767682,0.01670922032791057,0.027297981138804068
2026-M094-USA-BEL,94,2026-07-06,Round of 16,USA_antonee_robinson,Antonee ROBINSON,USA,USA,BEL,DF,1,4,3,0.7,0.7,86.66666666666667,0.04090909090909091,0.20454545454545456,0.08181818181818182,0.17307692307692307,0.06923076923076923,2.14336917562724,1.4213530465949822,12.710125448028675,1.060035842293907,0.9276030465949822,3.328853046594982,5.0,1,0,0,0,1,90.0,0,0,0.038628087728710736,0.006233776508698443,0.007221981430155869
2026-M094-USA-BEL,94,2026-07-06,Round of 16,USA_weston_mckennie,Weston McKENNIE,USA,USA,BEL,MF,1,4,4,0.9,0.9,89.0,0.033582089552238806,1.007462686567164,0.23507462686567163,1.3904494382022472,0.30337078651685395,2.14336917562724,1.4213530465949822,12.710125448028675,1.060035842293907,0.9276030465949822,3.328853046594982,5.0,1,0,0,0,1,90.0,0,0,0.03266359152629872,0.018967897178995125,0.04459601858153772
2026-M094-USA-BEL,94,2026-07-06,Round of 16,USA_christian_pulisic,Christian PULISIC,USA,USA,BEL,FW,1,4,3,0.7,0.5,66.5,0.05217391304347826,1.3043478260869565,0.6260869565217392,1.9285714285714286,0.942857142857143,2.14336917562724,1.4213530465949822,12.710125448028675,1.060035842293907,0.9276030465949822,3.328853046594982,5.0,1,0,0,0,1,59.0,0,0,0.03781710287688589,0.037536608770495056,0.06961949249840053
2026-M094-USA-BEL,94,2026-07-06,Round of 16,USA_tim_ream,Tim REAM,USA,USA,BEL,DF,1,4,3,0.7,0.7,90.0,0.04,0.2,0.08,0.16666666666666666,0.06666666666666667,2.14336917562724,1.4213530465949822,12.710125448028675,1.060035842293907,0.9276030465949822,3.328853046594982,5.0,1,0,0,0,1,90.0,0,0,0.03921056084767682,0.006364365969893,0.007221981430155869
2026-M094-USA-BEL,94,2026-07-06,Round of 16,USA_alex_freeman,Alex FREEMAN,USA,USA,BEL,DF,1,4,4,0.9,0.7,90.0,0.23326133909287258,0.5831533477321814,0.27213822894168466,0.7950530035335689,0.38162544169611307,2.14336917562724,1.4213530465949822,12.710125448028675,1.060035842293907,0.9276030465949822,3.328853046594982,5.0,1,0,0,0,1,90.0,2,0,0.2080534201230625,0.010072275057013948,0.0319943061048744
2026-M094-USA-BEL,94,2026-07-06,Round of 16,USA_malik_tillman,Malik TILLMAN,USA,USA,BEL,MF,1,4,4,0.9,0.7,87.33333333333333,0.242152466367713,1.6143497757847534,0.6860986547085202,0.8211678832116789,0.39416058394160586,2.14336917562724,1.4213530465949822,12.710125448028675,1.060035842293907,0.9276030465949822,3.328853046594982,5.0,1,1,1,1,1,90.0,1,1,0.20941142436873983,0.2154398296169938,0.07774218108079775
2026-M094-USA-BEL,94,2026-07-06,Round of 16,USA_folarin_balogun,Folarin BALOGUN,USA,USA,BEL,FW,1,4,3,0.7,0.7,84.0,0.6666666666666666,2.5,0.9166666666666669,2.1666666666666665,0.4,2.14336917562724,1.4213530465949822,12.710125448028675,1.060035842293907,0.9276030465949822,3.328853046594982,5.0,1,0,0,0,1,90.0,3,1,0.463249667214347,0.7562194683056611,0.425229071880574
2026-M094-USA-BEL,94,2026-07-06,Round of 16,USA_matt_turner,Matt TURNER,USA,USA,BEL,GK,0,4,1,0.3,0.3,1.5399999999999998,0.06666666666666667,0.3333333333333333,0.13333333333333333,0.25,0.1,2.14336917562724,1.4213530465949822,12.710125448028675,1.060035842293907,0.9276030465949822,3.328853046594982,5.0,1,0,0,0,0,0.0,0,0,0.0011400903433570475,0.0005065143283821221,0.0010853501288636985
2026-M094-USA-BEL,94,2026-07-06,Round of 16,USA_chris_brady,Chris BRADY,USA,USA,BEL,GK,0,4,0,0.1,0.1,1.5399999999999998,0.1,0.5,0.2,0.5,0.2,2.14336917562724,1.4213530465949822,12.710125448028675,1.060035842293907,0.9276030465949822,3.328853046594982,5.0,1,0,0,0,0,0.0,0,0,0.0017096479951308474,0.0006793398154095896,0.0011702460865547657
2026-M094-USA-BEL,94,2026-07-06,Round of 16,USA_auston_trusty,Auston TRUSTY,USA,USA,BEL,DF,0,4,2,0.5,0.3,2.7,0.38571428571428573,1.2857142857142858,0.7714285714285715,1.6578947368421053,1.0421052631578949,2.14336917562724,1.4213530465949822,12.710125448028675,1.060035842293907,0.9276030465949822,3.328853046594982,5.0,1,0,0,0,0,0.0,0,0,0.01150473707831301,0.003839703291648996,0.023528106403595466
2026-M094-USA-BEL,94,2026-07-06,Round of 16,USA_giovanni_reyna,Giovanni REYNA,USA,USA,BEL,MF,0,4,4,0.9,0.3,1.7866666666666666,0.06818181818181818,1.0227272727272727,0.47727272727272724,0.8132530120481928,0.10843373493975904,2.14336917562724,1.4213530465949822,12.710125448028675,1.060035842293907,0.9276030465949822,3.328853046594982,5.0,1,0,0,0,1,45.0,0,0,0.0013526197377113913,0.013865571306246043,0.0014578550163138573
2026-M094-USA-BEL,94,2026-07-06,Round of 16,USA_ricardo_pepi,Ricardo PEPI,USA,USA,BEL,FW,0,4,4,0.9,0.5,4.7,0.04945054945054945,1.4835164835164836,0.0989010989010989,1.58203125,0.0703125,2.14336917562724,1.4213530465949822,12.710125448028675,1.060035842293907,0.9276030465949822,3.328853046594982,5.0,1,0,0,0,1,18.0,0,0,0.002579086010586207,0.010407081659120115,0.023602374309844677
2026-M094-USA-BEL,94,2026-07-06,Round of 16,USA_brenden_aaronson,Brenden AARONSON,USA,USA,BEL,FW,0,4,1,0.3,0.3,1.5399999999999998,0.07003891050583658,1.4007782101167314,0.49027237354085595,1.8862275449101797,0.6467065868263473,2.14336917562724,1.4213530465949822,12.710125448028675,1.060035842293907,0.9276030465949822,3.328853046594982,5.0,1,0,0,0,0,0.0,0,0,0.0011977257330545443,0.009408924545725669,0.019299846303088408
2026-M094-USA-BEL,94,2026-07-06,Round of 16,USA_miles_robinson,Miles ROBINSON,USA,USA,BEL,DF,0,4,1,0.3,0.3,1.5399999999999998,0.06666666666666667,0.6666666666666666,0.13333333333333333,0.75,0.1,2.14336917562724,1.4213530465949822,12.710125448028675,1.060035842293907,0.9276030465949822,3.328853046594982,5.0,1,0,0,0,0,0.0,0,0,0.0011400903433570475,0.0015593201222077464,0.000993866583915298
2026-M094-USA-BEL,94,2026-07-06,Round of 16,USA_sebastian_berhalter,Sebastian BERHALTER,USA,USA,BEL,MF,0,4,4,0.9,0.3,14.07,0.32432432432432434,0.8108108108108109,0.37837837837837834,0.6818181818181818,0.5454545454545454,2.14336917562724,1.4213530465949822,12.710125448028675,1.060035842293907,0.9276030465949822,3.328853046594982,5.0,1,0,0,0,1,31.0,1,0,0.04943877218746784,0.007986519024696638,0.021133704017074918
2026-M094-USA-BEL,94,2026-07-06,Round of 16,USA_cristian_roldan,Cristian ROLDAN,USA,USA,BEL,MF,0,4,0,0.1,0.1,1.5399999999999998,0.1,0.5,0.2,0.5,0.2,2.14336917562724,1.4213530465949822,12.710125448028675,1.060035842293907,0.9276030465949822,3.328853046594982,5.0,1,0,0,0,0,0.0,0,0,0.0017096479951308474,0.0048012009750805626,0.0015537514656470094
2026-M094-USA-BEL,94,2026-07-06,Round of 16,USA_max_arfsten,Max ARFSTEN,USA,USA,BEL,DF,0,4,0,0.1,0.1,1.5399999999999998,0.1,0.5,0.2,0.5,0.2,2.14336917562724,1.4213530465949822,12.710125448028675,1.060035842293907,0.9276030465949822,3.328853046594982,5.0,1,0,0,0,1,0.0,0,0,0.0017096479951308474,0.0018151177284722701,0.0010455709325178275
2026-M094-USA-BEL,94,2026-07-06,Round of 16,USA_haji_wright,Haji WRIGHT,USA,USA,BEL,FW,0,4,1,0.3,0.1,0.0,0.1,0.5,0.2,0.5,0.2,2.14336917562724,1.4213530465949822,12.710125448028675,1.060035842293907,0.9276030465949822,3.328853046594982,5.0,1,0,0,0,1,0.0,0,0,0.0,0.008435972675276123,0.011260280694276632
2026-M094-USA-BEL,94,2026-07-06,Round of 16,USA_timothy_weah,Timothy WEAH,USA,USA,BEL,FW,0,4,2,0.5,0.3,4.86,0.0703125,1.0546875,0.140625,0.30405405405405406,0.12162162162162163,2.14336917562724,1.4213530465949822,12.710125448028675,1.060035842293907,0.9276030465949822,3.328853046594982,5.0,1,0,0,0,0,0.0,0,0,0.0037896759842536154,0.015738394254378528,0.006138763848349102
2026-M094-USA-BEL,94,2026-07-06,Round of 16,USA_mark_mckenzie,Mark McKENZIE,USA,USA,BEL,DF,0,4,1,0.3,0.3,1.5399999999999998,0.06666666666666667,0.3333333333333333,0.13333333333333333,0.25,0.1,2.14336917562724,1.4213530465949822,12.710125448028675,1.060035842293907,0.9276030465949822,3.328853046594982,5.0,1,0,0,0,0,0.0,0,0,0.0011400903433570475,0.0013537393573986828,0.0009341882039272099
2026-M094-USA-BEL,94,2026-07-06,Round of 16,USA_joe_scally,Joe SCALLY,USA,USA,BEL,DF,0,4,2,0.5,0.3,2.7,0.06741573033707865,0.33707865168539325,0.1348314606741573,0.2542372881355932,0.1016949152542373,2.14336917562724,1.4213530465949822,12.710125448028675,1.060035842293907,0.9276030465949822,3.328853046594982,5.0,1,0,0,0,0,0.0,0,0,0.002020428091885962,0.0013518952934982924,0.0009341882039272099
2026-M094-USA-BEL,94,2026-07-06,Round of 16,USA_alex_zendejas,Alex ZENDEJAS,USA,USA,BEL,FW,0,4,1,0.3,0.1,3.5100000000000002,0.09326424870466321,0.9326424870466321,0.18652849740932642,1.3106796116504855,0.17475728155339806,2.14336917562724,1.4213530465949822,12.710125448028675,1.060035842293907,0.9276030465949822,3.328853046594982,5.0,1,0,0,0,0,0.0,0,0,0.003630698716073022,0.009432640063665712,0.006071893340629497
2026-M095-ARG-EGY,95,2026-07-07,Round of 16,ARG_emiliano_martinez,Emiliano MARTINEZ,ARG,Argentina,EGY,GK,1,4,4,0.9,0.9,90.0,0.03333333333333333,0.16666666666666666,0.06666666666666667,0.125,0.05,2.1888297872340425,1.8473049645390072,12.622783687943262,1.1054964539007093,1.1768882978723407,3.621897163120567,4.0,1,0,0,0,1,90.0,0,0,0.0327838995179941,0.002910047766231132,0.008153389466689632
2026-M095-ARG-EGY,95,2026-07-07,Round of 16,ARG_nicolas_tagliafico,Nicolas TAGLIAFICO,ARG,Argentina,EGY,DF,1,4,3,0.7,0.3,90.0,0.06382978723404255,0.3191489361702128,0.1276595744680851,0.234375,0.09375,2.1888297872340425,1.8473049645390072,12.622783687943262,1.1054964539007093,1.1768882978723407,3.621897163120567,4.0,1,0,0,0,1,66.0,0,0,0.061835326454926176,0.014142918699979202,0.010551569718072237
2026-M095-ARG-EGY,95,2026-07-07,Round of 16,ARG_leandro_paredes,Leandro PAREDES,ARG,Argentina,EGY,MF,1,4,3,0.7,0.3,90.0,0.06338028169014084,0.31690140845070425,0.1267605633802817,0.23195876288659795,0.09278350515463918,2.1888297872340425,1.8473049645390072,12.622783687943262,1.1054964539007093,1.1768882978723407,3.621897163120567,4.0,1,0,0,0,1,90.0,2,0,0.061413521438330565,0.03722341733059681,0.042872534680283486
2026-M095-ARG-EGY,95,2026-07-07,Round of 16,ARG_lisandro_martinez,Lisandro MARTINEZ,ARG,Argentina,EGY,DF,1,4,3,0.7,0.7,90.0,0.04,0.2,0.08,0.16666666666666666,0.06666666666666667,2.1888297872340425,1.8473049645390072,12.622783687943262,1.1054964539007093,1.1768882978723407,3.621897163120567,4.0,1,0,0,0,1,90.0,1,0,0.03921056084767682,0.008693605416376102,0.008458850924891233
2026-M095-ARG-EGY,95,2026-07-07,Round of 16,ARG_rodrigo_de_paul,Rodrigo DE PAUL,ARG,Argentina,EGY,MF,1,4,3,0.7,0.7,85.33333333333333,0.04128440366972477,0.20642201834862386,0.08256880733944955,0.17578125,0.0703125,2.1888297872340425,1.8473049645390072,12.622783687943262,1.1054964539007093,1.1768882978723407,3.621897163120567,4.0,1,0,0,0,1,66.0,1,1,0.03838751420226749,0.022582653722011993,0.032457356206019174
2026-M095-ARG-EGY,95,2026-07-07,Round of 16,ARG_julian_alvarez,Julian ALVAREZ,ARG,Argentina,EGY,FW,1,4,4,0.9,0.3,82.0,0.05157593123209169,0.7736389684813754,0.6189111747851003,1.0044642857142858,0.8839285714285715,2.1888297872340425,1.8473049645390072,12.622783687943262,1.1054964539007093,1.1768882978723407,3.621897163120567,4.0,1,0,0,0,1,90.0,2,1,0.045904401050044896,0.06436653104946646,0.12196318201379432
2026-M095-ARG-EGY,95,2026-07-07,Round of 16,ARG_lionel_messi,Lionel MESSI,ARG,Argentina,EGY,FW,1,4,4,0.9,0.7,86.66666666666667,1.1872340425531915,4.212765957446808,2.7574468085106383,4.65,3.0599999999999996,2.1888297872340425,1.8473049645390072,12.622783687943262,1.1054964539007093,1.1768882978723407,3.621897163120567,4.0,1,1,1,1,1,90.0,5,2,0.6812226592696115,0.9486964614634026,0.4264305879201919
2026-M095-ARG-EGY,95,2026-07-07,Round of 16,ARG_cristian_romero,Cristian ROMERO,ARG,Argentina,EGY,DF,1,4,3,0.7,0.7,76.0,0.04411764705882353,0.22058823529411764,0.08823529411764706,0.18907563025210083,0.07563025210084033,2.1888297872340425,1.8473049645390072,12.622783687943262,1.1054964539007093,1.1768882978723407,3.621897163120567,4.0,1,1,1,1,1,90.0,1,1,0.03656947628263496,0.008130700502089465,0.009355777842029941
2026-M095-ARG-EGY,95,2026-07-07,Round of 16,ARG_alexis_mac_allister,Alexis MAC ALLISTER,ARG,Argentina,EGY,MF,1,4,4,0.9,0.7,90.0,0.037578288100208766,0.9394572025052192,0.26304801670146133,0.7525083612040134,0.06020066889632107,2.1888297872340425,1.8473049645390072,12.622783687943262,1.1054964539007093,1.1768882978723407,3.621897163120567,4.0,1,0,0,0,1,90.0,2,1,0.03688098598862821,0.0606176669735195,0.0391079952079597
2026-M095-ARG-EGY,95,2026-07-07,Round of 16,ARG_enzo_fernandez,Enzo FERNANDEZ,ARG,Argentina,EGY,MF,1,4,3,0.7,0.7,90.0,0.04,1.0,0.27999999999999997,1.5,0.4,2.1888297872340425,1.8473049645390072,12.622783687943262,1.1054964539007093,1.1768882978723407,3.621897163120567,4.0,1,0,1,0,1,90.0,2,1,0.03921056084767682,0.026843034658273764,0.04792940860478155
2026-M095-ARG-EGY,95,2026-07-07,Round of 16,ARG_nahuel_molina,Nahuel MOLINA,ARG,Argentina,EGY,DF,1,4,3,0.7,0.5,90.0,0.044444444444444446,0.2222222222222222,0.08888888888888889,0.16666666666666666,0.06666666666666667,2.1888297872340425,1.8473049645390072,12.622783687943262,1.1054964539007093,1.1768882978723407,3.621897163120567,4.0,1,0,0,0,1,73.0,0,0,0.04347126089697073,0.01051879115737727,0.009741088869335663
2026-M095-ARG-EGY,95,2026-07-07,Round of 16,ARG_juan_musso,Juan MUSSO,ARG,Argentina,EGY,GK,0,4,0,0.1,0.1,1.5399999999999998,0.1,0.5,0.2,0.5,0.2,2.1888297872340425,1.8473049645390072,12.622783687943262,1.1054964539007093,1.1768882978723407,3.621897163120567,4.0,1,0,0,0,0,0.0,0,0,0.0017096479951308474,0.0007854224476301037,0.002036981199954456
2026-M095-ARG-EGY,95,2026-07-07,Round of 16,ARG_geronimo_rulli,Geronimo RULLI,ARG,Argentina,EGY,GK,0,4,0,0.1,0.1,1.5399999999999998,0.1,0.5,0.2,0.5,0.2,2.1888297872340425,1.8473049645390072,12.622783687943262,1.1054964539007093,1.1768882978723407,3.621897163120567,4.0,1,0,0,0,0,0.0,0,0,0.0017096479951308474,0.0007854224476301037,0.002036981199954456
2026-M095-ARG-EGY,95,2026-07-07,Round of 16,ARG_marcos_senesi,Marcos SENESI,ARG,Argentina,EGY,DF,0,4,1,0.3,0.3,1.5399999999999998,0.06666666666666667,1.0,0.13333333333333333,1.25,0.1,2.1888297872340425,1.8473049645390072,12.622783687943262,1.1054964539007093,1.1768882978723407,3.621897163120567,4.0,1,0,0,0,0,0.0,0,0,0.0011400903433570475,0.002096867648444386,0.002213040681482236
2026-M095-ARG-EGY,95,2026-07-07,Round of 16,ARG_gonzalo_montiel,Gonzalo MONTIEL,ARG,Argentina,EGY,DF,0,4,2,0.5,0.3,0.0,0.08,0.4,0.16,0.5,0.2,2.1888297872340425,1.8473049645390072,12.622783687943262,1.1054964539007093,1.1768882978723407,3.621897163120567,4.0,1,0,0,0,1,17.0,0,0,0.0,0.001521888605444087,0.0048465728751642565
2026-M095-ARG-EGY,95,2026-07-07,Round of 16,ARG_valentin_barco,Valentin BARCO,ARG,Argentina,EGY,MF,0,4,1,0.3,0.1,5.130000000000001,0.09045226130653267,0.45226130653266333,0.18090452261306533,0.41284403669724773,0.1651376146788991,2.1888297872340425,1.8473049645390072,12.622783687943262,1.1054964539007093,1.1768882978723407,3.621897163120567,4.0,1,0,0,0,0,0.0,0,0,0.005142510678923684,0.005861320167722314,0.0025440066532094224
2026-M095-ARG-EGY,95,2026-07-07,Round of 16,ARG_giovani_lo_celso,Giovani LO CELSO,ARG,Argentina,EGY,MF,0,4,1,0.3,0.3,1.5399999999999998,0.45,0.75,0.5249999999999999,0.9,0.72,2.1888297872340425,1.8473049645390072,12.622783687943262,1.1054964539007093,1.1768882978723407,3.621897163120567,4.0,1,0,0,0,0,0.0,0,0,0.007670430942587569,0.010504850981242613,0.030797983810505702
2026-M095-ARG-EGY,95,2026-07-07,Round of 16,ARG_exequiel_palacios,Exequiel PALACIOS,ARG,Argentina,EGY,MF,0,4,1,0.3,0.3,1.5399999999999998,0.06666666666666667,0.3333333333333333,0.13333333333333333,0.25,0.1,2.1888297872340425,1.8473049645390072,12.622783687943262,1.1054964539007093,1.1768882978723407,3.621897163120567,4.0,1,0,0,0,0,0.0,0,0,0.0011400903433570475,0.004488828101128396,0.0025440066532094224
2026-M095-ARG-EGY,95,2026-07-07,Round of 16,ARG_nico_gonzalez,Nico GONZALEZ,ARG,Argentina,EGY,MF,0,4,3,0.7,0.1,19.206666666666667,0.06766917293233082,1.6917293233082706,0.13533834586466165,2.872340425531915,0.1276595744680851,2.1888297872340425,1.8473049645390072,12.622783687943262,1.1054964539007093,1.1768882978723407,3.621897163120567,4.0,1,0,0,0,1,24.0,0,0,0.014337330163271766,0.006906330668156909,0.03982449695275843
2026-M095-ARG-EGY,95,2026-07-07,Round of 16,ARG_thiago_almada,Thiago ALMADA,ARG,Argentina,EGY,FW,0,4,4,0.9,0.7,8.100000000000001,0.04580152671755725,0.6870229007633588,0.0916030534351145,0.5443548387096774,0.07258064516129033,2.1888297872340425,1.8473049645390072,12.622783687943262,1.1054964539007093,1.1768882978723407,3.621897163120567,4.0,1,0,0,0,0,0.0,0,0,0.004113653058073208,0.008518667836136801,0.02051704040208978
2026-M095-ARG-EGY,95,2026-07-07,Round of 16,ARG_giuliano_simeone,Giuliano SIMEONE,ARG,Argentina,EGY,FW,0,4,1,0.3,0.3,1.5399999999999998,0.07171314741035857,0.35856573705179284,0.14342629482071714,0.2795031055900621,0.11180124223602485,2.1888297872340425,1.8473049645390072,12.622783687943262,1.1054964539007093,1.1768882978723407,3.621897163120567,4.0,1,0,0,0,0,0.0,0,0,0.0012263390643828531,0.008190402167310965,0.012012327732340976
2026-M095-ARG-EGY,95,2026-07-07,Round of 16,ARG_nico_paz,Nico PAZ,ARG,Argentina,EGY,FW,0,4,2,0.5,0.3,2.7,0.07171314741035857,0.7171314741035857,0.14342629482071714,0.8940397350993378,0.11920529801324503,2.1888297872340425,1.8473049645390072,12.622783687943262,1.1054964539007093,1.1768882978723407,3.621897163120567,4.0,1,0,0,0,0,0.0,0,0,0.0021490818320590854,0.009218564546175907,0.012311200983044219
2026-M095-ARG-EGY,95,2026-07-07,Round of 16,ARG_nicolas_otamendi,Nicolas OTAMENDI,ARG,Argentina,EGY,DF,0,4,3,0.7,0.3,9.870000000000001,0.057692307692307696,0.5769230769230769,0.11538461538461539,0.6367924528301887,0.08490566037735849,2.1888297872340425,1.8473049645390072,12.622783687943262,1.1054964539007093,1.1768882978723407,3.621897163120567,4.0,1,0,0,0,1,0.0,0,0,0.006306950243505249,0.001990325565765877,0.0022663263103378153
2026-M095-ARG-EGY,95,2026-07-07,Round of 16,ARG_jose_manuel_lopez,Jose Manuel LOPEZ,ARG,Argentina,EGY,FW,0,4,1,0.3,0.1,2.16,0.09574468085106383,0.9574468085106383,0.19148936170212766,1.3775510204081634,0.1836734693877551,2.1888297872340425,1.8473049645390072,12.622783687943262,1.1054964539007093,1.1768882978723407,3.621897163120567,4.0,1,0,0,0,0,0.0,0,0,0.0022952342528288483,0.010805353068428954,0.012064762316383803
2026-M095-ARG-EGY,95,2026-07-07,Round of 16,ARG_lautaro_martinez,Lautaro MARTINEZ,ARG,Argentina,EGY,FW,0,4,4,0.9,0.9,1.5399999999999998,0.25471698113207547,1.0613207547169812,0.5094339622641509,1.1290322580645162,0.3870967741935484,2.1888297872340425,1.8473049645390072,12.622783687943262,1.1054964539007093,1.1768882978723407,3.621897163120567,4.0,1,0,0,0,1,24.0,3,0,0.004349006130308419,0.018759027639744692,0.020844296507968374
2026-M095-ARG-EGY,95,2026-07-07,Round of 16,ARG_facundo_medina,Facundo MEDINA,ARG,Argentina,EGY,DF,0,4,3,0.7,0.7,1.5399999999999998,0.0410958904109589,0.2054794520547945,0.0821917808219178,0.1744186046511628,0.06976744186046512,2.1888297872340425,1.8473049645390072,12.622783687943262,1.1054964539007093,1.1768882978723407,3.621897163120567,4.0,1,0,0,0,1,0.0,0,0,0.0007029491624238604,0.0010969992890950027,0.008145415938731875
2026-M095-ARG-EGY,95,2026-07-07,Round of 16,EGY_mostafa_shoubir,MOSTAFA SHOUBIR,EGY,Egypt,ARG,GK,1,4,4,0.9,0.9,90.0,0.03333333333333333,0.16666666666666666,0.06666666666666667,0.125,0.05,1.4388297872340425,1.1931382978723406,13.789450354609928,0.8971631205673759,0.8127216312056739,2.4968971631205674,4.0,1,0,0,0,1,90.0,0,0,0.0327838995179941,0.00323191935690443,0.007821633284868132
2026-M095-ARG-EGY,95,2026-07-07,Round of 16,EGY_yasser_ibrahim,YASSER IBRAHIM,EGY,Egypt,ARG,DF,1,4,4,0.9,0.7,90.0,0.034220532319391636,0.17110266159695817,0.06844106463878327,0.13005780346820808,0.05202312138728324,1.4388297872340425,1.1931382978723406,13.789450354609928,0.8971631205673759,0.8127216312056739,2.4968971631205674,4.0,1,1,1,1,1,90.0,1,1,0.03364163211563387,0.009781405419912136,0.0075535602698373165
2026-M095-ARG-EGY,95,2026-07-07,Round of 16,EGY_mohamed_hany,MOHAMED HANY,EGY,Egypt,ARG,DF,1,4,4,0.9,0.9,90.0,0.03333333333333333,0.8333333333333334,0.06666666666666667,0.625,0.05,1.4388297872340425,1.1931382978723406,13.789450354609928,0.8971631205673759,0.8127216312056739,2.4968971631205674,4.0,1,0,0,0,1,90.0,0,0,0.0327838995179941,0.014278556739109109,0.010954089214453273
2026-M095-ARG-EGY,95,2026-07-07,Round of 16,EGY_ramy_rabia,RAMY RABIA,EGY,Egypt,ARG,DF,1,4,4,0.9,0.5,90.0,0.04205607476635514,0.2102803738317757,0.08411214953271028,0.14106583072100312,0.05642633228840126,1.4388297872340425,1.1931382978723406,13.789450354609928,0.8971631205673759,0.8127216312056739,2.4968971631205674,4.0,1,0,0,0,1,90.0,0,0,0.041183986318929056,0.012180910979123882,0.008904314841958394
2026-M095-ARG-EGY,95,2026-07-07,Round of 16,EGY_emam_ashour,EMAM ASHOUR,EGY,Egypt,ARG,MF,1,4,4,0.9,0.9,72.75,0.4203821656050956,1.7197452229299364,0.4585987261146497,1.8870967741935485,0.34838709677419355,1.4388297872340425,1.1931382978723406,13.789450354609928,0.8971631205673759,0.8127216312056739,2.4968971631205674,4.0,1,0,0,0,1,45.0,0,0,0.288093657174213,0.13975385097358473,0.15375010244695692
2026-M095-ARG-EGY,95,2026-07-07,Round of 16,EGY_mohamed_salah,MOHAMED SALAH,EGY,Egypt,ARG,FW,1,4,4,0.9,0.9,77.0,0.22131147540983606,1.4754098360655739,0.6270491803278688,1.8167701863354038,0.6149068322981367,1.4388297872340425,1.1931382978723406,13.789450354609928,0.8971631205673759,0.8127216312056739,2.4968971631205674,4.0,1,0,0,0,1,90.0,0,0,0.1724984199403362,0.13108676667976207,0.1323619186855231
2026-M095-ARG-EGY,95,2026-07-07,Round of 16,EGY_mostafa_zico,MOSTAFA ZICO,EGY,Egypt,ARG,MF,1,4,4,0.9,0.9,73.75,0.22736842105263158,1.5157894736842106,0.45473684210526316,1.6019417475728155,0.34951456310679613,1.4388297872340425,1.1931382978723406,13.789450354609928,0.8971631205673759,0.8127216312056739,2.4968971631205674,4.0,1,1,1,1,1,80.0,1,1,0.16998855528531454,0.09180159390431906,0.10244145594328061
2026-M095-ARG-EGY,95,2026-07-07,Round of 16,EGY_haissem_hassan,HAISSEM HASSAN,EGY,Egypt,ARG,FW,1,4,1,0.3,0.1,80.0,0.08866995073891626,0.4433497536945813,0.17733990147783252,0.39823008849557523,0.1592920353982301,1.4388297872340425,1.1931382978723406,13.789450354609928,0.8971631205673759,0.8127216312056739,2.4968971631205674,4.0,1,0,0,0,1,73.0,0,0,0.07579163913528963,0.0783682387590825,0.10643483684410629
2026-M095-ARG-EGY,95,2026-07-07,Round of 16,EGY_karim_hafez,KARIM HAFEZ,EGY,Egypt,ARG,DF,1,4,2,0.5,0.3,80.0,0.06870229007633588,0.3435114503816794,0.13740458015267176,0.2647058823529412,0.10588235294117647,1.4388297872340425,1.1931382978723406,13.789450354609928,0.8971631205673759,0.8127216312056739,2.4968971631205674,4.0,1,0,0,0,1,90.0,1,0,0.0592413947148257,0.014441739252527255,0.01838982592995352
2026-M095-ARG-EGY,95,2026-07-07,Round of 16,EGY_mohanad_lashin,MOHANAD LASHIN,EGY,Egypt,ARG,MF,1,3,3,0.875,0.875,90.0,0.04,0.6,0.08,0.625,0.05,1.4388297872340425,1.1931382978723406,13.789450354609928,0.8971631205673759,0.8127216312056739,2.4968971631205674,11.0,1,0,0,0,1,90.0,0,0,0.03921056084767682,0.03183596949159423,0.03610508505910706
2026-M095-ARG-EGY,95,2026-07-07,Round of 16,EGY_marawan_attia,MARAWAN ATTIA,EGY,Egypt,ARG,MF,1,4,4,0.9,0.7,90.0,0.03636363636363636,0.5454545454545454,0.07272727272727272,0.42857142857142855,0.05714285714285714,1.4388297872340425,1.1931382978723406,13.789450354609928,0.8971631205673759,0.8127216312056739,2.4968971631205674,4.0,1,0,0,0,1,90.0,0,0,0.03571042103527555,0.034469974355821865,0.034174788199184535
2026-M095-ARG-EGY,95,2026-07-07,Round of 16,EGY_mohamed_elshenawy,MOHAMED ELSHENAWY,EGY,Egypt,ARG,GK,0,4,0,0.1,0.1,1.5399999999999998,0.1,0.5,0.2,0.5,0.2,1.4388297872340425,1.1931382978723406,13.789450354609928,0.8971631205673759,0.8127216312056739,2.4968971631205674,4.0,1,0,0,0,0,0.0,0,0,0.0017096479951308474,0.0008725012861996193,0.002535101211765297
2026-M095-ARG-EGY,95,2026-07-07,Round of 16,EGY_mahdy_soliman,MAHDY SOLIMAN,EGY,Egypt,ARG,GK,0,4,0,0.1,0.1,1.5399999999999998,0.1,0.5,0.2,0.5,0.2,1.4388297872340425,1.1931382978723406,13.789450354609928,0.8971631205673759,0.8127216312056739,2.4968971631205674,4.0,1,0,0,0,0,0.0,0,0,0.0017096479951308474,0.0008725012861996193,0.002535101211765297
2026-M095-ARG-EGY,95,2026-07-07,Round of 16,EGY_mohamed_alaa,MOHAMED ALAA,EGY,Egypt,ARG,GK,0,4,0,0.1,0.1,1.5399999999999998,0.1,0.5,0.2,0.5,0.2,1.4388297872340425,1.1931382978723406,13.789450354609928,0.8971631205673759,0.8127216312056739,2.4968971631205674,4.0,1,0,0,0,0,0.0,0,0,0.0017096479951308474,0.0008725012861996193,0.002535101211765297
2026-M095-ARG-EGY,95,2026-07-07,Round of 16,EGY_hossam_abdelmaguid,HOSSAM ABDELMAGUID,EGY,Egypt,ARG,DF,0,4,2,0.5,0.1,6.58,0.08653846153846154,0.4326923076923077,0.17307692307692307,0.3813559322033898,0.15254237288135594,1.4388297872340425,1.1931382978723406,13.789450354609928,0.8971631205673759,0.8127216312056739,2.4968971631205674,4.0,1,0,0,0,0,0.0,0,0,0.006306950243505249,0.0025177895654025827,0.0023281117867696628
2026-M095-ARG-EGY,95,2026-07-07,Round of 16,EGY_mohamed_abdelmoneim,MOHAMED ABDELMONEIM,EGY,Egypt,ARG,DF,0,4,2,0.5,0.3,0.0,0.09278350515463918,0.4639175257731959,0.18556701030927836,0.4326923076923077,0.17307692307692307,1.4388297872340425,1.1931382978723406,13.789450354609928,0.8971631205673759,0.8127216312056739,2.4968971631205674,4.0,1,0,0,0,0,0.0,0,0,0.0,0.0021407858390172702,0.002931633668256981
2026-M095-ARG-EGY,95,2026-07-07,Round of 16,EGY_trezeguet,TREZEGUET,EGY,Egypt,ARG,FW,0,4,3,0.7,0.3,5.640000000000001,0.3673469387755102,2.142857142857143,1.0408163265306123,2.8676470588235294,1.411764705882353,1.4388297872340425,1.1931382978723406,13.789450354609928,0.8971631205673759,0.8127216312056739,2.4968971631205674,4.0,1,0,0,0,1,17.0,2,0,0.022757460155534703,0.037515933949736686,0.06258324252321558
2026-M095-ARG-EGY,95,2026-07-07,Round of 16,EGY_hamza_abdelkarim,HAMZA ABDELKARIM,EGY,Egypt,ARG,FW,0,4,4,0.9,0.1,9.134999999999998,0.08108108108108109,0.40540540540540543,0.16216216216216217,0.3813559322033898,0.15254237288135594,1.4388297872340425,1.1931382978723406,13.789450354609928,0.8971631205673759,0.8127216312056739,2.4968971631205674,4.0,1,0,0,0,0,0.0,0,0,0.008195958211009047,0.012425061628139153,0.021534890218713503
2026-M095-ARG-EGY,95,2026-07-07,Round of 16,EGY_ahmed_fatouh,AHMED FATOUH,EGY,Egypt,ARG,DF,0,4,3,0.7,0.7,1.5399999999999998,0.04017857142857143,0.4017857142857143,0.28124999999999994,0.5,0.4,1.4388297872340425,1.1931382978723406,13.789450354609928,0.8971631205673759,0.8127216312056739,2.4968971631205674,4.0,1,0,0,0,0,0.0,0,0,0.0006872637260242342,0.0012229466638514776,0.004577830309642843
2026-M095-ARG-EGY,95,2026-07-07,Round of 16,EGY_hamdy_fathy,HAMDY FATHY,EGY,Egypt,ARG,MF,0,4,3,0.7,0.7,1.5399999999999998,0.04774535809018567,0.23872679045092837,0.09549071618037135,0.22727272727272727,0.09090909090909091,1.4388297872340425,1.1931382978723406,13.789450354609928,0.8971631205673759,0.8127216312056739,2.4968971631205674,4.0,1,0,0,0,1,45.0,0,0,0.0008166424931879135,0.003357616398881666,0.01068197949574053
2026-M095-ARG-EGY,95,2026-07-07,Round of 16,EGY_nabil_donga,NABIL DONGA,EGY,Egypt,ARG,MF,0,4,0,0.1,0.1,1.5399999999999998,0.1,0.5,0.2,0.5,0.2,1.4388297872340425,1.1931382978723406,13.789450354609928,0.8971631205673759,0.8127216312056739,2.4968971631205674,4.0,1,0,0,0,0,0.0,0,0,0.0017096479951308474,0.006197116146369273,0.0035899744399116042
2026-M095-ARG-EGY,95,2026-07-07,Round of 16,EGY_ibrahim_adel,IBRAHIM ADEL,EGY,Egypt,ARG,FW,0,4,1,0.3,0.1,0.27,0.09944751381215469,0.4972375690607735,0.19889502762430938,0.5,0.2,1.4388297872340425,1.1931382978723406,13.789450354609928,0.8971631205673759,0.8127216312056739,2.4968971631205674,4.0,1,0,0,0,0,0.0,0,0,0.0002982980417259862,0.011284443780619585,0.018042325685828985
2026-M095-ARG-EGY,95,2026-07-07,Round of 16,EGY_mahmoud_saber,MAHMOUD SABER,EGY,Egypt,ARG,MF,0,4,2,0.5,0.3,0.0,0.48,1.6,0.5599999999999999,2.3333333333333335,0.8,1.4388297872340425,1.1931382978723406,13.789450354609928,0.8971631205673759,0.8127216312056739,2.4968971631205674,4.0,1,0,0,0,0,0.0,0,0,0.0,0.014997298805803064,0.06684906466308962
2026-M095-ARG-EGY,95,2026-07-07,Round of 16,EGY_omar_marmoush,OMAR MARMOUSH,EGY,Egypt,ARG,FW,0,4,4,0.9,0.7,12.15,0.037422037422037424,2.2453222453222454,0.2619542619542619,1.9435215946843853,0.3588039867109635,1.4388297872340425,1.1931382978723406,13.789450354609928,0.8971631205673759,0.8127216312056739,2.4968971631205674,4.0,1,0,0,0,1,10.0,0,0,0.005039235288696431,0.02678507477611368,0.07246625060986317
2026-M095-ARG-EGY,95,2026-07-07,Round of 16,EGY_tarek_alaa,TAREK ALAA,EGY,Egypt,ARG,DF,0,4,0,0.1,0.1,1.5399999999999998,0.1,0.5,0.2,0.5,0.2,1.4388297872340425,1.1931382978723406,13.789450354609928,0.8971631205673759,0.8127216312056739,2.4968971631205674,4.0,1,0,0,0,0,0.0,0,0,0.0017096479951308474,0.002302031360655613,0.0024365313302201486
2026-M095-ARG-EGY,95,2026-07-07,Round of 16,EGY_zizo,ZIZO,EGY,Egypt,ARG,FW,0,4,3,0.7,0.1,11.613333333333333,0.07758620689655173,1.5517241379310345,0.543103448275862,1.7578125,0.84375,1.4388297872340425,1.1931382978723406,13.789450354609928,0.8971631205673759,0.8127216312056739,2.4968971631205674,4.0,1,0,0,0,1,0.0,0,0,0.009961546068577132,0.018357704305196756,0.035602484179363465
2026-M096-SUI-COL,96,2026-07-07,Round of 16,COL_camilo_vargas,Camilo VARGAS,COL,Colombia,SUI,GK,1,4,4,0.9,0.9,90.0,0.03333333333333333,0.16666666666666666,0.06666666666666667,0.125,0.05,1.317543859649123,1.4793070175438598,17.205701754385966,0.9842105263157895,0.942640350877193,3.873245614035088,4.0,1,0,0,0,1,90.0,0,0,0.0327838995179941,0.003619235073463189,0.020505329041278695
2026-M096-SUI-COL,96,2026-07-07,Round of 16,COL_daniel_munoz,Daniel MUNOZ,COL,Colombia,SUI,DF,1,4,4,0.9,0.7,90.0,0.43708609271523186,0.7947019867549668,0.4768211920529801,0.8241758241758241,0.3956043956043956,1.317543859649123,1.4793070175438598,17.205701754385966,0.9842105263157895,0.942640350877193,3.873245614035088,4.0,1,0,0,0,1,90.0,0,0,0.35408417962998073,0.04680861512155923,0.09231707824624297
2026-M096-SUI-COL,96,2026-07-07,Round of 16,COL_jhon_lucumi,Jhon LUCUMI,COL,Colombia,SUI,DF,1,4,4,0.9,0.9,90.0,0.03333333333333333,0.3333333333333333,0.06666666666666667,0.375,0.05,1.317543859649123,1.4793070175438598,17.205701754385966,0.9842105263157895,0.942640350877193,3.873245614035088,4.0,1,0,0,0,1,90.0,0,0,0.0327838995179941,0.009968269904943703,0.018356609310135923
2026-M096-SUI-COL,96,2026-07-07,Round of 16,COL_luis_diaz,Luis DIAZ,COL,Colombia,SUI,FW,1,4,4,0.9,0.9,90.0,0.2,2.8333333333333335,1.0666666666666667,3.625,1.3,1.317543859649123,1.4793070175438598,17.205701754385966,0.9842105263157895,0.942640350877193,3.873245614035088,4.0,1,0,0,0,1,90.0,2,1,0.18126924692201818,0.20570706424352508,0.29762082655147304
2026-M096-SUI-COL,96,2026-07-07,Round of 16,COL_james_rodriguez,James RODRIGUEZ,COL,Colombia,SUI,MF,1,4,4,0.9,0.9,62.75,0.04176334106728538,1.4617169373549883,0.7099767981438515,1.5055762081784387,0.7360594795539035,1.317543859649123,1.4793070175438598,17.205701754385966,0.9842105263157895,0.942640350877193,3.873245614035088,4.0,1,0,0,0,1,66.0,0,0,0.028698475924694544,0.05991869926981018,0.12939610568165716
2026-M096-SUI-COL,96,2026-07-07,Round of 16,COL_jhon_arias,Jhon ARIAS,COL,Colombia,SUI,MF,1,4,4,0.9,0.9,79.0,0.21774193548387097,1.6330645161290323,0.7983870967741936,1.8512658227848102,1.1962025316455696,1.317543859649123,1.4793070175438598,17.205701754385966,0.9842105263157895,0.942640350877193,3.873245614035088,4.0,1,0,0,0,1,66.0,1,0,0.1739740027251374,0.05992096079094834,0.15718330568098612
2026-M096-SUI-COL,96,2026-07-07,Round of 16,COL_gustavo_puerta,Gustavo PUERTA,COL,Colombia,SUI,DF,1,4,4,0.9,0.9,87.5,0.033962264150943396,2.207547169811321,0.7471698113207548,2.875,1.05,1.317543859649123,1.4793070175438598,17.205701754385966,0.9842105263157895,0.942640350877193,3.873245614035088,4.0,1,0,0,0,1,90.0,2,1,0.03247969568326847,0.02091232603235032,0.08487156932528665
2026-M096-SUI-COL,96,2026-07-07,Round of 16,COL_jefferson_lerma,Jefferson LERMA,COL,Colombia,SUI,MF,1,4,4,0.9,0.9,90.0,0.03333333333333333,1.0,0.2333333333333333,0.625,0.3,1.317543859649123,1.4793070175438598,17.205701754385966,0.9842105263157895,0.942640350877193,3.873245614035088,4.0,1,0,0,0,1,90.0,0,0,0.0327838995179941,0.04580751592385192,0.052714510231576694
2026-M096-SUI-COL,96,2026-07-07,Round of 16,COL_johan_mojica,Johan MOJICA,COL,Colombia,SUI,DF,1,4,3,0.7,0.7,90.0,0.04,0.8,0.48,0.8333333333333334,0.7333333333333334,1.317543859649123,1.4793070175438598,17.205701754385966,0.9842105263157895,0.942640350877193,3.873245614035088,4.0,1,0,0,0,1,90.0,0,0,0.03921056084767682,0.012573418259124985,0.030562058627077036
2026-M096-SUI-COL,96,2026-07-07,Round of 16,COL_davinson_sanchez,Davinson SANCHEZ,COL,Colombia,SUI,DF,1,4,4,0.9,0.9,90.0,0.03333333333333333,1.0,0.4,1.125,0.55,1.317543859649123,1.4793070175438598,17.205701754385966,0.9842105263157895,0.942640350877193,3.873245614035088,4.0,1,0,0,0,1,90.0,0,0,0.0327838995179941,0.013876772968831406,0.021856612434598775
2026-M096-SUI-COL,96,2026-07-07,Round of 16,COL_luis_suarez,Luis SUAREZ,COL,Colombia,SUI,FW,1,4,4,0.9,0.5,69.0,0.04186046511627907,1.6744186046511629,0.08372093023255814,2.5961538461538463,0.06923076923076923,1.317543859649123,1.4793070175438598,17.205701754385966,0.9842105263157895,0.942640350877193,3.873245614035088,4.0,1,0,0,0,1,83.0,2,0,0.03158350736607296,0.0667796558505407,0.13281405515128084
2026-M096-SUI-COL,96,2026-07-07,Round of 16,COL_david_ospina,David OSPINA,COL,Colombia,SUI,GK,0,4,0,0.1,0.1,1.5399999999999998,0.1,0.5,0.2,0.5,0.2,1.317543859649123,1.4793070175438598,17.205701754385966,0.9842105263157895,0.942640350877193,3.873245614035088,4.0,1,0,0,0,0,0.0,0,0,0.0017096479951308474,0.0007818763624019498,0.0023342419112271197
2026-M096-SUI-COL,96,2026-07-07,Round of 16,COL_alvaro_montero,Alvaro MONTERO,COL,Colombia,SUI,GK,0,4,0,0.1,0.1,1.5399999999999998,0.1,0.5,0.2,0.5,0.2,1.317543859649123,1.4793070175438598,17.205701754385966,0.9842105263157895,0.942640350877193,3.873245614035088,4.0,1,0,0,0,0,0.0,0,0,0.0017096479951308474,0.0007818763624019498,0.0023342419112271197
2026-M096-SUI-COL,96,2026-07-07,Round of 16,COL_santiago_arias,Santiago ARIAS,COL,Colombia,SUI,DF,0,4,1,0.3,0.3,1.5399999999999998,0.06741573033707865,0.33707865168539325,0.1348314606741573,0.2542372881355932,0.1016949152542373,1.317543859649123,1.4793070175438598,17.205701754385966,0.9842105263157895,0.942640350877193,3.873245614035088,4.0,1,0,0,0,0,0.0,0,0,0.001152892960109786,0.0017569621952547932,0.001966139986960215
2026-M096-SUI-COL,96,2026-07-07,Round of 16,COL_kevin_castano,Kevin CASTANO,COL,Colombia,SUI,MF,0,4,2,0.5,0.1,3.29,0.09278350515463918,0.4639175257731959,0.18556701030927836,0.4326923076923077,0.17307692307692307,1.317543859649123,1.4793070175438598,17.205701754385966,0.9842105263157895,0.942640350877193,3.873245614035088,4.0,1,0,0,0,0,0.0,0,0,0.0033860070821483124,0.006175809767986273,0.002714674294375128
2026-M096-SUI-COL,96,2026-07-07,Round of 16,COL_richard_rios,Richard RIOS,COL,Colombia,SUI,MF,0,4,4,0.9,0.1,21.314999999999998,0.06474820143884892,1.618705035971223,0.4532374100719424,2.2752808988764044,0.6067415730337079,1.317543859649123,1.4793070175438598,17.205701754385966,0.9842105263157895,0.942640350877193,3.873245614035088,4.0,1,0,0,0,1,8.0,0,0,0.015217557116114944,0.009617318276836099,0.08050561914893853
2026-M096-SUI-COL,96,2026-07-07,Round of 16,COL_jorge_carrascal,Jorge CARRASCAL,COL,Colombia,SUI,MF,0,4,0,0.1,0.1,1.5399999999999998,0.1,0.5,0.2,0.5,0.2,1.317543859649123,1.4793070175438598,17.205701754385966,0.9842105263157895,0.942640350877193,3.873245614035088,4.0,1,0,0,0,0,0.0,0,0,0.0017096479951308474,0.005354708968540825,0.0033011519611678094
2026-M096-SUI-COL,96,2026-07-07,Round of 16,COL_jhon_cordoba,Jhon CORDOBA,COL,Colombia,SUI,FW,0,4,3,0.7,0.5,8.64,0.06428571428571428,0.9642857142857143,0.44999999999999996,1.1842105263157894,0.5684210526315789,1.317543859649123,1.4793070175438598,17.205701754385966,0.9842105263157895,0.942640350877193,3.873245614035088,4.0,1,0,0,0,0,0.0,0,0,0.006152424420473146,0.0105267740793657,0.027214646602603018
2026-M096-SUI-COL,96,2026-07-07,Round of 16,COL_yerry_mina,Yerry MINA,COL,Colombia,SUI,DF,0,4,0,0.1,0.1,1.5399999999999998,0.1,0.5,0.2,0.5,0.2,1.317543859649123,1.4793070175438598,17.205701754385966,0.9842105263157895,0.942640350877193,3.873245614035088,4.0,1,0,0,0,1,0.0,0,0,0.0017096479951308474,0.0020558600093796772,0.0020724944703983763
2026-M096-SUI-COL,96,2026-07-07,Round of 16,COL_juan_portilla,Juan PORTILLA,COL,Colombia,SUI,MF,0,4,0,0.1,0.1,1.5399999999999998,0.1,0.5,0.2,0.5,0.2,1.317543859649123,1.4793070175438598,17.205701754385966,0.9842105263157895,0.942640350877193,3.873245614035088,4.0,1,0,0,0,0,0.0,0,0,0.0017096479951308474,0.005354708968540825,0.0033011519611678094
2026-M096-SUI-COL,96,2026-07-07,Round of 16,COL_willer_ditta,Willer DITTA,COL,Colombia,SUI,DF,0,4,0,0.1,0.1,1.5399999999999998,0.1,0.5,0.2,0.5,0.2,1.317543859649123,1.4793070175438598,17.205701754385966,0.9842105263157895,0.942640350877193,3.873245614035088,4.0,1,0,0,0,0,0.0,0,0,0.0017096479951308474,0.0020558600093796772,0.0020724944703983763
2026-M096-SUI-COL,96,2026-07-07,Round of 16,COL_cucho_hernandez,Cucho HERNANDEZ,COL,Colombia,SUI,FW,0,4,1,0.3,0.1,2.7,0.09473684210526316,0.47368421052631576,0.18947368421052632,0.5,0.2,1.317543859649123,1.4793070175438598,17.205701754385966,0.9842105263157895,0.942640350877193,3.873245614035088,4.0,1,0,0,0,1,7.0,0,0,0.0028380703054911027,0.009573741384189151,0.013613743007998582
2026-M096-SUI-COL,96,2026-07-07,Round of 16,COL_juan_quintero,Juan QUINTERO,COL,Colombia,SUI,MF,0,4,3,0.7,0.1,14.07,0.07407407407407407,1.4814814814814814,0.14814814814814814,2.0588235294117645,0.11764705882352941,1.317543859649123,1.4793070175438598,17.205701754385966,0.9842105263157895,0.942640350877193,3.873245614035088,4.0,1,0,0,0,1,24.0,0,0,0.011513453929322681,0.00883130655198519,0.07991805522789609
2026-M096-SUI-COL,96,2026-07-07,Round of 16,COL_jaminton_campaz,Jaminton CAMPAZ,COL,Colombia,SUI,FW,0,4,2,0.5,0.1,4.23,0.09090909090909091,2.272727272727273,1.0909090909090908,2.5,1.2,1.317543859649123,1.4793070175438598,17.205701754385966,0.9842105263157895,0.942640350877193,3.873245614035088,4.0,1,0,0,0,1,24.0,0,0,0.004263612160304686,0.040980574650476394,0.06848758642403235
2026-M096-SUI-COL,96,2026-07-07,Round of 16,COL_deiver_machado,Deiver MACHADO,COL,Colombia,SUI,DF,0,4,1,0.3,0.3,1.5399999999999998,0.06666666666666667,0.3333333333333333,0.13333333333333333,0.25,0.1,1.317543859649123,1.4793070175438598,17.205701754385966,0.9842105263157895,0.942640350877193,3.873245614035088,4.0,1,0,0,0,0,0.0,0,0,0.0011400903433570475,0.001749650995098289,0.001966139986960215
2026-M096-SUI-COL,96,2026-07-07,Round of 16,COL_andres_gomez,Andres GOMEZ,COL,Colombia,SUI,FW,0,4,1,0.3,0.1,0.0,0.1,0.5,0.2,0.5,0.2,1.317543859649123,1.4793070175438598,17.205701754385966,0.9842105263157895,0.942640350877193,3.873245614035088,4.0,1,0,0,0,0,0.0,0,0,0.0,0.010015492484579211,0.015829970746578954
2026-M096-SUI-COL,96,2026-07-07,Round of 16,SUI_gregor_kobel,Gregor KOBEL,SUI,Switzerland,COL,GK,1,4,4,0.9,0.9,90.0,0.03333333333333333,0.16666666666666666,0.06666666666666667,0.125,0.05,1.9842105263157894,1.8443070175438596,13.372368421052633,0.6508771929824562,0.8759736842105262,2.206578947368421,5.0,1,0,0,0,1,90.0,0,0,0.0327838995179941,0.0038818144460925573,0.026570479682828104
2026-M096-SUI-COL,96,2026-07-07,Round of 16,SUI_nico_elvedi,Nico ELVEDI,SUI,Switzerland,COL,DF,1,4,4,0.9,0.9,90.0,0.03333333333333333,0.6666666666666666,0.06666666666666667,0.375,0.05,1.9842105263157894,1.8443070175438596,13.372368421052633,0.6508771929824562,0.8759736842105262,2.206578947368421,5.0,1,0,0,0,1,90.0,0,0,0.0327838995179941,0.015363566477624734,0.025695330202900837
2026-M096-SUI-COL,96,2026-07-07,Round of 16,SUI_manuel_akanji,Manuel AKANJI,SUI,Switzerland,COL,DF,1,4,4,0.9,0.9,90.0,0.03333333333333333,0.3333333333333333,0.2333333333333333,0.125,0.05,1.9842105263157894,1.8443070175438596,13.372368421052633,0.6508771929824562,0.8759736842105262,2.206578947368421,5.0,1,0,0,0,1,90.0,0,0,0.0327838995179941,0.01721093579030163,0.021761014780329768
2026-M096-SUI-COL,96,2026-07-07,Round of 16,SUI_denis_zakaria,Denis ZAKARIA,SUI,Switzerland,COL,MF,1,4,2,0.5,0.5,88.5,0.05042016806722689,1.2605042016806722,0.6050420168067226,1.271186440677966,0.6101694915254238,1.9842105263157894,1.8443070175438596,13.372368421052633,0.6508771929824562,0.8759736842105262,2.206578947368421,5.0,1,0,0,0,1,87.0,0,0,0.048370815293148794,0.07146207062105546,0.08070915023250885
2026-M096-SUI-COL,96,2026-07-07,Round of 16,SUI_breel_embolo,Breel EMBOLO,SUI,Switzerland,COL,FW,1,4,4,0.9,0.9,86.75,0.37571157495256174,1.7077798861480076,0.7514231499051235,1.4265129682997117,0.829971181556196,1.9842105263157894,1.8443070175438596,13.372368421052633,0.6508771929824562,0.8759736842105262,2.206578947368421,5.0,1,0,0,0,1,87.0,0,0,0.3038180375556848,0.2648916459644905,0.1288651419028494
2026-M096-SUI-COL,96,2026-07-07,Round of 16,SUI_remo_freuler,Remo FREULER,SUI,Switzerland,COL,MF,1,4,4,0.9,0.9,89.75,0.03339517625231911,0.5009276437847866,0.23376623376623373,0.625,0.3,1.9842105263157894,1.8443070175438596,13.372368421052633,0.6508771929824562,0.8759736842105262,2.206578947368421,5.0,1,0,0,0,1,90.0,0,0,0.03275399132212198,0.0288268690103953,0.04748400621585781
2026-M096-SUI-COL,96,2026-07-07,Round of 16,SUI_granit_xhaka,Granit XHAKA,SUI,Switzerland,COL,MF,1,4,4,0.9,0.9,90.0,0.03333333333333333,1.0,0.2333333333333333,0.875,0.3,1.9842105263157894,1.8443070175438596,13.372368421052633,0.6508771929824562,0.8759736842105262,2.206578947368421,5.0,1,0,0,0,1,90.0,0,0,0.0327838995179941,0.04316991559364957,0.0474468299103747
2026-M096-SUI-COL,96,2026-07-07,Round of 16,SUI_dan_ndoye,Dan NDOYE,SUI,Switzerland,COL,FW,1,4,4,0.9,0.7,74.66666666666667,0.2608695652173913,2.608695652173913,1.173913043478261,1.9186046511627908,1.1162790697674418,1.9842105263157894,1.8443070175438596,13.372368421052633,0.6508771929824562,0.8759736842105262,2.206578947368421,5.0,1,0,0,0,1,90.0,2,1,0.19460716014182733,0.5014833136979425,0.20556224748791257
2026-M096-SUI-COL,96,2026-07-07,Round of 16,SUI_ricardo_rodriguez,Ricardo RODRIGUEZ,SUI,Switzerland,COL,DF,1,4,4,0.9,0.9,89.75,0.03339517625231911,0.3339517625231911,0.06679035250463822,0.375,0.05,1.9842105263157894,1.8443070175438596,13.372368421052633,0.6508771929824562,0.8759736842105262,2.206578947368421,5.0,1,0,0,0,1,71.0,0,0,0.03275399132212198,0.010681824631279072,0.025506850586690152
2026-M096-SUI-COL,96,2026-07-07,Round of 16,SUI_ardon_jashari,Ardon JASHARI,SUI,Switzerland,COL,MF,1,4,1,0.3,0.1,80.0,0.09944751381215469,0.994475138121547,0.19889502762430938,0.5,0.2,1.9842105263157894,1.8443070175438596,13.372368421052633,0.6508771929824562,0.8759736842105262,2.206578947368421,5.0,1,0,0,0,1,45.0,0,0,0.08460333140243281,0.07448891697688831,0.12281823341867683
2026-M096-SUI-COL,96,2026-07-07,Round of 16,SUI_fabian_rieder,Fabian RIEDER,SUI,Switzerland,COL,MF,1,4,3,0.7,0.3,71.0,0.061224489795918366,1.2244897959183674,0.42857142857142855,1.25,0.6,1.9842105263157894,1.8443070175438596,13.372368421052633,0.6508771929824562,0.8759736842105262,2.206578947368421,5.0,1,0,0,0,1,90.0,3,1,0.047151461975822984,0.05483609124438145,0.0698012880883251
2026-M096-SUI-COL,96,2026-07-07,Round of 16,SUI_yvon_mvogo,Yvon MVOGO,SUI,Switzerland,COL,GK,0,4,0,0.1,0.1,1.5399999999999998,0.1,0.5,0.2,0.5,0.2,1.9842105263157894,1.8443070175438596,13.372368421052633,0.6508771929824562,0.8759736842105262,2.206578947368421,5.0,1,0,0,0,0,0.0,0,0,0.0017096479951308474,0.0008387756201264051,0.0013573315221315889
2026-M096-SUI-COL,96,2026-07-07,Round of 16,SUI_marvin_keller,Marvin KELLER,SUI,Switzerland,COL,GK,0,4,0,0.1,0.1,1.5399999999999998,0.1,0.5,0.2,0.5,0.2,1.9842105263157894,1.8443070175438596,13.372368421052633,0.6508771929824562,0.8759736842105262,2.206578947368421,5.0,1,0,0,0,0,0.0,0,0,0.0017096479951308474,0.0008387756201264051,0.0013573315221315889
2026-M096-SUI-COL,96,2026-07-07,Round of 16,SUI_miro_muheim,Miro MUHEIM,SUI,Switzerland,COL,DF,0,4,1,0.3,0.1,0.27,0.09944751381215469,0.4972375690607735,0.19889502762430938,0.5,0.2,1.9842105263157894,1.8443070175438596,13.372368421052633,0.6508771929824562,0.8759736842105262,2.206578947368421,5.0,1,0,0,0,1,19.0,0,0,0.0002982980417259862,0.0023363880197137137,0.0011687101325188638
2026-M096-SUI-COL,96,2026-07-07,Round of 16,SUI_silvan_widmer,Silvan WIDMER,SUI,Switzerland,COL,DF,0,4,3,0.7,0.3,4.465,0.06315789473684211,0.3157894736842105,0.12631578947368421,0.23076923076923078,0.09230769230769231,1.9842105263157894,1.8443070175438596,13.372368421052633,0.6508771929824562,0.8759736842105262,2.206578947368421,5.0,1,0,0,0,1,3.0,0,0,0.0031284295674924856,0.0021618179845607714,0.0017089547018364951
2026-M096-SUI-COL,96,2026-07-07,Round of 16,SUI_johan_manzambi,Johan MANZAMBI,SUI,Switzerland,COL,MF,0,4,4,0.9,0.5,10.105,0.7598944591029023,1.6622691292875988,0.8073878627968337,1.528301886792453,1.0867924528301887,1.9842105263157894,1.8443070175438596,13.372368421052633,0.6508771929824562,0.8759736842105262,2.206578947368421,5.0,1,0,0,0,0,0.0,0,0,0.0817809141393262,0.05050119121672424,0.11280908540811159
2026-M096-SUI-COL,96,2026-07-07,Round of 16,SUI_djibril_sow,Djibril SOW,SUI,Switzerland,COL,MF,0,4,2,0.5,0.3,5.130000000000001,0.06593406593406594,0.32967032967032966,0.13186813186813187,0.2459016393442623,0.09836065573770492,1.9842105263157894,1.8443070175438596,13.372368421052633,0.6508771929824562,0.8759736842105262,2.206578947368421,5.0,1,0,0,0,1,45.0,1,0,0.0037511884065186685,0.005346272663634503,0.0022796647109971048
2026-M096-SUI-COL,96,2026-07-07,Round of 16,SUI_christian_fassnacht,Christian FASSNACHT,SUI,Switzerland,COL,FW,0,4,1,0.3,0.1,1.35,0.0972972972972973,0.4864864864864865,0.1945945945945946,0.47368421052631576,0.18947368421052632,1.9842105263157894,1.8443070175438596,13.372368421052633,0.6508771929824562,0.8759736842105262,2.206578947368421,5.0,1,0,0,0,0,0.0,0,0,0.001458394966426968,0.010792145131837088,0.010123877241598927
2026-M096-SUI-COL,96,2026-07-07,Round of 16,SUI_ruben_vargas,Ruben VARGAS,SUI,Switzerland,COL,FW,0,4,4,0.9,0.7,5.130000000000001,0.4615384615384616,1.4685314685314685,0.9230769230769232,1.2115384615384615,1.1076923076923078,1.9842105263157894,1.8443070175438596,13.372368421052633,0.6508771929824562,0.8759736842105262,2.206578947368421,5.0,1,0,0,0,1,0.0,0,0,0.025964659685796976,0.04969855003783224,0.06412709987619701
2026-M096-SUI-COL,96,2026-07-07,Round of 16,SUI_eray_coemert,Eray COEMERT,SUI,Switzerland,COL,DF,0,4,0,0.1,0.1,1.5399999999999998,0.1,0.5,0.2,0.5,0.2,1.9842105263157894,1.8443070175438596,13.372368421052633,0.6508771929824562,0.8759736842105262,2.206578947368421,5.0,1,0,0,0,0,0.0,0,0,0.0017096479951308474,0.0022052658900791927,0.0011926318976869376
2026-M096-SUI-COL,96,2026-07-07,Round of 16,SUI_noah_okafor,Noah OKAFOR,SUI,Switzerland,COL,FW,0,4,1,0.3,0.1,5.130000000000001,0.09045226130653267,0.9045226130653267,0.18090452261306533,1.238532110091743,0.1651376146788991,1.9842105263157894,1.8443070175438596,13.372368421052633,0.6508771929824562,0.8759736842105262,2.206578947368421,5.0,1,0,0,0,0,0.0,0,0,0.005142510678923684,0.011573622648012259,0.009716271048895218
2026-M096-SUI-COL,96,2026-07-07,Round of 16,SUI_michel_aebischer,Michel AEBISCHER,SUI,Switzerland,COL,MF,0,4,4,0.9,0.5,4.465,0.05357142857142857,0.8035714285714286,0.37499999999999994,0.75,0.1,1.9842105263157894,1.8443070175438596,13.372368421052633,0.6508771929824562,0.8759736842105262,2.206578947368421,5.0,1,0,0,0,0,0.0,0,0,0.002654209436122823,0.011422892007068091,0.007648046556575587
2026-M096-SUI-COL,96,2026-07-07,Round of 16,SUI_zeki_amdouni,Zeki AMDOUNI,SUI,Switzerland,COL,FW,0,4,2,0.5,0.1,4.23,0.09090909090909091,0.9090909090909091,0.18181818181818182,0.4639175257731959,0.18556701030927836,1.9842105263157894,1.8443070175438596,13.372368421052633,0.6508771929824562,0.8759736842105262,2.206578947368421,5.0,1,0,0,0,1,0.0,0,0,0.004263612160304686,0.018136252045916366,0.01049255909457487
2026-M096-SUI-COL,96,2026-07-07,Round of 16,SUI_aurele_amenda,Aurele AMENDA,SUI,Switzerland,COL,DF,0,4,0,0.1,0.1,1.5399999999999998,0.1,0.5,0.2,0.5,0.2,1.9842105263157894,1.8443070175438596,13.372368421052633,0.6508771929824562,0.8759736842105262,2.206578947368421,5.0,1,0,0,0,0,0.0,0,0,0.0017096479951308474,0.0022052658900791927,0.0011926318976869376
2026-M096-SUI-COL,96,2026-07-07,Round of 16,SUI_luca_jaquez,Luca JAQUEZ,SUI,Switzerland,COL,DF,0,4,2,0.5,0.3,1.08,0.06976744186046512,0.3488372093023256,0.13953488372093023,0.26785714285714285,0.10714285714285714,1.9842105263157894,1.8443070175438596,13.372368421052633,0.6508771929824562,0.8759736842105262,2.206578947368421,5.0,1,0,0,0,0,0.0,0,0,0.000836858940399865,0.0020455460056092575,0.0017089547018364951
2026-M096-SUI-COL,96,2026-07-07,Round of 16,SUI_cedric_itten,Cedric ITTEN,SUI,Switzerland,COL,FW,0,4,2,0.5,0.1,1.4100000000000001,0.0967741935483871,0.4838709677419355,0.1935483870967742,0.46875,0.1875,1.9842105263157894,1.8443070175438596,13.372368421052633,0.6508771929824562,0.8759736842105262,2.206578947368421,5.0,1,0,0,0,1,3.0,0,0,0.0015149802892576725,0.011584937697029174,0.010715676111567768
2026-M097-FRA-MAR,97,2026-07-09,Quarter-ﬁnal,FRA_mike_maignan,Mike MAIGNAN,FRA,France,MAR,GK,1,5,5,0.9166666666666666,0.9166666666666666,90.0,0.02857142857142857,0.14285714285714285,0.05714285714285714,0.125,0.05,2.4107142857142856,1.754564732142857,16.021949404761905,0.9464285714285714,0.8299218750000001,2.813244047619048,5.0,1,0,0,0,1,90.0,0,0,0.028167124967018897,0.002683044508267784,0.01933461655915121
2026-M097-FRA-MAR,97,2026-07-09,Quarter-ﬁnal,FRA_lucas_digne,Lucas DIGNE,FRA,France,MAR,DF,1,5,3,0.5833333333333334,0.5833333333333334,86.0,0.0410958904109589,0.410958904109589,0.2876712328767123,0.5232558139534884,0.4186046511627907,2.4107142857142856,1.754564732142857,16.021949404761905,0.9464285714285714,0.8299218750000001,2.813244047619048,5.0,1,0,0,0,1,90.0,1,0,0.03850835774415018,0.007504906928262911,0.023050608913303617
2026-M097-FRA-MAR,97,2026-07-09,Quarter-ﬁnal,FRA_dayot_upamecano,Dayot UPAMECANO,FRA,France,MAR,DF,1,5,5,0.9166666666666666,0.9166666666666666,87.2,0.02922077922077922,0.4383116883116883,0.05844155844155844,0.6502890173410405,0.05202312138728324,2.4107142857142856,1.754564732142857,16.021949404761905,0.9464285714285714,0.8299218750000001,2.813244047619048,5.0,1,0,0,0,1,90.0,1,1,0.02791466805844156,0.007350586500568458,0.018758038315465374
2026-M097-FRA-MAR,97,2026-07-09,Quarter-ﬁnal,FRA_jules_kounde,Jules KOUNDE,FRA,France,MAR,DF,1,5,5,0.9166666666666666,0.9166666666666666,85.0,0.02975206611570248,0.2975206611570248,0.05950413223140496,0.39473684210526316,0.05263157894736842,2.4107142857142856,1.754564732142857,16.021949404761905,0.9464285714285714,0.8299218750000001,2.813244047619048,5.0,1,0,0,0,1,87.0,1,0,0.02770806362693068,0.0070618866198787315,0.018575625612505482
2026-M097-FRA-MAR,97,2026-07-09,Quarter-ﬁnal,FRA_manu_kone,Manu KONE,FRA,France,MAR,MF,1,5,3,0.5833333333333334,0.5833333333333334,90.0,0.04,1.2,0.48,1.5,0.7333333333333334,2.4107142857142856,1.754564732142857,16.021949404761905,0.9464285714285714,0.8299218750000001,2.813244047619048,5.0,1,0,0,0,1,71.0,1,0,0.03921056084767682,0.02626602840589041,0.05385296189279831
2026-M097-FRA-MAR,97,2026-07-09,Quarter-ﬁnal,FRA_ousmane_dembele,Ousmane DEMBELE,FRA,France,MAR,FW,1,4,4,0.9,0.9,76.5,0.2222222222222222,1.8518518518518519,0.4444444444444444,2.420886075949367,0.6265822784810128,2.4107142857142856,1.754564732142857,16.021949404761905,0.9464285714285714,0.8299218750000001,2.813244047619048,5.0,1,1,1,1,1,90.0,4,1,0.17212151191676217,0.09118688955173478,0.08522332076437879
2026-M097-FRA-MAR,97,2026-07-09,Quarter-ﬁnal,FRA_kylian_mbappe,Kylian MBAPPE,FRA,France,MAR,FW,1,5,5,0.9166666666666666,0.9166666666666666,88.4,0.8971061093247589,3.9067524115755625,2.5176848874598066,3.7073863636363638,2.607954545454545,2.4107142857142856,1.754564732142857,16.021949404761905,0.9464285714285714,0.8299218750000001,2.813244047619048,5.0,1,1,1,1,1,77.0,4,2,0.5856969450943732,0.8705666678969346,0.47839641647292297
2026-M097-FRA-MAR,97,2026-07-09,Quarter-ﬁnal,FRA_michael_olise,Michael OLISE,FRA,France,MAR,FW,1,5,5,0.9166666666666666,0.9166666666666666,79.6,0.031141868512110725,2.3356401384083045,0.8408304498269897,2.590909090909091,0.8727272727272727,2.4107142857142856,1.754564732142857,16.021949404761905,0.9464285714285714,0.8299218750000001,2.813244047619048,5.0,1,0,0,0,1,90.0,3,0,0.027167395891320223,0.11969272014879537,0.1246829617032806
2026-M097-FRA-MAR,97,2026-07-09,Quarter-ﬁnal,FRA_adrien_rabiot,Adrien RABIOT,FRA,France,MAR,MF,1,5,4,0.75,0.75,90.0,0.03333333333333333,1.1666666666666667,0.2333333333333333,1.8333333333333333,0.4,2.4107142857142856,1.754564732142857,16.021949404761905,0.9464285714285714,0.8299218750000001,2.813244047619048,5.0,1,0,0,0,1,90.0,1,0,0.0327838995179941,0.021202186817482545,0.050629668732904025
2026-M097-FRA-MAR,97,2026-07-09,Quarter-ﬁnal,FRA_william_saliba,William SALIBA,FRA,France,MAR,DF,1,5,4,0.75,0.75,90.0,0.03333333333333333,0.3333333333333333,0.06666666666666667,0.16666666666666666,0.06666666666666667,2.4107142857142856,1.754564732142857,16.021949404761905,0.9464285714285714,0.8299218750000001,2.813244047619048,5.0,1,0,0,0,1,90.0,0,0,0.0327838995179941,0.008264261202979883,0.019522909393659728
2026-M097-FRA-MAR,97,2026-07-09,Quarter-ﬁnal,FRA_desire_doue,Desire DOUE,FRA,France,MAR,FW,1,5,5,0.9166666666666666,0.4166666666666667,88.5,0.04245283018867924,1.9103773584905661,1.1462264150943398,2.611607142857143,1.6875,2.4107142857142856,1.754564732142857,16.021949404761905,0.9464285714285714,0.8299218750000001,2.813244047619048,5.0,1,0,0,0,1,77.0,3,2,0.04088594790297728,0.07311659725321261,0.1981715358404696
2026-M097-FRA-MAR,97,2026-07-09,Quarter-ﬁnal,FRA_brice_samba,Brice SAMBA,FRA,France,MAR,GK,0,5,0,0.08333333333333333,0.08333333333333333,1.2833333333333332,0.1,0.5,0.2,0.5,0.2,2.4107142857142856,1.754564732142857,16.021949404761905,0.9464285714285714,0.8299218750000001,2.813244047619048,5.0,1,0,0,0,0,0.0,0,0,0.0014249097765947072,0.000535050373483692,0.0012643782513076704
2026-M097-FRA-MAR,97,2026-07-09,Quarter-ﬁnal,FRA_robin_risser,Robin RISSER,FRA,France,MAR,GK,0,5,0,0.08333333333333333,0.08333333333333333,1.2833333333333332,0.1,0.5,0.2,0.5,0.2,2.4107142857142856,1.754564732142857,16.021949404761905,0.9464285714285714,0.8299218750000001,2.813244047619048,5.0,1,0,0,0,0,0.0,0,0,0.0014249097765947072,0.000535050373483692,0.0012643782513076704
2026-M097-FRA-MAR,97,2026-07-09,Quarter-ﬁnal,FRA_malo_gusto,Malo GUSTO,FRA,France,MAR,DF,0,5,3,0.5833333333333334,0.08333333333333333,4.652777777777779,0.08780487804878048,0.43902439024390244,0.17560975609756097,0.4166666666666667,0.16666666666666666,2.4107142857142856,1.754564732142857,16.021949404761905,0.9464285714285714,0.8299218750000001,2.813244047619048,5.0,1,0,0,0,1,3.0,0,0,0.004529008362797349,0.0017292789094422213,0.0009640768694312998
2026-M097-FRA-MAR,97,2026-07-09,Quarter-ﬁnal,FRA_aurelien_tchouameni,Aurelien TCHOUAMENI,FRA,France,MAR,MF,0,5,3,0.5833333333333334,0.5833333333333334,1.2833333333333332,0.04,0.6,0.08,0.8333333333333334,0.06666666666666667,2.4107142857142856,1.754564732142857,16.021949404761905,0.9464285714285714,0.8299218750000001,2.813244047619048,5.0,1,0,0,0,0,0.0,0,0,0.000570207740111961,0.002831107823076206,0.008274690511517748
2026-M097-FRA-MAR,97,2026-07-09,Quarter-ﬁnal,FRA_marcus_thuram,Marcus THURAM,FRA,France,MAR,FW,0,5,1,0.25,0.08333333333333333,0.0,0.1,0.5,0.2,0.5,0.2,2.4107142857142856,1.754564732142857,16.021949404761905,0.9464285714285714,0.8299218750000001,2.813244047619048,5.0,1,0,0,0,0,0.0,0,0,0.0,0.0069107531486344576,0.012189798121502223
2026-M097-FRA-MAR,97,2026-07-09,Quarter-ﬁnal,FRA_bradley_barcola,Bradley BARCOLA,FRA,France,MAR,FW,0,5,5,0.9166666666666666,0.5833333333333334,6.854166666666667,0.4409799554565702,1.4031180400890868,0.6815144766146993,1.5225563909774436,0.7443609022556392,2.4107142857142856,1.754564732142857,16.021949404761905,0.9464285714285714,0.8299218750000001,2.813244047619048,5.0,1,0,0,0,1,13.0,1,1,0.033026211724393684,0.029231800638778296,0.05255149081768563
2026-M097-FRA-MAR,97,2026-07-09,Quarter-ﬁnal,FRA_ngolo_kante,Ngolo KANTE,FRA,France,MAR,MF,0,5,0,0.08333333333333333,0.08333333333333333,1.2833333333333332,0.1,0.5,0.2,0.5,0.2,2.4107142857142856,1.754564732142857,16.021949404761905,0.9464285714285714,0.8299218750000001,2.813244047619048,5.0,1,0,0,0,0,0.0,0,0,0.0014249097765947072,0.0036507762652695725,0.0017361813436691767
2026-M097-FRA-MAR,97,2026-07-09,Quarter-ﬁnal,FRA_ibrahima_konate,Ibrahima KONATE,FRA,France,MAR,DF,0,5,1,0.25,0.08333333333333333,3.15,0.09278350515463918,0.4639175257731959,0.18556701030927836,0.4326923076923077,0.17307692307692307,2.4107142857142856,1.754564732142857,16.021949404761905,0.9464285714285714,0.8299218750000001,2.813244047619048,5.0,1,0,0,0,0,0.0,0,0,0.00324215550650242,0.0015132923199114147,0.0009741678499827494
2026-M097-FRA-MAR,97,2026-07-09,Quarter-ﬁnal,FRA_warren_zaire_emery,Warren ZAIRE-EMERY,FRA,France,MAR,MF,0,5,0,0.08333333333333333,0.08333333333333333,1.2833333333333332,0.1,0.5,0.2,0.5,0.2,2.4107142857142856,1.754564732142857,16.021949404761905,0.9464285714285714,0.8299218750000001,2.813244047619048,5.0,1,0,0,0,1,19.0,0,0,0.0014249097765947072,0.0036507762652695725,0.0017361813436691767
2026-M097-FRA-MAR,97,2026-07-09,Quarter-ﬁnal,FRA_theo_hernandez,Theo HERNANDEZ,FRA,France,MAR,DF,0,5,3,0.5833333333333334,0.4166666666666667,2.7,0.04838709677419355,0.967741935483871,0.0967741935483871,1.171875,0.09375,2.4107142857142856,1.754564732142857,16.021949404761905,0.9464285714285714,0.8299218750000001,2.813244047619048,5.0,1,0,0,0,0,0.0,0,0,0.0014505598228320427,0.0014821880745842927,0.007395196125962048
2026-M097-FRA-MAR,97,2026-07-09,Quarter-ﬁnal,FRA_lucas_hernandez,Lucas HERNANDEZ,FRA,France,MAR,DF,0,5,0,0.08333333333333333,0.08333333333333333,1.2833333333333332,0.1,0.5,0.2,0.5,0.2,2.4107142857142856,1.754564732142857,16.021949404761905,0.9464285714285714,0.8299218750000001,2.813244047619048,5.0,1,0,0,0,0,0.0,0,0,0.0014249097765947072,0.0013992238358744506,0.0010394622789950908
2026-M097-FRA-MAR,97,2026-07-09,Quarter-ﬁnal,FRA_jean_philippe_mateta,Jean-Philippe MATETA,FRA,France,MAR,FW,0,5,2,0.4166666666666667,0.08333333333333333,1.5666666666666667,0.09574468085106383,0.9574468085106383,0.19148936170212766,1.3775510204081634,0.1836734693877551,2.4107142857142856,1.754564732142857,16.021949404761905,0.9464285714285714,0.8299218750000001,2.813244047619048,5.0,1,0,0,0,1,13.0,2,1,0.0016652785490612887,0.0081473914059309,0.007736979142646344
2026-M097-FRA-MAR,97,2026-07-09,Quarter-ﬁnal,FRA_rayan_cherki,Rayan CHERKI,FRA,France,MAR,MF,0,5,5,0.9166666666666666,0.08333333333333333,10.878333333333332,0.07468879668049792,0.37344398340248963,0.14937759336099585,0.35714285714285715,0.14285714285714285,2.4107142857142856,1.754564732142857,16.021949404761905,0.9464285714285714,0.8299218750000001,2.813244047619048,5.0,1,0,0,0,0,0.0,0,0,0.008987035519552378,0.005060822756352291,0.008909634002710401
2026-M097-FRA-MAR,97,2026-07-09,Quarter-ﬁnal,FRA_maghnes_akliouche,Maghnes AKLIOUCHE,FRA,France,MAR,MF,0,5,1,0.25,0.08333333333333333,1.575,0.0962566844919786,0.48128342245989303,0.1925133689839572,0.5,0.2,2.4107142857142856,1.754564732142857,16.021949404761905,0.9464285714285714,0.8299218750000001,2.813244047619048,5.0,1,0,0,0,0,0.0,0,0,0.0016830740182892656,0.0038111177899953943,0.0020268942662170293
2026-M097-FRA-MAR,97,2026-07-09,Quarter-ﬁnal,FRA_maxence_lacroix,Maxence LACROIX,FRA,France,MAR,DF,0,5,1,0.25,0.25,1.2833333333333332,0.06666666666666667,0.3333333333333333,0.13333333333333333,0.25,0.1,2.4107142857142856,1.754564732142857,16.021949404761905,0.9464285714285714,0.8299218750000001,2.813244047619048,5.0,1,0,0,0,0,0.0,0,0,0.0009501655904808892,0.0012253059443463718,0.0009866991783035513
2026-M097-FRA-MAR,97,2026-07-09,Quarter-ﬁnal,MAR_yassine_bounou,Yassine BOUNOU,MAR,Morocco,FRA,GK,1,5,5,0.9166666666666666,0.9166666666666666,90.0,0.02857142857142857,0.14285714285714285,0.05714285714285714,0.125,0.05,1.8035714285714286,1.222421875,12.200520833333332,0.6964285714285714,0.8374218750000001,2.5989583333333335,5.0,1,0,0,0,1,90.0,0,0,0.028167124967018897,0.0026469263349882515,0.019532021921277145
2026-M097-FRA-MAR,97,2026-07-09,Quarter-ﬁnal,MAR_achraf_hakimi,Achraf HAKIMI,MAR,Morocco,FRA,DF,1,5,5,0.9166666666666666,0.9166666666666666,90.0,0.17142857142857143,2.0,0.6285714285714287,2.125,1.05,1.8035714285714286,1.222421875,12.200520833333332,0.6964285714285714,0.8374218750000001,2.5989583333333335,5.0,1,0,0,0,1,90.0,1,0,0.15753955838322864,0.018035522456819525,0.059462881937186796
2026-M097-FRA-MAR,97,2026-07-09,Quarter-ﬁnal,MAR_noussair_mazraoui,Noussair MAZRAOUI,MAR,Morocco,FRA,DF,1,5,5,0.9166666666666666,0.75,87.5,0.0335195530726257,0.16759776536312848,0.0670391061452514,0.1624548736462094,0.06498194945848375,1.8035714285714286,1.222421875,12.200520833333332,0.6964285714285714,0.8374218750000001,2.5989583333333335,5.0,1,0,0,0,1,90.0,0,0,0.032063172203728785,0.007577566636058584,0.025387803880823887
2026-M097-FRA-MAR,97,2026-07-09,Quarter-ﬁnal,MAR_ayyoub_bouaddi,Ayyoub BOUADDI,MAR,Morocco,FRA,MF,1,5,4,0.75,0.75,80.5,0.035856573705179286,0.7171314741035857,0.07171314741035857,0.9698275862068966,0.07758620689655173,1.8035714285714286,1.222421875,12.200520833333332,0.6964285714285714,0.8374218750000001,2.5989583333333335,5.0,1,0,0,0,1,62.0,0,0,0.03156287008574454,0.02072636041720972,0.03277082407970231
2026-M097-FRA-MAR,97,2026-07-09,Quarter-ﬁnal,MAR_chemsdine_talbi,Chemsdine TALBI,MAR,Morocco,FRA,MF,1,5,4,0.75,0.08333333333333333,80.0,0.07468879668049792,1.120331950207469,0.14937759336099585,0.375,0.15,1.8035714285714286,1.222421875,12.200520833333332,0.6964285714285714,0.8374218750000001,2.5989583333333335,5.0,1,0,0,0,1,85.0,0,0,0.06423419439041433,0.05856077144698786,0.06918485740956026
2026-M097-FRA-MAR,97,2026-07-09,Quarter-ﬁnal,MAR_azzedine_ounahi,Azzedine OUNAHI,MAR,Morocco,FRA,MF,1,4,4,0.9,0.7,80.33333333333333,0.04081632653061224,0.6122448979591837,0.08163265306122448,0.7867132867132867,0.06293706293706294,1.8035714285714286,1.222421875,12.200520833333332,0.6964285714285714,0.8374218750000001,2.5989583333333335,10.0,1,0,0,0,1,90.0,1,1,0.03577667929470363,0.022593530198939605,0.03467785147941112
2026-M097-FRA-MAR,97,2026-07-09,Quarter-ﬁnal,MAR_brahim_diaz,Brahim DIAZ,MAR,Morocco,FRA,FW,1,5,5,0.9166666666666666,0.9166666666666666,77.6,0.03169014084507042,0.9507042253521126,0.22183098591549294,0.41033434650455924,0.0547112462006079,1.8035714285714286,1.222421875,12.200520833333332,0.6964285714285714,0.8374218750000001,2.5989583333333335,5.0,1,0,0,0,1,74.0,1,0,0.026954021614159274,0.07125954937432125,0.09636390817289944
2026-M097-FRA-MAR,97,2026-07-09,Quarter-ﬁnal,MAR_issa_diop,Issa DIOP,MAR,Morocco,FRA,DF,1,5,4,0.75,0.75,89.25,0.0335195530726257,0.33519553072625696,0.23463687150837986,0.5056179775280899,0.4044943820224719,1.8035714285714286,1.222421875,12.200520833333332,0.6964285714285714,0.8374218750000001,2.5989583333333335,5.0,1,0,0,0,1,90.0,0,0,0.032693837960213634,0.006330523029429961,0.02358980577670058
2026-M097-FRA-MAR,97,2026-07-09,Quarter-ﬁnal,MAR_bilal_el_khannouss,Bilal EL KHANNOUSS,MAR,Morocco,FRA,MF,1,5,5,0.9166666666666666,0.9166666666666666,80.8,0.030821917808219176,1.0787671232876712,0.678082191780822,0.9545454545454546,0.8727272727272727,1.8035714285714286,1.222421875,12.200520833333332,0.6964285714285714,0.8374218750000001,2.5989583333333335,5.0,1,0,0,0,1,62.0,0,0,0.027291891315251893,0.03193768704713282,0.05420375139158471
2026-M097-FRA-MAR,97,2026-07-09,Quarter-ﬁnal,MAR_neil_el_aynaoui,Neil EL AYNAOUI,MAR,Morocco,FRA,MF,1,5,5,0.9166666666666666,0.9166666666666666,88.6,0.028892455858747994,1.0112359550561798,0.3467094703049759,0.6373937677053825,0.5609065155807367,1.8035714285714286,1.222421875,12.200520833333332,0.6964285714285714,0.8374218750000001,2.5989583333333335,5.0,1,0,0,0,1,90.0,1,0,0.028042323005583514,0.027591204844454775,0.039385397346872755
2026-M097-FRA-MAR,97,2026-07-09,Quarter-ﬁnal,MAR_anass_salah_eddine,Anass SALAH EDDINE,MAR,Morocco,FRA,DF,1,5,3,0.5833333333333334,0.25,83.0,0.0627177700348432,0.627177700348432,0.1254355400696864,0.7219251336898396,0.0962566844919786,1.8035714285714286,1.222421875,12.200520833333332,0.6964285714285714,0.8374218750000001,2.5989583333333335,5.0,1,0,0,0,1,74.0,0,0,0.056198793411809,0.011516089569487124,0.021381721456170663
2026-M097-FRA-MAR,97,2026-07-09,Quarter-ﬁnal,MAR_munir_el_kajoui,Munir EL KAJOUI,MAR,Morocco,FRA,GK,0,5,0,0.08333333333333333,0.08333333333333333,1.2833333333333332,0.1,0.5,0.2,0.5,0.2,1.8035714285714286,1.222421875,12.200520833333332,0.6964285714285714,0.8374218750000001,2.5989583333333335,5.0,1,0,0,0,0,0.0,0,0,0.0014249097765947072,0.0005278324155609709,0.00148410656567151
2026-M097-FRA-MAR,97,2026-07-09,Quarter-ﬁnal,MAR_ahmed_reda_tagnaouti,Ahmed Reda TAGNAOUTI,MAR,Morocco,FRA,GK,0,5,0,0.08333333333333333,0.08333333333333333,1.2833333333333332,0.1,0.5,0.2,0.5,0.2,1.8035714285714286,1.222421875,12.200520833333332,0.6964285714285714,0.8374218750000001,2.5989583333333335,5.0,1,0,0,0,0,0.0,0,0,0.0014249097765947072,0.0005278324155609709,0.00148410656567151
2026-M097-FRA-MAR,97,2026-07-09,Quarter-ﬁnal,MAR_sofyan_amrabat,Sofyan AMRABAT,MAR,Morocco,FRA,MF,0,5,2,0.4166666666666667,0.25,6.075,0.06060606060606061,0.30303030303030304,0.12121212121212122,0.21739130434782608,0.08695652173913043,1.8035714285714286,1.222421875,12.200520833333332,0.6964285714285714,0.8374218750000001,2.5989583333333335,5.0,1,0,0,0,1,28.0,0,0,0.004082552721247246,0.003403373797162077,0.0020201583890018765
2026-M097-FRA-MAR,97,2026-07-09,Quarter-ﬁnal,MAR_marwane_saadane,Marwane SAADANE,MAR,Morocco,FRA,DF,0,5,1,0.25,0.08333333333333333,0.675,0.09836065573770492,0.4918032786885246,0.19672131147540983,0.4838709677419355,0.1935483870967742,1.8035714285714286,1.222421875,12.200520833333332,0.6964285714285714,0.8374218750000001,2.5989583333333335,5.0,1,0,0,0,0,0.0,0,0,0.0007374328806583064,0.0014881156344681297,0.0012591905933589307
2026-M097-FRA-MAR,97,2026-07-09,Quarter-ﬁnal,MAR_soufiane_rahimi,Souﬁane RAHIMI,MAR,Morocco,FRA,FW,0,5,5,0.9166666666666666,0.08333333333333333,17.655,0.3870967741935484,1.935483870967742,1.096774193548387,2.71978021978022,1.5824175824175823,1.8035714285714286,1.222421875,12.200520833333332,0.6964285714285714,0.8374218750000001,2.5989583333333335,5.0,1,0,0,0,1,28.0,0,0,0.07312399691774685,0.027034124998157678,0.06259395667100649
2026-M097-FRA-MAR,97,2026-07-09,Quarter-ﬁnal,MAR_ismael_saibari,Ismael SAIBARI,MAR,Morocco,FRA,MF,0,5,5,0.9166666666666666,0.9166666666666666,1.2833333333333332,0.5383177570093458,1.8504672897196262,0.5719626168224299,1.8198529411764706,0.39705882352941174,1.8035714285714286,1.222421875,12.200520833333332,0.6964285714285714,0.8374218750000001,2.5989583333333335,5.0,1,0,0,0,0,0.0,0,0,0.007646627112911197,0.02795532207224842,0.07688484337187841
2026-M097-FRA-MAR,97,2026-07-09,Quarter-ﬁnal,MAR_zakaria_el_ouahdi,Zakaria EL OUAHDI,MAR,Morocco,FRA,DF,0,5,0,0.08333333333333333,0.08333333333333333,1.2833333333333332,0.1,0.5,0.2,0.5,0.2,1.8035714285714286,1.222421875,12.200520833333332,0.6964285714285714,0.8374218750000001,2.5989583333333335,5.0,1,0,0,0,1,16.0,0,0,0.0014249097765947072,0.0013803640713583242,0.0012591905933589307
2026-M097-FRA-MAR,97,2026-07-09,Quarter-ﬁnal,MAR_samir_el_mourabet,Samir EL MOURABET,MAR,Morocco,FRA,MF,0,5,5,0.9166666666666666,0.08333333333333333,8.203333333333331,0.07964601769911504,0.39823008849557523,0.1592920353982301,0.40540540540540543,0.16216216216216217,1.8035714285714286,1.222421875,12.200520833333332,0.6964285714285714,0.8374218750000001,2.5989583333333335,5.0,1,0,0,0,0,0.0,0,0,0.0072332998685471495,0.004951692017182581,0.009249502770011726
2026-M097-FRA-MAR,97,2026-07-09,Quarter-ﬁnal,MAR_gessime_yassine,Gessime YASSINE,MAR,Morocco,FRA,MF,0,5,2,0.4166666666666667,0.08333333333333333,6.070833333333333,0.5118483412322274,0.8530805687203792,0.5971563981042654,1.115702479338843,0.8925619834710744,1.8035714285714286,1.222421875,12.200520833333332,0.6964285714285714,0.8374218750000001,2.5989583333333335,5.0,1,0,0,0,1,16.0,1,0,0.033936842382784604,0.009687289232998332,0.03161648407493798
2026-M097-FRA-MAR,97,2026-07-09,Quarter-ﬁnal,MAR_amine_sbai,Amine SBAI,MAR,Morocco,FRA,FW,0,5,0,0.08333333333333333,0.08333333333333333,1.2833333333333332,0.1,0.5,0.2,0.5,0.2,1.8035714285714286,1.222421875,12.200520833333332,0.6964285714285714,0.8374218750000001,2.5989583333333335,5.0,1,0,0,0,1,5.0,0,0,0.0014249097765947072,0.006337204090927258,0.014654523077582915
2026-M097-FRA-MAR,97,2026-07-09,Quarter-ﬁnal,MAR_chadi_riad,Chadi RIAD,MAR,Morocco,FRA,DF,0,5,4,0.75,0.75,1.2833333333333332,0.034220532319391636,0.34220532319391633,0.06844106463878327,0.52734375,0.0703125,1.8035714285714286,1.222421875,12.200520833333332,0.6964285714285714,0.8374218750000001,2.5989583333333335,5.0,1,0,0,0,0,0.0,0,0,0.00048784040948524066,0.0009067463771106801,0.009930109291662275
2026-M097-FRA-MAR,97,2026-07-09,Quarter-ﬁnal,MAR_youssef_belammari,Youssef BELAMMARI,MAR,Morocco,FRA,DF,0,5,0,0.08333333333333333,0.08333333333333333,1.2833333333333332,0.1,0.5,0.2,0.5,0.2,1.8035714285714286,1.222421875,12.200520833333332,0.6964285714285714,0.8374218750000001,2.5989583333333335,5.0,1,0,0,0,0,0.0,0,0,0.0014249097765947072,0.0013803640713583242,0.0012591905933589307
2026-M097-FRA-MAR,97,2026-07-09,Quarter-ﬁnal,MAR_ayoub_el_kaabi,Ayoub EL KAABI,MAR,Morocco,FRA,FW,0,5,1,0.25,0.25,1.2833333333333332,0.072,1.44,0.864,1.96875,1.2375000000000003,1.8035714285714286,1.222421875,12.200520833333332,0.6964285714285714,0.8374218750000001,2.5989583333333335,5.0,1,0,0,0,0,0.0,0,0,0.0010261398247568554,0.007224627071496329,0.01592529844527705
2026-M097-FRA-MAR,97,2026-07-09,Quarter-ﬁnal,MAR_ayoube_amaimouni,Ayoube AMAIMOUNI,MAR,Morocco,FRA,FW,0,5,2,0.4166666666666667,0.08333333333333333,3.1333333333333333,0.09183673469387756,1.3775510204081634,0.6428571428571428,0.5,0.2,1.8035714285714286,1.222421875,12.200520833333332,0.6964285714285714,0.8374218750000001,2.5989583333333335,5.0,1,0,0,0,0,0.0,0,0,0.003192173058407244,0.039089525802189225,0.01813861747097673
2026-M097-FRA-MAR,97,2026-07-09,Quarter-ﬁnal,MAR_redouane_halhal,Redouane HALHAL,MAR,Morocco,FRA,DF,0,5,2,0.4166666666666667,0.4166666666666667,1.2833333333333332,0.05,0.25,0.1,0.16666666666666666,0.06666666666666667,1.8035714285714286,1.222421875,12.200520833333332,0.6964285714285714,0.8374218750000001,2.5989583333333335,5.0,1,0,0,0,0,0.0,0,0,0.0007127088652606473,0.0010823252893811895,0.0033800246722697027
2026-M098-ESP-BEL,98,2026-07-10,Quarter-ﬁnal,BEL_thibaut_courtois,Thibaut COURTOIS,BEL,Belgium,ESP,GK,1,5,5,0.9166666666666666,0.9166666666666666,90.0,0.02857142857142857,0.14285714285714285,0.05714285714285714,0.125,0.05,2.159425625920471,1.7613291605301915,18.061855670103093,0.40942562592047127,0.5877577319587629,2.028718703976436,4.0,1,0,0,0,1,71.0,0,0,0.028167124967018897,0.0026152487030692492,0.02669048061661017
2026-M098-ESP-BEL,98,2026-07-10,Quarter-ﬁnal,BEL_brandon_mechele,Brandon MECHELE,BEL,Belgium,ESP,DF,1,5,5,0.9166666666666666,0.9166666666666666,90.0,0.02857142857142857,0.8571428571428571,0.19999999999999998,0.625,0.05,2.159425625920471,1.7613291605301915,18.061855670103093,0.40942562592047127,0.5877577319587629,2.028718703976436,4.0,1,0,0,0,1,90.0,0,0,0.028167124967018897,0.014405004899446296,0.017441114073594794
2026-M098-ESP-BEL,98,2026-07-10,Quarter-ﬁnal,BEL_maxim_de_cuyper,Maxim DE CUYPER,BEL,Belgium,ESP,DF,1,5,5,0.9166666666666666,0.75,87.0,0.03202846975088968,1.601423487544484,1.0249110320284698,1.1637931034482758,0.5689655172413793,2.159425625920471,1.7613291605301915,18.061855670103093,0.40942562592047127,0.5877577319587629,2.028718703976436,4.0,1,0,0,0,1,61.0,1,0,0.03048647518006986,0.06025657124136744,0.13963603860443696
2026-M098-ESP-BEL,98,2026-07-10,Quarter-ﬁnal,BEL_kevin_de_bruyne,Kevin DE BRUYNE,BEL,Belgium,ESP,MF,1,5,4,0.75,0.75,75.25,0.22453222453222454,3.555093555093555,0.8232848232848234,3.9220183486238533,0.9082568807339451,2.159425625920471,1.7613291605301915,18.061855670103093,0.40942562592047127,0.5877577319587629,2.028718703976436,4.0,1,0,0,0,1,86.0,2,1,0.17116475888775995,0.15758548970505024,0.14095709676323565
2026-M098-ESP-BEL,98,2026-07-10,Quarter-ﬁnal,BEL_leandro_trossard,Leandro TROSSARD,BEL,Belgium,ESP,FW,1,5,5,0.9166666666666666,0.9166666666666666,86.2,0.3240589198036007,2.504091653027823,0.6481178396072014,3.2991202346041058,0.844574780058651,2.159425625920471,1.7613291605301915,18.061855670103093,0.40942562592047127,0.5877577319587629,2.028718703976436,4.0,1,0,0,0,1,60.0,0,0,0.26682908477935163,0.14379224957843917,0.144293905554299
2026-M098-ESP-BEL,98,2026-07-10,Quarter-ﬁnal,BEL_jeremy_doku,Jeremy DOKU,BEL,Belgium,ESP,FW,1,5,4,0.75,0.5833333333333334,66.0,0.04488778054862843,0.8977556109725686,0.31421446384039897,1.0,0.48,2.159425625920471,1.7613291605301915,18.061855670103093,0.40942562592047127,0.5877577319587629,2.028718703976436,4.0,1,0,0,0,1,90.0,0,0,0.032381814260644015,0.04034507601442336,0.12018769082386875
2026-M098-ESP-BEL,98,2026-07-10,Quarter-ﬁnal,BEL_charles_de_ketelaere,Charles DE KETELAERE,BEL,Belgium,ESP,FW,1,5,4,0.75,0.75,65.75,0.44695259593679465,1.0158013544018059,0.8939051918735893,1.411149825783972,1.3170731707317074,2.159425625920471,1.7613291605301915,18.061855670103093,0.40942562592047127,0.5877577319587629,2.028718703976436,4.0,1,1,1,1,1,90.0,2,1,0.27857272444611714,0.08101678199430404,0.14939136336094183
2026-M098-ESP-BEL,98,2026-07-10,Quarter-ﬁnal,BEL_hans_vanaken,Hans VANAKEN,BEL,Belgium,ESP,MF,1,5,5,0.9166666666666666,0.4166666666666667,76.5,0.2465753424657534,1.2328767123287672,0.2876712328767123,1.0096153846153846,0.34615384615384615,2.159425625920471,1.7613291605301915,18.061855670103093,0.40942562592047127,0.5877577319587629,2.028718703976436,4.0,1,0,0,0,1,60.0,0,0,0.1890825687583627,0.06559351249812206,0.10851927081501225
2026-M098-ESP-BEL,98,2026-07-10,Quarter-ﬁnal,BEL_timothy_castagne,Timothy CASTAGNE,BEL,Belgium,ESP,DF,1,5,5,0.9166666666666666,0.75,81.5,0.03345724907063197,0.6691449814126395,0.23420074349442377,0.875,0.3,2.159425625920471,1.7613291605301915,18.061855670103093,0.40942562592047127,0.5877577319587629,2.028718703976436,4.0,1,0,0,0,1,90.0,0,0,0.029843031877122783,0.00890214373322271,0.021895907414731054
2026-M098-ESP-BEL,98,2026-07-10,Quarter-ﬁnal,BEL_nicolas_raskin,Nicolas RASKIN,BEL,Belgium,ESP,MF,1,5,5,0.9166666666666666,0.4166666666666667,73.5,0.045,0.45,0.31499999999999995,0.6192660550458715,0.4954128440366973,2.159425625920471,1.7613291605301915,18.061855670103093,0.40942562592047127,0.5877577319587629,2.028718703976436,4.0,1,0,0,0,1,90.0,0,0,0.036082915499720314,0.02167191940211141,0.06284452513553136
2026-M098-ESP-BEL,98,2026-07-10,Quarter-ﬁnal,BEL_nathan_ngoy,Nathan NGOY,BEL,Belgium,ESP,DF,1,4,3,0.7,0.7,90.0,0.04,0.4,0.08,0.5,0.06666666666666667,2.159425625920471,1.7613291605301915,18.061855670103093,0.40942562592047127,0.5877577319587629,2.028718703976436,4.0,1,0,0,0,1,90.0,0,0,0.03921056084767682,0.00958308442508777,0.01921489781598443
2026-M098-ESP-BEL,98,2026-07-10,Quarter-ﬁnal,BEL_senne_lammens,Senne LAMMENS,BEL,Belgium,ESP,GK,0,5,0,0.08333333333333333,0.08333333333333333,1.2833333333333332,0.1,0.5,0.2,0.5,0.2,2.159425625920471,1.7613291605301915,18.061855670103093,0.40942562592047127,0.5877577319587629,2.028718703976436,4.0,1,0,0,0,1,19.0,0,0,0.0014249097765947072,0.00049936434203033,0.0016648551919288366
2026-M098-ESP-BEL,98,2026-07-10,Quarter-ﬁnal,BEL_mike_penders,Mike PENDERS,BEL,Belgium,ESP,GK,0,5,0,0.08333333333333333,0.08333333333333333,1.2833333333333332,0.1,0.5,0.2,0.5,0.2,2.159425625920471,1.7613291605301915,18.061855670103093,0.40942562592047127,0.5877577319587629,2.028718703976436,4.0,1,0,0,0,0,0.0,0,0,0.0014249097765947072,0.00049936434203033,0.0016648551919288366
2026-M098-ESP-BEL,98,2026-07-10,Quarter-ﬁnal,BEL_zeno_debast,Zeno DEBAST,BEL,Belgium,ESP,DF,0,5,0,0.08333333333333333,0.08333333333333333,1.2833333333333332,0.1,0.5,0.2,0.5,0.2,2.159425625920471,1.7613291605301915,18.061855670103093,0.40942562592047127,0.5877577319587629,2.028718703976436,4.0,1,0,0,0,0,0.0,0,0,0.0014249097765947072,0.0013318031568137227,0.0012480814927728567
2026-M098-ESP-BEL,98,2026-07-10,Quarter-ﬁnal,BEL_arthur_theate,Arthur THEATE,BEL,Belgium,ESP,DF,0,5,3,0.5833333333333334,0.4166666666666667,3.825,0.04774535809018567,1.4323607427055702,0.3342175066312997,1.8333333333333333,0.4,2.159425625920471,1.7613291605301915,18.061855670103093,0.40942562592047127,0.5877577319587629,2.028718703976436,4.0,1,0,0,0,0,0.0,0,0,0.0020271203295636475,0.0018266237444974469,0.036841405869979985
2026-M098-ESP-BEL,98,2026-07-10,Quarter-ﬁnal,BEL_axel_witsel,Axel WITSEL,BEL,Belgium,ESP,MF,0,5,1,0.25,0.08333333333333333,0.225,0.09944751381215469,0.4972375690607735,0.19889502762430938,0.4945054945054945,0.1978021978021978,2.159425625920471,1.7613291605301915,18.061855670103093,0.40942562592047127,0.5877577319587629,2.028718703976436,4.0,1,0,0,0,1,30.0,0,0,0.00024858788144144217,0.003758311805030496,0.002203240932560614
2026-M098-ESP-BEL,98,2026-07-10,Quarter-ﬁnal,BEL_youri_tielemans,Youri TIELEMANS,BEL,Belgium,ESP,MF,0,5,5,0.9166666666666666,0.9166666666666666,1.2833333333333332,0.1728,1.584,0.3456,1.647887323943662,0.30422535211267604,2.159425625920471,1.7613291605301915,18.061855670103093,0.40942562592047127,0.5877577319587629,2.028718703976436,4.0,1,0,0,0,0,0.0,0,0,0.0024609668437437504,0.008012392576985739,0.04767266296296952
2026-M098-ESP-BEL,98,2026-07-10,Quarter-ﬁnal,BEL_romelu_lukaku,Romelu LUKAKU,BEL,Belgium,ESP,FW,0,5,5,0.9166666666666666,0.25,17.58125,0.5657142857142858,1.8,0.8742857142857143,1.9325153374233128,1.7668711656441718,2.159425625920471,1.7613291605301915,18.061855670103093,0.40942562592047127,0.5877577319587629,2.028718703976436,4.0,1,0,0,0,1,30.0,0,0,0.1046232631840871,0.02109080157976245,0.08191784053109102
2026-M098-ESP-BEL,98,2026-07-10,Quarter-ﬁnal,BEL_dodi_lukebakio,Dodi LUKEBAKIO,BEL,Belgium,ESP,FW,0,5,3,0.5833333333333334,0.25,12.925,0.05750798722044728,2.3003194888178915,0.40255591054313095,2.5916230366492146,0.09424083769633508,2.159425625920471,1.7613291605301915,18.061855670103093,0.40942562592047127,0.5877577319587629,2.028718703976436,4.0,1,0,0,0,0,0.0,0,0,0.008224775861597866,0.02799591021048319,0.05799025596007933
2026-M098-ESP-BEL,98,2026-07-10,Quarter-ﬁnal,BEL_thomas_meunier,Thomas MEUNIER,BEL,Belgium,ESP,DF,0,5,3,0.5833333333333334,0.4166666666666667,2.7,0.052941176470588235,0.5294117647058824,0.3705882352941176,0.4411764705882353,0.17647058823529413,2.159425625920471,1.7613291605301915,18.061855670103093,0.40942562592047127,0.5877577319587629,2.028718703976436,4.0,1,0,0,0,0,0.0,0,0,0.0015869747158961944,0.0020113038415158877,0.0011913584188252252
2026-M098-ESP-BEL,98,2026-07-10,Quarter-ﬁnal,BEL_koni_de_winter,Koni DE WINTER,BEL,Belgium,ESP,DF,0,5,0,0.08333333333333333,0.08333333333333333,1.2833333333333332,0.1,0.5,0.2,0.5,0.2,2.159425625920471,1.7613291605301915,18.061855670103093,0.40942562592047127,0.5877577319587629,2.028718703976436,4.0,1,0,0,0,0,0.0,0,0,0.0014249097765947072,0.0013318031568137227,0.0012480814927728567
2026-M098-ESP-BEL,98,2026-07-10,Quarter-ﬁnal,BEL_joaquin_seys,Joaquin SEYS,BEL,Belgium,ESP,DF,0,5,0,0.08333333333333333,0.08333333333333333,1.2833333333333332,0.1,0.5,0.2,0.5,0.2,2.159425625920471,1.7613291605301915,18.061855670103093,0.40942562592047127,0.5877577319587629,2.028718703976436,4.0,1,0,0,0,1,29.0,0,0,0.0014249097765947072,0.0013318031568137227,0.0012480814927728567
2026-M098-ESP-BEL,98,2026-07-10,Quarter-ﬁnal,BEL_diego_moreira,Diego MOREIRA,BEL,Belgium,ESP,MF,0,5,1,0.25,0.08333333333333333,6.075,0.08695652173913043,0.43478260869565216,0.17391304347826086,0.38461538461538464,0.15384615384615385,2.159425625920471,1.7613291605301915,18.061855670103093,0.40942562592047127,0.5877577319587629,2.028718703976436,4.0,1,0,0,0,0,0.0,0,0,0.005852372972917186,0.003767061851609148,0.0037012944808080712
2026-M098-ESP-BEL,98,2026-07-10,Quarter-ﬁnal,BEL_alexis_saelemaekers,Alexis SAELEMAEKERS,BEL,Belgium,ESP,MF,0,5,3,0.5833333333333334,0.25,3.720833333333333,0.07003891050583658,1.7509727626459144,0.49027237354085595,2.0642201834862384,0.9908256880733946,2.159425625920471,1.7613291605301915,18.061855670103093,0.40942562592047127,0.5877577319587629,2.028718703976436,4.0,1,0,0,0,1,4.0,0,0,0.002891401964925322,0.003987759931028764,0.038274322553039024
2026-M098-ESP-BEL,98,2026-07-10,Quarter-ﬁnal,BEL_amadou_onana,Amadou ONANA,BEL,Belgium,ESP,MF,0,5,4,0.75,0.4166666666666667,3.525,0.06545454545454546,0.9818181818181818,0.13090909090909092,1.744186046511628,0.13953488372093023,2.159425625920471,1.7613291605301915,18.061855670103093,0.40942562592047127,0.5877577319587629,2.028718703976436,4.0,1,0,0,0,0,0.0,0,0,0.00256035305427027,0.0035739543769471565,0.027246086216971246
2026-M098-ESP-BEL,98,2026-07-10,Quarter-ﬁnal,BEL_matias_fernandez_pardo,Matias FERNANDEZ-PARDO,BEL,Belgium,ESP,FW,0,5,3,0.5833333333333334,0.08333333333333333,7.6305555555555555,0.08144796380090498,1.6289592760180995,0.16289592760180996,1.814516129032258,0.14516129032258066,2.159425625920471,1.7613291605301915,18.061855670103093,0.40942562592047127,0.5877577319587629,2.028718703976436,4.0,1,0,0,0,0,0.0,0,0,0.006881692100229264,0.013304172669401267,0.053576219678615436
2026-M098-ESP-BEL,98,2026-07-10,Quarter-ﬁnal,ESP_unai_simon,Unai SIMON,ESP,Spain,BEL,GK,1,5,5,0.9166666666666666,0.9166666666666666,90.0,0.02857142857142857,0.14285714285714285,0.05714285714285714,0.125,0.05,1.695139911634757,1.8634720176730488,16.740427098674523,1.0522827687776142,0.8431148748159057,3.1358615611192926,4.0,1,0,0,0,1,90.0,0,0,0.028167124967018897,0.0030054861136450065,0.021164147379201845
2026-M098-ESP-BEL,98,2026-07-10,Quarter-ﬁnal,ESP_fabian_ruiz,Fabian RUIZ,ESP,Spain,BEL,MF,1,5,5,0.9166666666666666,0.25,71.0,0.058823529411764705,1.7647058823529411,0.4117647058823529,0.36,0.144,1.695139911634757,1.8634720176730488,16.740427098674523,1.0522827687776142,0.8431148748159057,3.1358615611192926,4.0,1,1,1,1,1,55.0,2,1,0.04534496987432912,0.16294080603726735,0.07418262183494617
2026-M098-ESP-BEL,98,2026-07-10,Quarter-ﬁnal,ESP_dani_olmo,Dani OLMO,ESP,Spain,BEL,FW,1,5,5,0.9166666666666666,0.5833333333333334,72.33333333333333,0.04128440366972477,1.8577981651376148,0.08256880733944955,2.119565217391304,0.06521739130434782,1.695139911634757,1.8634720176730488,16.740427098674523,1.0522827687776142,0.8431148748159057,3.1358615611192926,4.0,1,0,0,0,1,86.0,2,1,0.03263599584055743,0.08601449352779965,0.09303067116172674
2026-M098-ESP-BEL,98,2026-07-10,Quarter-ﬁnal,ESP_pedro_porro,Pedro PORRO,ESP,Spain,BEL,DF,1,5,3,0.5833333333333334,0.5833333333333334,90.0,0.24,1.0,0.48,0.8333333333333334,0.4,1.695139911634757,1.8634720176730488,16.740427098674523,1.0522827687776142,0.8431148748159057,3.1358615611192926,4.0,1,0,0,0,1,90.0,1,0,0.21337213893344653,0.029355444728219247,0.03555426211929371
2026-M098-ESP-BEL,98,2026-07-10,Quarter-ﬁnal,ESP_aymeric_laporte,Aymeric LAPORTE,ESP,Spain,BEL,DF,1,5,5,0.9166666666666666,0.9166666666666666,90.0,0.02857142857142857,0.7142857142857143,0.19999999999999998,0.625,0.05,1.695139911634757,1.8634720176730488,16.740427098674523,1.0522827687776142,0.8431148748159057,3.1358615611192926,4.0,1,0,0,0,1,90.0,0,0,0.028167124967018897,0.014607542322555182,0.013790909824678248
2026-M098-ESP-BEL,98,2026-07-10,Quarter-ﬁnal,ESP_alex_baena,Alex BAENA,ESP,Spain,BEL,MF,1,5,4,0.75,0.75,68.5,0.23788546255506607,1.7841409691629957,0.8722466960352424,1.9370860927152318,1.2516556291390728,1.695139911634757,1.8634720176730488,16.740427098674523,1.0522827687776142,0.8431148748159057,3.1358615611192926,4.0,1,0,0,0,1,55.0,1,0,0.16561242698285872,0.0589205824119046,0.1113730929388382
2026-M098-ESP-BEL,98,2026-07-10,Quarter-ﬁnal,ESP_rodri,RODRI,ESP,Spain,BEL,MF,1,5,5,0.9166666666666666,0.9166666666666666,89.4,0.028708133971291867,0.861244019138756,0.05741626794258373,0.625,0.05,1.695139911634757,1.8634720176730488,16.740427098674523,1.0522827687776142,0.8431148748159057,3.1358615611192926,4.0,1,0,0,0,1,90.0,1,0,0.028113981593322235,0.03192488711075931,0.03013724536748006
2026-M098-ESP-BEL,98,2026-07-10,Quarter-ﬁnal,ESP_lamine_yamal,Lamine YAMAL,ESP,Spain,BEL,FW,1,5,5,0.9166666666666666,0.75,74.0,0.21818181818181817,3.272727272727273,1.5272727272727273,2.771260997067449,1.6363636363636365,1.695139911634757,1.8634720176730488,16.740427098674523,1.0522827687776142,0.8431148748159057,3.1358615611192926,4.0,1,0,0,0,1,90.0,6,2,0.16422341078585645,0.4196892569616852,0.18429056024537432
2026-M098-ESP-BEL,98,2026-07-10,Quarter-ﬁnal,ESP_mikel_oyarzabal,Mikel OYARZABAL,ESP,Spain,BEL,FW,1,5,5,0.9166666666666666,0.9166666666666666,78.2,0.6619964973730298,3.1523642732049035,1.4816112084063047,2.4710982658959537,1.3526011560693643,1.695139911634757,1.8634720176730488,16.740427098674523,1.0522827687776142,0.8431148748159057,3.1358615611192926,4.0,1,0,0,0,1,79.0,1,1,0.4374084491333464,0.7066935324768823,0.43601416418535177
2026-M098-ESP-BEL,98,2026-07-10,Quarter-ﬁnal,ESP_pau_cubarsi,Pau CUBARSI,ESP,Spain,BEL,DF,1,5,5,0.9166666666666666,0.9166666666666666,90.0,0.02857142857142857,0.42857142857142855,0.05714285714285714,0.375,0.05,1.695139911634757,1.8634720176730488,16.740427098674523,1.0522827687776142,0.8431148748159057,3.1358615611192926,4.0,1,0,0,0,1,90.0,1,1,0.028167124967018897,0.009365037852200102,0.013849924428554343
2026-M098-ESP-BEL,98,2026-07-10,Quarter-ﬁnal,ESP_marc_cucurella,Marc CUCURELLA,ESP,Spain,BEL,DF,1,5,5,0.9166666666666666,0.9166666666666666,90.0,0.02857142857142857,0.5714285714285714,0.34285714285714286,0.125,0.05,1.695139911634757,1.8634720176730488,16.740427098674523,1.0522827687776142,0.8431148748159057,3.1358615611192926,4.0,1,0,0,0,1,90.0,1,1,0.028167124967018897,0.0204481840491064,0.014525392781070234
2026-M098-ESP-BEL,98,2026-07-10,Quarter-ﬁnal,ESP_david_raya,David RAYA,ESP,Spain,BEL,GK,0,5,0,0.08333333333333333,0.08333333333333333,1.2833333333333332,0.1,0.5,0.2,0.5,0.2,1.695139911634757,1.8634720176730488,16.740427098674523,1.0522827687776142,0.8431148748159057,3.1358615611192926,4.0,1,0,0,0,0,0.0,0,0,0.0014249097765947072,0.0005740592991830652,0.001246192030441356
2026-M098-ESP-BEL,98,2026-07-10,Quarter-ﬁnal,ESP_joan_garcia,Joan GARCIA,ESP,Spain,BEL,GK,0,5,0,0.08333333333333333,0.08333333333333333,1.2833333333333332,0.1,0.5,0.2,0.5,0.2,1.695139911634757,1.8634720176730488,16.740427098674523,1.0522827687776142,0.8431148748159057,3.1358615611192926,4.0,1,0,0,0,0,0.0,0,0,0.0014249097765947072,0.0005740592991830652,0.001246192030441356
2026-M098-ESP-BEL,98,2026-07-10,Quarter-ﬁnal,ESP_marc_pubill,Marc PUBILL,ESP,Spain,BEL,DF,0,5,1,0.25,0.08333333333333333,0.0,0.1,0.5,0.2,0.5,0.2,1.695139911634757,1.8634720176730488,16.740427098674523,1.0522827687776142,0.8431148748159057,3.1358615611192926,4.0,1,0,0,0,0,0.0,0,0,0.0,0.0016537623724321492,0.002418525580567754
2026-M098-ESP-BEL,98,2026-07-10,Quarter-ﬁnal,ESP_alex_grimaldo,Alex GRIMALDO,ESP,Spain,BEL,DF,0,5,0,0.08333333333333333,0.08333333333333333,1.2833333333333332,0.1,0.5,0.2,0.5,0.2,1.695139911634757,1.8634720176730488,16.740427098674523,1.0522827687776142,0.8431148748159057,3.1358615611192926,4.0,1,0,0,0,0,0.0,0,0,0.0014249097765947072,0.0015308236690062401,0.0010467083337060972
2026-M098-ESP-BEL,98,2026-07-10,Quarter-ﬁnal,ESP_eric_garcia,Eric GARCIA,ESP,Spain,BEL,DF,0,5,0,0.08333333333333333,0.08333333333333333,1.2833333333333332,0.1,0.5,0.2,0.5,0.2,1.695139911634757,1.8634720176730488,16.740427098674523,1.0522827687776142,0.8431148748159057,3.1358615611192926,4.0,1,0,0,0,0,0.0,0,0,0.0014249097765947072,0.0015308236690062401,0.0010467083337060972
2026-M098-ESP-BEL,98,2026-07-10,Quarter-ﬁnal,ESP_marcos_llorente,Marcos LLORENTE,ESP,Spain,BEL,DF,0,5,2,0.4166666666666667,0.4166666666666667,1.2833333333333332,0.05,0.25,0.1,0.25,0.1,1.695139911634757,1.8634720176730488,16.740427098674523,1.0522827687776142,0.8431148748159057,3.1358615611192926,4.0,1,0,0,0,0,0.0,0,0,0.0007127088652606473,0.0011309300682627453,0.0016466240754904513
2026-M098-ESP-BEL,98,2026-07-10,Quarter-ﬁnal,ESP_mikel_merino,Mikel MERINO,ESP,Spain,BEL,MF,0,5,5,0.9166666666666666,0.25,13.049999999999999,0.057692307692307696,1.1538461538461537,0.6923076923076923,0.7758620689655172,0.6206896551724138,1.695139911634757,1.8634720176730488,16.740427098674523,1.0522827687776142,0.8431148748159057,3.1358615611192926,4.0,1,1,1,1,1,4.0,1,1,0.008330492149590696,0.013104021477005743,0.012825638492602603
2026-M098-ESP-BEL,98,2026-07-10,Quarter-ﬁnal,ESP_ferran_torres,Ferran TORRES,ESP,Spain,BEL,FW,0,5,5,0.9166666666666666,0.25,16.85625,0.05084745762711865,2.7966101694915255,0.6101694915254238,2.9347826086956523,0.13043478260869565,1.695139911634757,1.8634720176730488,16.740427098674523,1.0522827687776142,0.8431148748159057,3.1358615611192926,4.0,1,0,0,0,1,35.0,0,0,0.009478102022866142,0.07254200006861647,0.06200688867250882
2026-M098-ESP-BEL,98,2026-07-10,Quarter-ﬁnal,ESP_gavi,GAVI,ESP,Spain,BEL,MF,0,5,2,0.4166666666666667,0.25,1.125,0.0703125,0.703125,0.140625,0.47368421052631576,0.18947368421052632,1.695139911634757,1.8634720176730488,16.740427098674523,1.0522827687776142,0.8431148748159057,3.1358615611192926,4.0,1,0,0,0,0,0.0,0,0,0.0008785201250326446,0.0044172552864950275,0.0015871138432752246
2026-M098-ESP-BEL,98,2026-07-10,Quarter-ﬁnal,ESP_yeremy_pino,Yeremy PINO,ESP,Spain,BEL,FW,0,5,2,0.4166666666666667,0.08333333333333333,13.5125,0.07228915662650602,0.3614457831325301,0.14457831325301204,0.39473684210526316,0.15789473684210525,1.695139911634757,1.8634720176730488,16.740427098674523,1.0522827687776142,0.8431148748159057,3.1358615611192926,4.0,1,0,0,0,0,0.0,0,0,0.010794727866239917,0.007421650366401861,0.010063208632075429
2026-M098-ESP-BEL,98,2026-07-10,Quarter-ﬁnal,ESP_nico_williams,Nico WILLIAMS,ESP,Spain,BEL,FW,0,5,3,0.5833333333333334,0.08333333333333333,8.375,0.08,0.4,0.16,0.4326923076923077,0.17307692307692307,1.695139911634757,1.8634720176730488,16.740427098674523,1.0522827687776142,0.8431148748159057,3.1358615611192926,4.0,1,0,0,0,1,11.0,0,0,0.007416803201664157,0.008211295162163987,0.007946907678155132
2026-M098-ESP-BEL,98,2026-07-10,Quarter-ﬁnal,ESP_martin_zubimendi,Martin ZUBIMENDI,ESP,Spain,BEL,MF,0,5,0,0.08333333333333333,0.08333333333333333,1.2833333333333332,0.1,0.5,0.2,0.5,0.2,1.695139911634757,1.8634720176730488,16.740427098674523,1.0522827687776142,0.8431148748159057,3.1358615611192926,4.0,1,0,0,0,0,0.0,0,0,0.0014249097765947072,0.0039961993368940445,0.0017903085517429363
2026-M098-ESP-BEL,98,2026-07-10,Quarter-ﬁnal,ESP_pedri,PEDRI,ESP,Spain,BEL,MF,0,5,5,0.9166666666666666,0.9166666666666666,1.2833333333333332,0.03130434782608696,0.782608695652174,0.21913043478260866,0.4153846153846154,0.055384615384615386,1.695139911634757,1.8634720176730488,16.740427098674523,1.0522827687776142,0.8431148748159057,3.1358615611192926,4.0,1,0,0,0,1,35.0,0,0,0.00044627720028722617,0.005736550360030037,0.0078941014671801
2026-M098-ESP-BEL,98,2026-07-10,Quarter-ﬁnal,ESP_victor_munoz,Victor MUNOZ,ESP,Spain,BEL,FW,0,5,0,0.08333333333333333,0.08333333333333333,1.2833333333333332,0.1,0.5,0.2,0.5,0.2,1.695139911634757,1.8634720176730488,16.740427098674523,1.0522827687776142,0.8431148748159057,3.1358615611192926,4.0,1,0,0,0,0,0.0,0,0,0.0014249097765947072,0.007107925971283957,0.006655041005384163
2026-M098-ESP-BEL,98,2026-07-10,Quarter-ﬁnal,ESP_borja_iglesias,Borja IGLESIAS,ESP,Spain,BEL,FW,0,5,1,0.25,0.08333333333333333,0.0,0.1,0.5,0.2,0.5,0.2,1.695139911634757,1.8634720176730488,16.740427098674523,1.0522827687776142,0.8431148748159057,3.1358615611192926,4.0,1,0,0,0,0,0.0,0,0,0.0,0.007675312429795304,0.008725969290005194
2026-M099-NOR-ENG,99,2026-07-11,Quarter-ﬁnal,ENG_jordan_pickford,Jordan PICKFORD,ENG,England,NOR,GK,1,5,5,0.9166666666666666,0.9166666666666666,90.0,0.02857142857142857,0.14285714285714285,0.05714285714285714,0.125,0.05,1.9810495626822158,1.869252915451895,14.880102040816325,1.69533527696793,1.542110058309038,4.459912536443149,6.0,1,0,0,0,1,90.0,0,0,0.028167124967018897,0.004812973558978121,0.024088428705853326
2026-M099-NOR-ENG,99,2026-07-11,Quarter-ﬁnal,ENG_ezri_konsa,Ezri KONSA,ENG,England,NOR,DF,1,5,5,0.9166666666666666,0.9166666666666666,90.0,0.02857142857142857,0.42857142857142855,0.19999999999999998,0.125,0.05,1.9810495626822158,1.869252915451895,14.880102040816325,1.69533527696793,1.542110058309038,4.459912536443149,6.0,1,0,0,0,1,89.0,0,0,0.028167124967018897,0.020556409252596046,0.018288167615185803
2026-M099-NOR-ENG,99,2026-07-11,Quarter-ﬁnal,ENG_nico_oreilly,Nico OREILLY,ENG,England,NOR,DF,1,5,5,0.9166666666666666,0.75,86.0,0.032846715328467155,1.313868613138686,0.22992700729927004,0.9156976744186046,0.05232558139534884,1.9810495626822158,1.869252915451895,14.880102040816325,1.69533527696793,1.542110058309038,4.459912536443149,6.0,1,0,0,0,1,86.0,0,0,0.030899406980622435,0.0352176981232745,0.06726405926333627
2026-M099-NOR-ENG,99,2026-07-11,Quarter-ﬁnal,ENG_declan_rice,Declan RICE,ENG,England,NOR,MF,1,5,4,0.75,0.75,85.5,0.034482758620689655,0.8620689655172413,0.24137931034482757,0.16666666666666666,0.06666666666666667,1.9810495626822158,1.869252915451895,14.880102040816325,1.69533527696793,1.542110058309038,4.459912536443149,6.0,1,0,0,0,1,45.0,0,0,0.032227868432134876,0.07463067583760898,0.050480524750847876
2026-M099-NOR-ENG,99,2026-07-11,Quarter-ﬁnal,ENG_john_stones,John STONES,ENG,England,NOR,DF,1,5,3,0.5833333333333334,0.25,87.0,0.06,0.3,0.12,0.36585365853658536,0.14634146341463414,1.9810495626822158,1.869252915451895,14.880102040816325,1.69533527696793,1.542110058309038,4.459912536443149,6.0,1,0,0,0,1,90.0,0,0,0.05635005256320147,0.016022976844804006,0.027380844059670496
2026-M099-NOR-ENG,99,2026-07-11,Quarter-ﬁnal,ENG_marc_guehi,Marc GUEHI,ENG,England,NOR,DF,1,5,5,0.9166666666666666,0.75,90.0,0.03314917127071823,0.3314917127071823,0.06629834254143646,0.125,0.05,1.9810495626822158,1.869252915451895,14.880102040816325,1.69533527696793,1.542110058309038,4.459912536443149,6.0,1,0,0,0,1,90.0,0,0,0.03260575860303916,0.016681565398904256,0.017042463303251057
2026-M099-NOR-ENG,99,2026-07-11,Quarter-ﬁnal,ENG_elliot_anderson,Elliot ANDERSON,ENG,England,NOR,MF,1,5,5,0.9166666666666666,0.9166666666666666,82.6,0.03035413153456998,1.2141652613827993,0.21247892074198985,0.6637168141592921,0.3185840707964602,1.9810495626822158,1.869252915451895,14.880102040816325,1.69533527696793,1.542110058309038,4.459912536443149,6.0,1,0,0,0,1,90.0,0,0,0.027473882088767665,0.05892302795186705,0.0998785310273111
2026-M099-NOR-ENG,99,2026-07-11,Quarter-ﬁnal,ENG_harry_kane,Harry KANE,ENG,England,NOR,FW,1,5,5,0.9166666666666666,0.9166666666666666,88.8,0.8942307692307693,2.8846153846153846,1.5,2.4152542372881354,1.576271186440678,1.9810495626822158,1.869252915451895,14.880102040816325,1.69533527696793,1.542110058309038,4.459912536443149,6.0,1,0,0,0,1,90.0,2,0,0.5861731760506166,0.7704601172298312,0.5071224323806578
2026-M099-NOR-ENG,99,2026-07-11,Quarter-ﬁnal,ENG_jude_bellingham,Jude BELLINGHAM,ENG,England,NOR,MF,1,5,5,0.9166666666666666,0.9166666666666666,81.0,0.6461538461538462,2.0,1.4461538461538461,2.2434017595307916,1.900293255131965,1.9810495626822158,1.869252915451895,14.880102040816325,1.69533527696793,1.542110058309038,4.459912536443149,6.0,1,1,1,1,1,90.0,2,1,0.44096235327505406,0.26169347167479773,0.37075644660275864
2026-M099-NOR-ENG,99,2026-07-11,Quarter-ﬁnal,ENG_anthony_gordon,Anthony GORDON,ENG,England,NOR,FW,1,5,4,0.75,0.5833333333333334,75.66666666666667,0.04128440366972477,1.238532110091743,0.7018348623853211,1.076555023923445,0.5167464114832536,1.9810495626822158,1.869252915451895,14.880102040816325,1.69533527696793,1.542110058309038,4.459912536443149,6.0,1,0,0,0,1,71.0,0,0,0.034114015421655486,0.16631438699321363,0.1312595077434012
2026-M099-NOR-ENG,99,2026-07-11,Quarter-ﬁnal,ENG_noni_madueke,Noni MADUEKE,ENG,England,NOR,FW,1,5,4,0.75,0.5833333333333334,72.0,0.0425531914893617,1.4893617021276595,0.2978723404255319,1.7696629213483146,0.6067415730337079,1.9810495626822158,1.869252915451895,14.880102040816325,1.69533527696793,1.542110058309038,4.459912536443149,6.0,1,0,0,0,1,45.0,0,0,0.03346962518970942,0.07329654866167289,0.14949977534256137
2026-M099-NOR-ENG,99,2026-07-11,Quarter-ﬁnal,ENG_dean_henderson,Dean HENDERSON,ENG,England,NOR,GK,0,5,0,0.08333333333333333,0.08333333333333333,1.2833333333333332,0.1,0.5,0.2,0.5,0.2,1.9810495626822158,1.869252915451895,14.880102040816325,1.69533527696793,1.542110058309038,4.459912536443149,6.0,1,0,0,0,0,0.0,0,0,0.0014249097765947072,0.0007902709557358592,0.0034486348939827913
2026-M099-NOR-ENG,99,2026-07-11,Quarter-ﬁnal,ENG_james_trafford,James TRAFFORD,ENG,England,NOR,GK,0,5,0,0.08333333333333333,0.08333333333333333,1.2833333333333332,0.1,0.5,0.2,0.5,0.2,1.9810495626822158,1.869252915451895,14.880102040816325,1.69533527696793,1.542110058309038,4.459912536443149,6.0,1,0,0,0,0,0.0,0,0,0.0014249097765947072,0.0007902709557358592,0.0034486348939827913
2026-M099-NOR-ENG,99,2026-07-11,Quarter-ﬁnal,ENG_bukayo_saka,Bukayo SAKA,ENG,England,NOR,FW,0,5,5,0.9166666666666666,0.4166666666666667,13.4,0.04838709677419355,1.4516129032258065,0.3387096774193548,1.3179916317991631,0.07531380753138076,1.9810495626822158,1.869252915451895,14.880102040816325,1.69533527696793,1.542110058309038,4.459912536443149,6.0,1,0,0,0,1,45.0,1,0,0.007178412305747117,0.033887606518289794,0.06240519661691208
2026-M099-NOR-ENG,99,2026-07-11,Quarter-ﬁnal,ENG_marcus_rashford,Marcus RASHFORD,ENG,England,NOR,FW,0,5,4,0.75,0.4166666666666667,4.895833333333333,0.30337078651685395,2.5280898876404496,0.8595505617977528,3.1742738589211617,0.8215767634854773,1.9810495626822158,1.869252915451895,14.880102040816325,1.69533527696793,1.542110058309038,4.459912536443149,6.0,1,0,0,0,0,0.0,0,0,0.016367383626175624,0.060803980086648245,0.09417508187911337
2026-M099-NOR-ENG,99,2026-07-11,Quarter-ﬁnal,ENG_trevoh_chalobah,Trevoh CHALOBAH,ENG,England,NOR,DF,0,5,0,0.08333333333333333,0.08333333333333333,1.2833333333333332,0.1,0.5,0.2,0.5,0.2,1.9810495626822158,1.869252915451895,14.880102040816325,1.69533527696793,1.542110058309038,4.459912536443149,6.0,1,0,0,0,0,0.0,0,0,0.0014249097765947072,0.002098516141445736,0.0033408841049230725
2026-M099-NOR-ENG,99,2026-07-11,Quarter-ﬁnal,ENG_jordan_henderson,Jordan HENDERSON,ENG,England,NOR,MF,0,5,1,0.25,0.08333333333333333,1.35,0.0967741935483871,0.4838709677419355,0.1935483870967742,0.46875,0.1875,1.9810495626822158,1.869252915451895,14.880102040816325,1.69533527696793,1.542110058309038,4.459912536443149,6.0,1,0,0,0,0,0.0,0,0,0.0014505598228320427,0.0064330923204901835,0.0039334661988925275
2026-M099-NOR-ENG,99,2026-07-11,Quarter-ﬁnal,ENG_dan_burn,Dan BURN,ENG,England,NOR,DF,0,5,1,0.25,0.08333333333333333,3.375,0.09230769230769231,0.46153846153846156,0.18461538461538463,0.42857142857142855,0.17142857142857143,1.9810495626822158,1.869252915451895,14.880102040816325,1.69533527696793,1.542110058309038,4.459912536443149,6.0,1,0,0,0,1,0.0,0,0,0.0034555542441356835,0.00237677625768215,0.003248143600104525
2026-M099-NOR-ENG,99,2026-07-11,Quarter-ﬁnal,ENG_kobbie_mainoo,Kobbie MAINOO,ENG,England,NOR,MF,0,5,0,0.08333333333333333,0.08333333333333333,1.2833333333333332,0.1,0.5,0.2,0.5,0.2,1.9810495626822158,1.869252915451895,14.880102040816325,1.69533527696793,1.542110058309038,4.459912536443149,6.0,1,0,0,0,0,0.0,0,0,0.0014249097765947072,0.005685524121841652,0.00404969943535879
2026-M099-NOR-ENG,99,2026-07-11,Quarter-ﬁnal,ENG_morgan_rogers,Morgan ROGERS,ENG,England,NOR,MF,0,5,4,0.75,0.25,6.327777777777778,0.05921052631578947,0.29605263157894735,0.11842105263157894,0.25,0.1,1.9810495626822158,1.869252915451895,14.880102040816325,1.69533527696793,1.542110058309038,4.459912536443149,6.0,1,0,0,0,1,1.0,0,0,0.004154358374839906,0.007310014879051929,0.008164885285226011
2026-M099-NOR-ENG,99,2026-07-11,Quarter-ﬁnal,ENG_ollie_watkins,Ollie WATKINS,ENG,England,NOR,FW,0,5,1,0.25,0.08333333333333333,1.35,0.0967741935483871,0.4838709677419355,0.1935483870967742,0.46875,0.1875,1.9810495626822158,1.869252915451895,14.880102040816325,1.69533527696793,1.542110058309038,4.459912536443149,6.0,1,0,0,0,0,0.0,0,0,0.0014505598228320427,0.011213125048131397,0.012469952109777393
2026-M099-NOR-ENG,99,2026-07-11,Quarter-ﬁnal,ENG_eberechi_eze,Eberechi EZE,ENG,England,NOR,MF,0,5,3,0.5833333333333334,0.08333333333333333,10.23611111111111,0.07659574468085106,0.7659574468085106,0.15319148936170213,1.0465116279069768,0.13953488372093023,1.9810495626822158,1.869252915451895,14.880102040816325,1.69533527696793,1.542110058309038,4.459912536443149,6.0,1,0,0,0,1,45.0,1,0,0.00867374802702825,0.008287216600068578,0.0047867136594905635
2026-M099-NOR-ENG,99,2026-07-11,Quarter-ﬁnal,ENG_ivan_toney,Ivan TONEY,ENG,England,NOR,FW,0,5,0,0.08333333333333333,0.08333333333333333,1.2833333333333332,0.1,0.5,0.2,0.5,0.2,1.9810495626822158,1.869252915451895,14.880102040816325,1.69533527696793,1.542110058309038,4.459912536443149,6.0,1,0,0,0,0,0.0,0,0,0.0014249097765947072,0.009915628704381335,0.013651443653224226
2026-M099-NOR-ENG,99,2026-07-11,Quarter-ﬁnal,ENG_reece_james,Reece JAMES,ENG,England,NOR,DF,0,5,2,0.4166666666666667,0.4166666666666667,1.2833333333333332,0.05,0.5,0.1,0.5,0.2,1.9810495626822158,1.869252915451895,14.880102040816325,1.69533527696793,1.542110058309038,4.459912536443149,6.0,1,0,0,0,1,19.0,0,0,0.0007127088652606473,0.0016591662050740026,0.0032862311316694376
2026-M099-NOR-ENG,99,2026-07-11,Quarter-ﬁnal,ENG_djed_spence,Djed SPENCE,ENG,England,NOR,DF,0,5,5,0.9166666666666666,0.4166666666666667,9.863888888888889,0.04878048780487805,0.4878048780487805,0.3414634146341463,0.22167487684729065,0.08866995073891626,1.9810495626822158,1.869252915451895,14.880102040816325,1.69533527696793,1.542110058309038,4.459912536443149,6.0,1,0,0,0,1,4.0,0,0,0.005332015313580407,0.004966186692922693,0.019371298378394103
2026-M099-NOR-ENG,99,2026-07-11,Quarter-ﬁnal,NOR_orjan_nyland,Orjan NYLAND,NOR,Norway,ENG,GK,1,5,4,0.75,0.75,90.0,0.03333333333333333,0.16666666666666666,0.06666666666666667,0.16666666666666666,0.06666666666666667,2.123906705539359,1.652110058309038,10.880102040816325,1.1239067055393586,1.0035386297376092,3.174198250728863,6.0,1,0,0,0,1,90.0,0,0,0.0327838995179941,0.0028126401142650127,0.019390437028264092
2026-M099-NOR-ENG,99,2026-07-11,Quarter-ﬁnal,NOR_kristoffer_ajer,Kristoffer AJER,NOR,Norway,ENG,DF,1,5,4,0.75,0.75,90.0,0.03333333333333333,0.3333333333333333,0.2333333333333333,0.16666666666666666,0.06666666666666667,2.123906705539359,1.652110058309038,10.880102040816325,1.1239067055393586,1.0035386297376092,3.174198250728863,6.0,1,0,0,0,1,90.0,1,0,0.0327838995179941,0.011508937685423075,0.010717872335287322
2026-M099-NOR-ENG,99,2026-07-11,Quarter-ﬁnal,NOR_david_moller_wolfe,David MOLLER WOLFE,NOR,Norway,ENG,DF,1,5,4,0.75,0.75,85.75,0.03441682600382409,0.17208413001912046,0.06883365200764818,0.16666666666666666,0.06666666666666667,2.123906705539359,1.652110058309038,10.880102040816325,1.1239067055393586,1.0035386297376092,3.174198250728863,6.0,1,0,0,0,1,90.0,0,0,0.03225977178084605,0.007363084836205021,0.02319694131365848
2026-M099-NOR-ENG,99,2026-07-11,Quarter-ﬁnal,NOR_patrick_berg,Patrick BERG,NOR,Norway,ENG,MF,1,5,5,0.9166666666666666,0.5833333333333334,90.0,0.03571428571428571,0.5357142857142857,0.07142857142857142,0.625,0.05,2.123906705539359,1.652110058309038,10.880102040816325,1.1239067055393586,1.0035386297376092,3.174198250728863,6.0,1,0,0,0,1,90.0,0,0,0.03508405562762995,0.0291950347295497,0.030116162911348998
2026-M099-NOR-ENG,99,2026-07-11,Quarter-ﬁnal,NOR_alexander_sorloth,Alexander SORLOTH,NOR,Norway,ENG,FW,1,5,4,0.75,0.75,68.25,0.039735099337748346,0.7947019867549668,0.2781456953642384,0.6553398058252428,0.08737864077669903,2.123906705539359,1.652110058309038,10.880102040816325,1.1239067055393586,1.0035386297376092,3.174198250728863,6.0,1,0,0,0,1,68.0,2,0,0.029682993771818933,0.06037356440387384,0.0823965692910213
2026-M099-NOR-ENG,99,2026-07-11,Quarter-ﬁnal,NOR_sander_berge,Sander BERGE,NOR,Norway,ENG,MF,1,5,4,0.75,0.75,90.0,0.03333333333333333,0.16666666666666666,0.06666666666666667,0.16666666666666666,0.06666666666666667,2.123906705539359,1.652110058309038,10.880102040816325,1.1239067055393586,1.0035386297376092,3.174198250728863,6.0,1,0,0,0,1,90.0,0,0,0.0327838995179941,0.019984700073085053,0.029036169388676532
2026-M099-NOR-ENG,99,2026-07-11,Quarter-ﬁnal,NOR_erling_haaland,Erling HAALAND,NOR,Norway,ENG,FW,1,5,4,0.75,0.75,90.0,1.2,3.0,1.9,2.8333333333333335,1.7333333333333334,2.123906705539359,1.652110058309038,10.880102040816325,1.1239067055393586,1.0035386297376092,3.174198250728863,6.0,1,0,0,0,1,90.0,2,1,0.6988057880877978,0.8587275785534481,0.566106228224396
2026-M099-NOR-ENG,99,2026-07-11,Quarter-ﬁnal,NOR_martin_odegaard,Martin ODEGAARD,NOR,Norway,ENG,MF,1,5,4,0.75,0.75,87.75,0.03389830508474576,1.5254237288135593,0.4067796610169492,1.5,0.4,2.123906705539359,1.652110058309038,10.880102040816325,1.1239067055393586,1.0035386297376092,3.174198250728863,6.0,1,0,0,0,1,90.0,1,1,0.03251063603613247,0.043724339526432135,0.10760414460077787
2026-M099-NOR-ENG,99,2026-07-11,Quarter-ﬁnal,NOR_torbjorn_heggem,Torbjorn HEGGEM,NOR,Norway,ENG,DF,1,5,4,0.75,0.75,88.5,0.033707865168539325,0.33707865168539325,0.23595505617977525,0.5,0.4,2.123906705539359,1.652110058309038,10.880102040816325,1.1239067055393586,1.0035386297376092,3.174198250728863,6.0,1,0,0,0,1,90.0,0,0,0.032602755946937845,0.006884044648129703,0.01635140676466878
2026-M099-NOR-ENG,99,2026-07-11,Quarter-ﬁnal,NOR_andreas_schjelderup,Andreas SCHJELDERUP,NOR,Norway,ENG,MF,1,5,5,0.9166666666666666,0.25,83.0,0.049586776859504134,0.743801652892562,0.3471074380165289,0.9493670886075949,0.45569620253164556,2.123906705539359,1.652110058309038,10.880102040816325,1.1239067055393586,1.0035386297376092,3.174198250728863,6.0,1,1,1,1,1,68.0,1,1,0.044700167981881256,0.03783209424292146,0.04933044018605897
2026-M099-NOR-ENG,99,2026-07-11,Quarter-ﬁnal,NOR_julian_ryerson,Julian RYERSON,NOR,Norway,ENG,FW,1,5,3,0.5833333333333334,0.5833333333333334,55.333333333333336,0.05202312138728324,0.26011560693641617,0.10404624277456648,0.29411764705882354,0.11764705882352941,2.123906705539359,1.652110058309038,10.880102040816325,1.1239067055393586,1.0035386297376092,3.174198250728863,6.0,1,0,0,0,1,60.0,0,0,0.03147848899522976,0.030451462185350758,0.06188459984152073
2026-M099-NOR-ENG,99,2026-07-11,Quarter-ﬁnal,NOR_sander_tangvik,Sander TANGVIK,NOR,Norway,ENG,GK,0,5,0,0.08333333333333333,0.08333333333333333,1.2833333333333332,0.1,0.5,0.2,0.5,0.2,2.123906705539359,1.652110058309038,10.880102040816325,1.1239067055393586,1.0035386297376092,3.174198250728863,6.0,1,0,0,0,0,0.0,0,0,0.0014249097765947072,0.0004686358821979981,0.0013386986208819486
2026-M099-NOR-ENG,99,2026-07-11,Quarter-ﬁnal,NOR_egil_selvik,Egil SELVIK,NOR,Norway,ENG,GK,0,5,1,0.25,0.25,1.2833333333333332,0.06666666666666667,0.3333333333333333,0.13333333333333333,0.25,0.1,2.123906705539359,1.652110058309038,10.880102040816325,1.1239067055393586,1.0035386297376092,3.174198250728863,6.0,1,0,0,0,0,0.0,0,0,0.0009501655904808892,0.00042952406923529185,0.0013072343353937414
2026-M099-NOR-ENG,99,2026-07-11,Quarter-ﬁnal,NOR_morten_thorsby,Morten THORSBY,NOR,Norway,ENG,MF,0,5,1,0.25,0.08333333333333333,10.125,0.08,0.4,0.16,0.3333333333333333,0.13333333333333333,2.123906705539359,1.652110058309038,10.880102040816325,1.1239067055393586,1.0035386297376092,3.174198250728863,6.0,1,0,0,0,0,0.0,0,0,0.008959621227116354,0.003803941759704061,0.0031091598637813787
2026-M099-NOR-ENG,99,2026-07-11,Quarter-ﬁnal,NOR_leo_ostigard,Leo OSTIGARD,NOR,Norway,ENG,DF,0,5,4,0.75,0.25,4.280555555555556,0.36860068259385664,1.2286689419795223,0.4300341296928327,0.75,0.1,2.123906705539359,1.652110058309038,10.880102040816325,1.1239067055393586,1.0035386297376092,3.174198250728863,6.0,1,0,0,0,1,0.0,0,0,0.017378506671413163,0.009388447299768829,0.02776933490473774
2026-M099-NOR-ENG,99,2026-07-11,Quarter-ﬁnal,NOR_jorgen_strand_larsen,Jorgen STRAND LARSEN,NOR,Norway,ENG,FW,0,5,1,0.25,0.25,1.2833333333333332,0.06666666666666667,1.0,0.4666666666666666,1.25,0.6,2.123906705539359,1.652110058309038,10.880102040816325,1.1239067055393586,1.0035386297376092,3.174198250728863,6.0,1,0,0,0,1,0.0,0,0,0.0009501655904808892,0.0064793789359032005,0.005442520584124137
2026-M099-NOR-ENG,99,2026-07-11,Quarter-ﬁnal,NOR_fredrik_aursnes,Fredrik AURSNES,NOR,Norway,ENG,MF,0,5,5,0.9166666666666666,0.5833333333333334,6.658333333333333,0.04265402843601896,0.4265402843601896,0.08530805687203792,0.6308411214953271,0.08411214953271028,2.123906705539359,1.652110058309038,10.880102040816325,1.1239067055393586,1.0035386297376092,3.174198250728863,6.0,1,0,0,0,1,30.0,1,0,0.0031506345163039295,0.0036139220197384725,0.021436908161102018
2026-M099-NOR-ENG,99,2026-07-11,Quarter-ﬁnal,NOR_fredrik_andre_bjorkan,Fredrik Andre BJORKAN,NOR,Norway,ENG,DF,0,5,1,0.25,0.25,1.2833333333333332,0.08,0.4,0.16,0.3333333333333333,0.13333333333333333,2.123906705539359,1.652110058309038,10.880102040816325,1.1239067055393586,1.0035386297376092,3.174198250728863,6.0,1,0,0,0,0,0.0,0,0,0.0011400903433570475,0.00121175491498867,0.0011200434929941638
2026-M099-NOR-ENG,99,2026-07-11,Quarter-ﬁnal,NOR_marcus_holmgren_pedersen,Marcus HOLMGREN PEDERSEN,NOR,Norway,ENG,DF,0,5,3,0.5833333333333334,0.25,23.891666666666666,0.2805194805194805,0.4675324675324675,0.3272727272727272,0.20642201834862386,0.08256880733944955,2.123906705539359,1.652110058309038,10.880102040816325,1.1239067055393586,1.0035386297376092,3.174198250728863,6.0,1,0,0,0,1,0.0,0,0,0.07176238884548014,0.004290278248133922,0.009148431221602488
2026-M099-NOR-ENG,99,2026-07-11,Quarter-ﬁnal,NOR_kristian_thorstvedt,Kristian THORSTVEDT,NOR,Norway,ENG,MF,0,5,2,0.4166666666666667,0.25,3.825,0.0743801652892562,1.487603305785124,0.5206611570247933,1.0,0.8,2.123906705539359,1.652110058309038,10.880102040816325,1.1239067055393586,1.0035386297376092,3.174198250728863,6.0,1,0,0,0,0,0.0,0,0,0.0031561658286290983,0.006077812823781954,0.01618210752624862
2026-M099-NOR-ENG,99,2026-07-11,Quarter-ﬁnal,NOR_thelo_aasgaard,Thelo AASGAARD,NOR,Norway,ENG,MF,0,5,1,0.25,0.25,1.2833333333333332,0.4,1.0,0.4666666666666666,1.25,0.6,2.123906705539359,1.652110058309038,10.880102040816325,1.1239067055393586,1.0035386297376092,3.174198250728863,6.0,1,0,0,0,0,0.0,0,0,0.005687468467392098,0.007488155344319513,0.01254632916206654
2026-M099-NOR-ENG,99,2026-07-11,Quarter-ﬁnal,NOR_antonio_nusa,Antonio NUSA,NOR,Norway,ENG,FW,0,5,5,0.9166666666666666,0.75,1.575,0.24161073825503357,0.8053691275167785,0.28187919463087246,0.6338028169014085,0.5070422535211268,2.123906705539359,1.652110058309038,10.880102040816325,1.1239067055393586,1.0035386297376092,3.174198250728863,6.0,1,0,0,0,1,22.0,1,1,0.004219261717905987,0.009876396744384114,0.014028972602067655
2026-M099-NOR-ENG,99,2026-07-11,Quarter-ﬁnal,NOR_oscar_bobb,Oscar BOBB,NOR,Norway,ENG,MF,0,5,5,0.9166666666666666,0.25,15.768749999999999,0.05142857142857143,1.0285714285714285,0.8742857142857143,0.9493670886075949,0.8354430379746837,2.123906705539359,1.652110058309038,10.880102040816325,1.1239067055393586,1.0035386297376092,3.174198250728863,6.0,1,0,0,0,1,22.0,0,0,0.008970239460005414,0.011770139062062845,0.054034532489117215
2026-M099-NOR-ENG,99,2026-07-11,Quarter-ﬁnal,NOR_jens_petter_hauge,Jens Petter HAUGE,NOR,Norway,ENG,MF,0,5,1,0.25,0.08333333333333333,1.575,0.0962566844919786,0.48128342245989303,0.1925133689839572,0.4639175257731959,0.18556701030927836,2.123906705539359,1.652110058309038,10.880102040816325,1.1239067055393586,1.0035386297376092,3.174198250728863,6.0,1,0,0,0,0,0.0,0,0,0.0016830740182892656,0.003824261872544356,0.002106228520416647
2026-M099-NOR-ENG,99,2026-07-11,Quarter-ﬁnal,NOR_sondre_langas,Sondre LANGAS,NOR,Norway,ENG,DF,0,5,1,0.25,0.08333333333333333,5.175,0.08866995073891626,0.4433497536945813,0.17733990147783252,0.39823008849557523,0.1592920353982301,2.123906705539359,1.652110058309038,10.880102040816325,1.1239067055393586,1.0035386297376092,3.174198250728863,6.0,1,0,0,0,0,0.0,0,0,0.005085546764500903,0.001409190836638199,0.0011088976117177088
2026-M099-NOR-ENG,99,2026-07-11,Quarter-ﬁnal,NOR_henrik_falchener,Henrik FALCHENER,NOR,Norway,ENG,DF,0,5,1,0.25,0.25,1.2833333333333332,0.0728744939271255,0.3643724696356275,0.145748987854251,0.28662420382165604,0.11464968152866242,2.123906705539359,1.652110058309038,10.880102040816325,1.1239067055393586,1.0035386297376092,3.174198250728863,6.0,1,0,0,0,0,0.0,0,0,0.0010385965871289038,0.0011757051049707077,0.0011200434929941638
2026-M100-ARG-SUI,100,2026-07-11,Quarter-ﬁnal,ARG_emiliano_martinez,Emiliano MARTINEZ,ARG,Argentina,SUI,GK,1,5,5,0.9166666666666666,0.9166666666666666,90.0,0.02857142857142857,0.14285714285714285,0.05714285714285714,0.125,0.05,2.3015873015873014,1.959440836940837,13.517316017316018,0.8373015873015872,0.9108694083694084,3.6385281385281383,4.0,1,0,0,0,1,90.0,0,0,0.028167124967018897,0.0026030217794026107,0.02469405617466228
2026-M100-ARG-SUI,100,2026-07-11,Quarter-ﬁnal,ARG_nicolas_tagliafico,Nicolas TAGLIAFICO,ARG,Argentina,SUI,DF,1,5,4,0.75,0.4166666666666667,78.0,0.05172413793103448,0.25862068965517243,0.10344827586206896,0.18,0.072,2.3015873015873014,1.959440836940837,13.517316017316018,0.8373015873015872,0.9108694083694084,3.6385281385281383,4.0,1,0,0,0,1,78.0,0,0,0.04383767680480599,0.008648153621862862,0.028178338767659728
2026-M100-ARG-SUI,100,2026-07-11,Quarter-ﬁnal,ARG_leandro_paredes,Leandro PAREDES,ARG,Argentina,SUI,MF,1,5,4,0.75,0.4166666666666667,90.0,0.0481283422459893,0.7219251336898396,0.0962566844919786,0.8152173913043478,0.06521739130434782,2.3015873015873014,1.959440836940837,13.517316017316018,0.8373015873015872,0.9108694083694084,3.6385281385281383,4.0,1,0,0,0,1,90.0,0,0,0.046988532403910654,0.028178053402978444,0.04852413600201615
2026-M100-ARG-SUI,100,2026-07-11,Quarter-ﬁnal,ARG_lisandro_martinez,Lisandro MARTINEZ,ARG,Argentina,SUI,DF,1,5,4,0.75,0.75,90.0,0.03333333333333333,0.3333333333333333,0.06666666666666667,0.5,0.06666666666666667,2.3015873015873014,1.959440836940837,13.517316017316018,0.8373015873015872,0.9108694083694084,3.6385281385281383,4.0,1,0,0,0,1,90.0,0,0,0.0327838995179941,0.006667394936113979,0.01702438452262595
2026-M100-ARG-SUI,100,2026-07-11,Quarter-ﬁnal,ARG_rodrigo_de_paul,Rodrigo DE PAUL,ARG,Argentina,SUI,MF,1,5,4,0.75,0.75,80.5,0.035856573705179286,0.35856573705179284,0.250996015936255,0.5625,0.45,2.3015873015873014,1.959440836940837,13.517316017316018,0.8373015873015872,0.9108694083694084,3.6385281385281383,4.0,1,0,0,0,1,85.0,0,0,0.03156287008574454,0.016866325700845123,0.051417619903553875
2026-M100-ARG-SUI,100,2026-07-11,Quarter-ﬁnal,ARG_julian_alvarez,Julian ALVAREZ,ARG,Argentina,SUI,FW,1,5,5,0.9166666666666666,0.4166666666666667,86.0,0.04100227790432802,1.0250569476082005,0.6970387243735763,1.09375,0.6875000000000001,2.3015873015873014,1.959440836940837,13.517316017316018,0.8373015873015872,0.9108694083694084,3.6385281385281383,4.0,1,0,1,0,1,90.0,1,0,0.03842234659421595,0.08076635026817312,0.08942904626557
2026-M100-ARG-SUI,100,2026-07-11,Quarter-ﬁnal,ARG_lionel_messi,Lionel MESSI,ARG,Argentina,SUI,FW,1,5,5,0.9166666666666666,0.75,87.5,1.1571428571428573,4.339285714285714,2.6357142857142852,4.05,2.4599999999999995,2.3015873015873014,1.959440836940837,13.517316017316018,0.8373015873015872,0.9108694083694084,3.6385281385281383,4.0,1,0,0,0,1,90.0,0,0,0.6753475326416503,0.884972514736277,0.48338826684663055
2026-M100-ARG-SUI,100,2026-07-11,Quarter-ﬁnal,ARG_cristian_romero,Cristian ROMERO,ARG,Argentina,SUI,DF,1,5,4,0.75,0.75,79.5,0.21686746987951808,0.3614457831325301,0.25301204819277107,0.5,0.4,2.3015873015873014,1.959440836940837,13.517316017316018,0.8373015873015872,0.9108694083694084,3.6385281385281383,4.0,1,0,0,0,1,90.0,0,0,0.17433508944136555,0.009051800225662498,0.03996555177088743
2026-M100-ARG-SUI,100,2026-07-11,Quarter-ﬁnal,ARG_alexis_mac_allister,Alexis MAC ALLISTER,ARG,Argentina,SUI,MF,1,5,5,0.9166666666666666,0.75,90.0,0.03163444639718805,1.1072056239015817,0.37961335676625657,1.354515050167224,0.3612040133779264,2.3015873015873014,1.959440836940837,13.517316017316018,0.8373015873015872,0.9108694083694084,3.6385281385281383,4.0,1,1,1,1,1,90.0,4,1,0.031139312131996055,0.03412644586425764,0.0611147158948004
2026-M100-ARG-SUI,100,2026-07-11,Quarter-ﬁnal,ARG_enzo_fernandez,Enzo FERNANDEZ,ARG,Argentina,SUI,MF,1,5,4,0.75,0.75,90.0,0.03333333333333333,1.1666666666666667,0.4,1.5,0.7333333333333334,2.3015873015873014,1.959440836940837,13.517316017316018,0.8373015873015872,0.9108694083694084,3.6385281385281383,4.0,1,0,0,0,1,90.0,0,0,0.0327838995179941,0.022367523325150428,0.05387431018461678
2026-M100-ARG-SUI,100,2026-07-11,Quarter-ﬁnal,ARG_nahuel_molina,Nahuel MOLINA,ARG,Argentina,SUI,DF,1,5,4,0.75,0.5833333333333334,84.33333333333333,0.03765690376569038,0.18828451882845187,0.07531380753138076,0.17786561264822134,0.07114624505928854,2.3015873015873014,1.959440836940837,13.517316017316018,0.8373015873015872,0.9108694083694084,3.6385281385281383,4.0,1,0,0,0,1,85.0,1,0,0.03467062393053011,0.007228192140666041,0.026767020951493282
2026-M100-ARG-SUI,100,2026-07-11,Quarter-ﬁnal,ARG_juan_musso,Juan MUSSO,ARG,Argentina,SUI,GK,0,5,0,0.08333333333333333,0.08333333333333333,1.2833333333333332,0.1,0.5,0.2,0.5,0.2,2.3015873015873014,1.959440836940837,13.517316017316018,0.8373015873015872,0.9108694083694084,3.6385281385281383,4.0,1,0,0,0,0,0.0,0,0,0.0014249097765947072,0.00033019529558150446,0.001556072691766699
2026-M100-ARG-SUI,100,2026-07-11,Quarter-ﬁnal,ARG_geronimo_rulli,Geronimo RULLI,ARG,Argentina,SUI,GK,0,5,0,0.08333333333333333,0.08333333333333333,1.2833333333333332,0.1,0.5,0.2,0.5,0.2,2.3015873015873014,1.959440836940837,13.517316017316018,0.8373015873015872,0.9108694083694084,3.6385281385281383,4.0,1,0,0,0,0,0.0,0,0,0.0014249097765947072,0.00033019529558150446,0.001556072691766699
2026-M100-ARG-SUI,100,2026-07-11,Quarter-ﬁnal,ARG_marcos_senesi,Marcos SENESI,ARG,Argentina,SUI,DF,0,5,1,0.25,0.25,1.2833333333333332,0.06666666666666667,1.0,0.13333333333333333,1.25,0.1,2.3015873015873014,1.959440836940837,13.517316017316018,0.8373015873015872,0.9108694083694084,3.6385281385281383,4.0,1,0,0,0,0,0.0,0,0,0.0009501655904808892,0.0009901346621111226,0.0013576608265530247
2026-M100-ARG-SUI,100,2026-07-11,Quarter-ﬁnal,ARG_gonzalo_montiel,Gonzalo MONTIEL,ARG,Argentina,SUI,DF,0,5,3,0.5833333333333334,0.25,3.3291666666666666,0.0743801652892562,0.371900826446281,0.1487603305785124,0.4205607476635514,0.16822429906542055,2.3015873015873014,1.959440836940837,13.517316017316018,0.8373015873015872,0.9108694083694084,3.6385281385281383,4.0,1,0,0,0,1,5.0,0,0,0.002747595840611239,0.0011567182425274315,0.001368675045187852
2026-M100-ARG-SUI,100,2026-07-11,Quarter-ﬁnal,ARG_valentin_barco,Valentin BARCO,ARG,Argentina,SUI,MF,0,5,1,0.25,0.08333333333333333,4.275,0.09045226130653267,0.45226130653266333,0.18090452261306533,0.41284403669724773,0.1651376146788991,2.3015873015873014,1.959440836940837,13.517316017316018,0.8373015873015872,0.9108694083694084,3.6385281385281383,4.0,1,0,0,0,0,0.0,0,0,0.004287265735988588,0.0028733840342658377,0.0019392326228510673
2026-M100-ARG-SUI,100,2026-07-11,Quarter-ﬁnal,ARG_giovani_lo_celso,Giovani LO CELSO,ARG,Argentina,SUI,MF,0,5,1,0.25,0.25,1.2833333333333332,0.45,0.75,0.5249999999999999,0.9,0.72,2.3015873015873014,1.959440836940837,13.517316017316018,0.8373015873015872,0.9108694083694084,3.6385281385281383,4.0,1,0,0,0,0,0.0,0,0,0.006396123823455224,0.0055631167369938695,0.020196811623665285
2026-M100-ARG-SUI,100,2026-07-11,Quarter-ﬁnal,ARG_exequiel_palacios,Exequiel PALACIOS,ARG,Argentina,SUI,MF,0,5,1,0.25,0.25,1.2833333333333332,0.06666666666666667,0.3333333333333333,0.13333333333333333,0.25,0.1,2.3015873015873014,1.959440836940837,13.517316017316018,0.8373015873015872,0.9108694083694084,3.6385281385281383,4.0,1,0,0,0,0,0.0,0,0,0.0009501655904808892,0.0023279530414751955,0.0019363075576055188
2026-M100-ARG-SUI,100,2026-07-11,Quarter-ﬁnal,ARG_nico_gonzalez,Nico GONZALEZ,ARG,Argentina,SUI,MF,0,5,4,0.75,0.08333333333333333,19.9375,0.06206896551724138,1.5517241379310345,0.12413793103448276,1.6071428571428572,0.12857142857142856,2.3015873015873014,1.959440836940837,13.517316017316018,0.8373015873015872,0.9108694083694084,3.6385281385281383,4.0,1,0,0,0,1,12.0,1,0,0.013655900532955956,0.006865455190647604,0.040133285094176664
2026-M100-ARG-SUI,100,2026-07-11,Quarter-ﬁnal,ARG_thiago_almada,Thiago ALMADA,ARG,Argentina,SUI,FW,0,5,4,0.75,0.5833333333333334,6.75,0.04580152671755725,0.6870229007633588,0.0916030534351145,0.7336956521739131,0.09782608695652174,2.3015873015873014,1.959440836940837,13.517316017316018,0.8373015873015872,0.9108694083694084,3.6385281385281383,4.0,1,0,0,0,1,0.0,0,0,0.003429221247923775,0.005477458888074554,0.016230157245775624
2026-M100-ARG-SUI,100,2026-07-11,Quarter-ﬁnal,ARG_giuliano_simeone,Giuliano SIMEONE,ARG,Argentina,SUI,FW,0,5,1,0.25,0.25,1.2833333333333332,0.07171314741035857,0.35856573705179284,0.14342629482071714,0.2795031055900621,0.11180124223602485,2.3015873015873014,1.959440836940837,13.517316017316018,0.8373015873015872,0.9108694083694084,3.6385281385281383,4.0,1,0,0,0,0,0.0,0,0,0.001022053708180537,0.003971493081281626,0.010095350352945098
2026-M100-ARG-SUI,100,2026-07-11,Quarter-ﬁnal,ARG_nico_paz,Nico PAZ,ARG,Argentina,SUI,FW,0,5,2,0.4166666666666667,0.25,2.25,0.07171314741035857,0.7171314741035857,0.14342629482071714,0.8940397350993378,0.11920529801324503,2.3015873015873014,1.959440836940837,13.517316017316018,0.8373015873015872,0.9108694083694084,3.6385281385281383,4.0,1,0,0,0,0,0.0,0,0,0.0017912225279099747,0.005078861177067132,0.009895431753026495
2026-M100-ARG-SUI,100,2026-07-11,Quarter-ﬁnal,ARG_nicolas_otamendi,Nicolas OTAMENDI,ARG,Argentina,SUI,DF,0,5,4,0.75,0.25,7.816666666666666,0.057692307692307696,0.5769230769230769,0.11538461538461539,0.75,0.1,2.3015873015873014,1.959440836940837,13.517316017316018,0.8373015873015872,0.9108694083694084,3.6385281385281383,4.0,1,0,0,0,1,0.0,0,0,0.004998151225736214,0.0014393846574771202,0.004453501607957623
2026-M100-ARG-SUI,100,2026-07-11,Quarter-ﬁnal,ARG_jose_manuel_lopez,Jose Manuel LOPEZ,ARG,Argentina,SUI,FW,0,5,1,0.25,0.08333333333333333,1.8,0.09574468085106383,0.9574468085106383,0.19148936170212766,1.3775510204081634,0.1836734693877551,2.3015873015873014,1.959440836940837,13.517316017316018,0.8373015873015872,0.9108694083694084,3.6385281385281383,4.0,1,0,0,0,1,0.0,0,0,0.0019130613779398953,0.005190578327596097,0.009981629700560506
2026-M100-ARG-SUI,100,2026-07-11,Quarter-ﬁnal,ARG_lautaro_martinez,Lautaro MARTINEZ,ARG,Argentina,SUI,FW,0,5,5,0.9166666666666666,0.75,5.4,0.24107142857142858,1.6071428571428572,0.48214285714285715,2.457983193277311,0.453781512605042,2.3015873015873014,1.959440836940837,13.517316017316018,0.8373015873015872,0.9108694083694084,3.6385281385281383,4.0,1,0,1,0,1,5.0,1,0,0.014360180474081052,0.012671990511077313,0.04668564293211846
2026-M100-ARG-SUI,100,2026-07-11,Quarter-ﬁnal,ARG_facundo_medina,Facundo MEDINA,ARG,Argentina,SUI,DF,0,5,4,0.75,0.5833333333333334,0.0,0.0410958904109589,0.2054794520547945,0.0821917808219178,0.2556818181818182,0.10227272727272728,2.3015873015873014,1.959440836940837,13.517316017316018,0.8373015873015872,0.9108694083694084,3.6385281385281383,4.0,1,0,0,0,0,0.0,0,0,0.0,0.0009344870055067325,0.013567184224165531
2026-M100-ARG-SUI,100,2026-07-11,Quarter-ﬁnal,SUI_gregor_kobel,Gregor KOBEL,SUI,Switzerland,ARG,GK,1,5,5,0.9166666666666666,0.9166666666666666,90.0,0.02857142857142857,0.14285714285714285,0.05714285714285714,0.125,0.05,1.6944444444444444,1.641940836940837,12.195887445887447,1.0515873015873016,0.8055122655122656,2.4242424242424243,4.0,1,0,0,0,1,90.0,0,0,0.028167124967018897,0.00400909843479128,0.02526672770028281
2026-M100-ARG-SUI,100,2026-07-11,Quarter-ﬁnal,SUI_nico_elvedi,Nico ELVEDI,SUI,Switzerland,ARG,DF,1,5,5,0.9166666666666666,0.9166666666666666,90.0,0.02857142857142857,0.5714285714285714,0.05714285714285714,0.375,0.05,1.6944444444444444,1.641940836940837,12.195887445887447,1.0515873015873016,0.8055122655122656,2.4242424242424243,4.0,1,0,0,0,1,90.0,0,0,0.028167124967018897,0.01286275445020554,0.019041777311736403
2026-M100-ARG-SUI,100,2026-07-11,Quarter-ﬁnal,SUI_manuel_akanji,Manuel AKANJI,SUI,Switzerland,ARG,DF,1,5,5,0.9166666666666666,0.9166666666666666,90.0,0.02857142857142857,0.2857142857142857,0.19999999999999998,0.125,0.05,1.6944444444444444,1.641940836940837,12.195887445887447,1.0515873015873016,0.8055122655122656,2.4242424242424243,4.0,1,0,0,0,1,90.0,0,0,0.028167124967018897,0.013973967266163498,0.018284562288984615
2026-M100-ARG-SUI,100,2026-07-11,Quarter-ﬁnal,SUI_denis_zakaria,Denis ZAKARIA,SUI,Switzerland,ARG,MF,1,5,3,0.5833333333333334,0.5833333333333334,88.0,0.04054054054054054,1.0135135135135136,0.4864864864864865,0.8522727272727273,0.4090909090909091,1.6944444444444444,1.641940836940837,12.195887445887447,1.0515873015873016,0.8055122655122656,2.4242424242424243,4.0,1,0,0,0,1,90.0,1,0,0.03886426802779819,0.04834104003887336,0.04998621690328921
2026-M100-ARG-SUI,100,2026-07-11,Quarter-ﬁnal,SUI_breel_embolo,Breel EMBOLO,SUI,Switzerland,ARG,FW,1,5,5,0.9166666666666666,0.9166666666666666,86.8,0.3224755700325733,1.4657980456026058,0.6449511400651466,1.173913043478261,0.8347826086956521,1.6944444444444444,1.641940836940837,12.195887445887447,1.0515873015873016,0.8055122655122656,2.4242424242424243,4.0,1,0,0,0,1,90.0,1,1,0.26729328416613185,0.15163225681414347,0.15129027379811905
2026-M100-ARG-SUI,100,2026-07-11,Quarter-ﬁnal,SUI_remo_freuler,Remo FREULER,SUI,Switzerland,ARG,MF,1,5,5,0.9166666666666666,0.9166666666666666,89.8,0.028616852146263912,0.4292527821939587,0.20031796502384736,0.375,0.3,1.6944444444444444,1.641940836940837,12.195887445887447,1.0515873015873016,0.8055122655122656,2.4242424242424243,4.0,1,0,0,0,1,90.0,0,0,0.028149467157272623,0.03229720210107991,0.049414833223414806
2026-M100-ARG-SUI,100,2026-07-11,Quarter-ﬁnal,SUI_granit_xhaka,Granit XHAKA,SUI,Switzerland,ARG,MF,1,5,5,0.9166666666666666,0.9166666666666666,90.0,0.02857142857142857,0.8571428571428571,0.19999999999999998,0.375,0.05,1.6944444444444444,1.641940836940837,12.195887445887447,1.0515873015873016,0.8055122655122656,2.4242424242424243,4.0,1,0,0,0,1,90.0,2,1,0.028167124967018897,0.04977406835288767,0.04033459987655314
2026-M100-ARG-SUI,100,2026-07-11,Quarter-ﬁnal,SUI_dan_ndoye,Dan NDOYE,SUI,Switzerland,ARG,FW,1,5,5,0.9166666666666666,0.75,78.5,0.21428571428571427,2.5,1.1428571428571428,1.1371841155234657,0.7148014440433214,1.6944444444444444,1.641940836940837,12.195887445887447,1.0515873015873016,0.8055122655122656,2.4242424242424243,4.0,1,1,1,1,1,86.0,3,2,0.1704772652112665,0.38692324969612474,0.25722206237297435
2026-M100-ARG-SUI,100,2026-07-11,Quarter-ﬁnal,SUI_ricardo_rodriguez,Ricardo RODRIGUEZ,SUI,Switzerland,ARG,DF,1,5,5,0.9166666666666666,0.9166666666666666,86.0,0.029508196721311476,0.29508196721311475,0.05901639344262295,0.39589442815249265,0.05278592375366569,1.6944444444444444,1.641940836940837,12.195887445887447,1.0515873015873016,0.8055122655122656,2.4242424242424243,4.0,1,0,0,0,1,90.0,0,0,0.027802903899405318,0.010718815593608657,0.018305962618772684
2026-M100-ARG-SUI,100,2026-07-11,Quarter-ﬁnal,SUI_djibril_sow,Djibril SOW,SUI,Switzerland,ARG,MF,1,5,3,0.5833333333333334,0.25,74.0,0.05660377358490566,0.5660377358490566,0.11320754716981132,0.645933014354067,0.0861244019138756,1.6944444444444444,1.641940836940837,12.195887445887447,1.0515873015873016,0.8055122655122656,2.4242424242424243,4.0,1,0,0,0,1,86.0,1,1,0.045474461711919156,0.03615996203202259,0.07013238385295341
2026-M100-ARG-SUI,100,2026-07-11,Quarter-ﬁnal,SUI_fabian_rieder,Fabian RIEDER,SUI,Switzerland,ARG,MF,1,5,4,0.75,0.4166666666666667,80.5,0.046875,1.640625,0.5625,2.487437185929648,0.9949748743718594,1.6944444444444444,1.641940836940837,12.195887445887447,1.0515873015873016,0.8055122655122656,2.4242424242424243,4.0,1,0,0,0,1,86.0,1,0,0.04106029929020805,0.04400812329756177,0.10128501831589196
2026-M100-ARG-SUI,100,2026-07-11,Quarter-ﬁnal,SUI_yvon_mvogo,Yvon MVOGO,SUI,Switzerland,ARG,GK,0,5,0,0.08333333333333333,0.08333333333333333,1.2833333333333332,0.1,0.5,0.2,0.5,0.2,1.6944444444444444,1.641940836940837,12.195887445887447,1.0515873015873016,0.8055122655122656,2.4242424242424243,4.0,1,0,0,0,0,0.0,0,0,0.0014249097765947072,0.0005091839545407049,0.001344805401461705
2026-M100-ARG-SUI,100,2026-07-11,Quarter-ﬁnal,SUI_marvin_keller,Marvin KELLER,SUI,Switzerland,ARG,GK,0,5,0,0.08333333333333333,0.08333333333333333,1.2833333333333332,0.1,0.5,0.2,0.5,0.2,1.6944444444444444,1.641940836940837,12.195887445887447,1.0515873015873016,0.8055122655122656,2.4242424242424243,4.0,1,0,0,0,0,0.0,0,0,0.0014249097765947072,0.0005091839545407049,0.001344805401461705
2026-M100-ARG-SUI,100,2026-07-11,Quarter-ﬁnal,SUI_miro_muheim,Miro MUHEIM,SUI,Switzerland,ARG,DF,0,5,2,0.4166666666666667,0.08333333333333333,3.9166666666666665,0.09,0.45,0.18,0.41284403669724773,0.1651376146788991,1.6944444444444444,1.641940836940837,12.195887445887447,1.0515873015873016,0.8055122655122656,2.4242424242424243,4.0,1,0,0,0,1,4.0,0,0,0.00390900653177273,0.0018844417411014885,0.0011022539485648914
2026-M100-ARG-SUI,100,2026-07-11,Quarter-ﬁnal,SUI_silvan_widmer,Silvan WIDMER,SUI,Switzerland,ARG,DF,0,5,4,0.75,0.25,4.094444444444444,0.0625,0.3125,0.125,0.4017857142857143,0.16071428571428573,1.6944444444444444,1.641940836940837,12.195887445887447,1.0515873015873016,0.8055122655122656,2.4242424242424243,4.0,1,0,0,0,1,4.0,0,0,0.002839325666129655,0.0019661054988855827,0.004530244516158543
2026-M100-ARG-SUI,100,2026-07-11,Quarter-ﬁnal,SUI_johan_manzambi,Johan MANZAMBI,SUI,Switzerland,ARG,MF,0,5,4,0.75,0.4166666666666667,8.420833333333333,0.7598944591029023,1.6622691292875988,0.8073878627968337,0.9146341463414634,0.43902439024390244,1.6944444444444444,1.641940836940837,12.195887445887447,1.0515873015873016,0.8055122655122656,2.4242424242424243,4.0,1,0,0,0,0,0.0,0,0,0.0686306760022447,0.07121993694917599,0.10242675903112654
2026-M100-ARG-SUI,100,2026-07-11,Quarter-ﬁnal,SUI_ardon_jashari,Ardon JASHARI,SUI,Switzerland,ARG,MF,0,5,2,0.4166666666666667,0.25,0.225,0.07964601769911504,0.7964601769911505,0.1592920353982301,0.3333333333333333,0.13333333333333333,1.6944444444444444,1.641940836940837,12.195887445887447,1.0515873015873016,0.8055122655122656,2.4242424242424243,4.0,1,0,0,0,1,0.0,0,0,0.0001990952221629927,0.005661287532354908,0.002245646056971066
2026-M100-ARG-SUI,100,2026-07-11,Quarter-ﬁnal,SUI_christian_fassnacht,Christian FASSNACHT,SUI,Switzerland,ARG,FW,0,5,1,0.25,0.08333333333333333,1.125,0.0972972972972973,0.4864864864864865,0.1945945945945946,0.47368421052631576,0.18947368421052632,1.6944444444444444,1.641940836940837,12.195887445887447,1.0515873015873016,0.8055122655122656,2.4242424242424243,4.0,1,0,0,0,0,0.0,0,0,0.0012154769250168895,0.007404977800270575,0.005703562102540696
2026-M100-ARG-SUI,100,2026-07-11,Quarter-ﬁnal,SUI_ruben_vargas,Ruben VARGAS,SUI,Switzerland,ARG,FW,0,5,5,0.9166666666666666,0.5833333333333334,3.720833333333333,0.4615384615384616,1.4685314685314685,0.9230769230769232,0.5601659751037344,0.44813278008298757,1.6944444444444444,1.641940836940837,12.195887445887447,1.0515873015873016,0.8055122655122656,2.4242424242424243,4.0,1,0,0,0,1,0.0,0,0,0.018900302932635005,0.07923323062496468,0.07364798834047002
2026-M100-ARG-SUI,100,2026-07-11,Quarter-ﬁnal,SUI_eray_coemert,Eray COEMERT,SUI,Switzerland,ARG,DF,0,5,0,0.08333333333333333,0.08333333333333333,1.2833333333333332,0.1,0.5,0.2,0.5,0.2,1.6944444444444444,1.641940836940837,12.195887445887447,1.0515873015873016,0.8055122655122656,2.4242424242424243,4.0,1,0,0,0,1,0.0,0,0,0.0014249097765947072,0.0013521684218010183,0.001167807435102624
2026-M100-ARG-SUI,100,2026-07-11,Quarter-ﬁnal,SUI_noah_okafor,Noah OKAFOR,SUI,Switzerland,ARG,FW,0,5,1,0.25,0.08333333333333333,4.275,0.09045226130653267,0.9045226130653267,0.18090452261306533,1.238532110091743,0.1651376146788991,1.6944444444444444,1.641940836940837,12.195887445887447,1.0515873015873016,0.8055122655122656,2.4242424242424243,4.0,1,0,0,0,0,0.0,0,0,0.004287265735988588,0.00799509655814293,0.005271421154660237
2026-M100-ARG-SUI,100,2026-07-11,Quarter-ﬁnal,SUI_michel_aebischer,Michel AEBISCHER,SUI,Switzerland,ARG,MF,0,5,4,0.75,0.4166666666666667,3.720833333333333,0.05357142857142857,0.8035714285714286,0.37499999999999994,0.41284403669724773,0.1651376146788991,1.6944444444444444,1.641940836940837,12.195887445887447,1.0515873015873016,0.8055122655122656,2.4242424242424243,4.0,1,0,0,0,0,0.0,0,0,0.002212330926617767,0.009026616675832126,0.005116312492367519
2026-M100-ARG-SUI,100,2026-07-11,Quarter-ﬁnal,SUI_zeki_amdouni,Zeki AMDOUNI,SUI,Switzerland,ARG,FW,0,5,3,0.5833333333333334,0.08333333333333333,3.35,0.09090909090909091,0.9090909090909091,0.18181818181818182,0.4639175257731959,0.18556701030927836,1.6944444444444444,1.641940836940837,12.195887445887447,1.0515873015873016,0.8055122655122656,2.4242424242424243,4.0,1,0,0,0,1,4.0,0,0,0.0033781196549710346,0.013213242081689244,0.0057802959110619416
2026-M100-ARG-SUI,100,2026-07-11,Quarter-ﬁnal,SUI_aurele_amenda,Aurele AMENDA,SUI,Switzerland,ARG,DF,0,5,0,0.08333333333333333,0.08333333333333333,1.2833333333333332,0.1,0.5,0.2,0.5,0.2,1.6944444444444444,1.641940836940837,12.195887445887447,1.0515873015873016,0.8055122655122656,2.4242424242424243,4.0,1,0,0,0,0,0.0,0,0,0.0014249097765947072,0.0013521684218010183,0.001167807435102624
2026-M100-ARG-SUI,100,2026-07-11,Quarter-ﬁnal,SUI_luca_jaquez,Luca JAQUEZ,SUI,Switzerland,ARG,DF,0,5,2,0.4166666666666667,0.25,0.9,0.06976744186046512,0.3488372093023256,0.13953488372093023,0.27439024390243905,0.10975609756097561,1.6944444444444444,1.641940836940837,12.195887445887447,1.0515873015873016,0.8055122655122656,2.4242424242424243,4.0,1,0,0,0,0,0.0,0,0,0.0006974311003963285,0.0015474729634923769,0.0011132758847140442
2026-M100-ARG-SUI,100,2026-07-11,Quarter-ﬁnal,SUI_cedric_itten,Cedric ITTEN,SUI,Switzerland,ARG,FW,0,5,3,0.5833333333333334,0.08333333333333333,1.675,0.09523809523809523,0.47619047619047616,0.19047619047619047,0.45918367346938777,0.1836734693877551,1.6944444444444444,1.641940836940837,12.195887445887447,1.0515873015873016,0.8055122655122656,2.4242424242424243,4.0,1,0,0,0,0,0.0,0,0,0.0017709168455026791,0.010412215193429726,0.005280295911061941
2026-M101-FRA-ESP,101,2026-07-14,Semi-ﬁnal,FRA_mike_maignan,Mike MAIGNAN,FRA,France,ESP,GK,1,6,6,0.9285714285714286,0.9285714285714286,90.0,0.025,0.125,0.05,0.125,0.05,2.3578125,1.9752406249999999,16.7659375,0.4828125,0.555240625,2.0284375,5.0,1,0,0,0,1,90.0,0,0,0.024690087971667385,0.003076563749417676,0.027977015658082412
2026-M101-FRA-ESP,101,2026-07-14,Semi-ﬁnal,FRA_lucas_digne,Lucas DIGNE,FRA,France,ESP,DF,1,6,4,0.6428571428571429,0.6428571428571429,87.0,0.03409090909090909,0.5113636363636364,0.23863636363636362,0.646551724137931,0.3103448275862069,2.3578125,1.9752406249999999,16.7659375,0.4828125,0.555240625,2.0284375,5.0,1,0,0,0,1,72.0,0,0,0.03241746038599369,0.007429990434239925,0.02693070749209619
2026-M101-FRA-ESP,101,2026-07-14,Semi-ﬁnal,FRA_dayot_upamecano,Dayot UPAMECANO,FRA,France,ESP,DF,1,6,6,0.9285714285714286,0.9285714285714286,87.66666666666667,0.025495750708215296,0.509915014164306,0.17847025495750707,0.875,0.3,2.3578125,1.9752406249999999,16.7659375,0.4828125,0.555240625,2.0284375,5.0,1,0,0,0,1,90.0,0,0,0.02452890446102174,0.008455722423376976,0.031054289719739055
2026-M101-FRA-ESP,101,2026-07-14,Semi-ﬁnal,FRA_jules_kounde,Jules KOUNDE,FRA,France,ESP,DF,1,6,6,0.9285714285714286,0.9285714285714286,85.33333333333333,0.02601156069364162,0.3901734104046243,0.05202312138728324,0.6578947368421053,0.05263157894736842,2.3578125,1.9752406249999999,16.7659375,0.4828125,0.555240625,2.0284375,5.0,1,0,0,0,1,90.0,0,0,0.024361170797793985,0.008247405407630304,0.019483921168821767
2026-M101-FRA-ESP,101,2026-07-14,Semi-ﬁnal,FRA_ousmane_dembele,Ousmane DEMBELE,FRA,France,ESP,FW,1,5,5,0.9166666666666666,0.9166666666666666,79.2,0.34375000000000006,2.1875,0.53125,2.256637168141593,0.3185840707964602,2.3578125,1.9752406249999999,16.7659375,0.4828125,0.555240625,2.0284375,5.0,1,0,0,0,1,90.0,2,2,0.26103151174105577,0.17072836680910355,0.12382999155611593
2026-M101-FRA-ESP,101,2026-07-14,Semi-ﬁnal,FRA_aurelien_tchouameni,Aurelien TCHOUAMENI,FRA,France,ESP,MF,1,6,3,0.5,0.5,90.0,0.04,0.6,0.08,0.75,0.1,2.3578125,1.9752406249999999,16.7659375,0.4828125,0.555240625,2.0284375,5.0,1,0,0,0,1,90.0,1,0,0.03921056084767682,0.018295672587674932,0.06793160377278068
2026-M101-FRA-ESP,101,2026-07-14,Semi-ﬁnal,FRA_kylian_mbappe,Kylian MBAPPE,FRA,France,ESP,FW,1,6,6,0.9285714285714286,0.9285714285714286,86.5,0.927038626609442,3.9914163090128754,2.4978540772532187,3.8157894736842106,2.684210526315789,2.3578125,1.9752406249999999,16.7659375,0.4828125,0.555240625,2.0284375,5.0,1,0,0,0,1,90.0,3,0,0.5897494155785955,0.6986269368220746,0.43133718598872056
2026-M101-FRA-ESP,101,2026-07-14,Semi-ﬁnal,FRA_michael_olise,Michael OLISE,FRA,France,ESP,FW,1,6,6,0.9285714285714286,0.9285714285714286,81.33333333333333,0.02694610778443114,2.4251497005988023,0.7275449101796408,2.408450704225352,0.8112676056338028,2.3578125,1.9752406249999999,16.7659375,0.4828125,0.555240625,2.0284375,5.0,1,0,0,0,1,73.0,0,0,0.02405719664406125,0.10378354190289081,0.09641335109505425
2026-M101-FRA-ESP,101,2026-07-14,Semi-ﬁnal,FRA_bradley_barcola,Bradley BARCOLA,FRA,France,ESP,FW,1,6,6,0.9285714285714286,0.5,78.0,0.42857142857142866,1.5584415584415585,0.8571428571428573,1.9488188976377954,1.1338582677165354,2.3578125,1.9752406249999999,16.7659375,0.4828125,0.555240625,2.0284375,5.0,1,0,0,0,1,57.0,1,0,0.31025172819669167,0.15680162150839622,0.21453524903636756
2026-M101-FRA-ESP,101,2026-07-14,Semi-ﬁnal,FRA_adrien_rabiot,Adrien RABIOT,FRA,France,ESP,MF,1,6,5,0.7857142857142857,0.7857142857142857,90.0,0.02857142857142857,1.1428571428571428,0.19999999999999998,1.625,0.3,2.3578125,1.9752406249999999,16.7659375,0.4828125,0.555240625,2.0284375,5.0,1,0,0,0,1,45.0,1,0,0.028167124967018897,0.02632992216035758,0.07894845712155743
2026-M101-FRA-ESP,101,2026-07-14,Semi-ﬁnal,FRA_william_saliba,William SALIBA,FRA,France,ESP,DF,1,6,5,0.7857142857142857,0.7857142857142857,90.0,0.02857142857142857,0.2857142857142857,0.05714285714285714,0.125,0.05,2.3578125,1.9752406249999999,16.7659375,0.4828125,0.555240625,2.0284375,5.0,1,0,0,0,1,30.0,0,0,0.028167124967018897,0.007980744158362016,0.020518848955946984
2026-M101-FRA-ESP,101,2026-07-14,Semi-ﬁnal,FRA_brice_samba,Brice SAMBA,FRA,France,ESP,GK,0,6,0,0.07142857142857142,0.07142857142857142,1.0999999999999999,0.1,0.5,0.2,0.5,0.2,2.3578125,1.9752406249999999,16.7659375,0.4828125,0.555240625,2.0284375,5.0,1,0,0,0,0,0.0,0,0,0.0012214756128471338,0.00025979016469528885,0.001484909543864426
2026-M101-FRA-ESP,101,2026-07-14,Semi-ﬁnal,FRA_robin_risser,Robin RISSER,FRA,France,ESP,GK,0,6,0,0.07142857142857142,0.07142857142857142,1.0999999999999999,0.1,0.5,0.2,0.5,0.2,2.3578125,1.9752406249999999,16.7659375,0.4828125,0.555240625,2.0284375,5.0,1,0,0,0,0,0.0,0,0,0.0012214756128471338,0.00025979016469528885,0.001484909543864426
2026-M101-FRA-ESP,101,2026-07-14,Semi-ﬁnal,FRA_malo_gusto,Malo GUSTO,FRA,France,ESP,DF,0,6,4,0.6428571428571429,0.07142857142857142,4.35,0.08653846153846154,0.4326923076923077,0.17307692307692307,0.4166666666666667,0.16666666666666666,2.3578125,1.9752406249999999,16.7659375,0.4828125,0.555240625,2.0284375,5.0,1,0,0,0,0,0.0,0,0,0.004173957033453912,0.001535339851395959,0.0038332648073203203
2026-M101-FRA-ESP,101,2026-07-14,Semi-ﬁnal,FRA_manu_kone,Manu KONE,FRA,France,ESP,MF,0,6,4,0.6428571428571429,0.6428571428571429,1.0999999999999999,0.0345489443378119,1.2092130518234165,0.4145873320537428,1.6135458167330676,0.4302788844621514,2.3578125,1.9752406249999999,16.7659375,0.4828125,0.555240625,2.0284375,5.0,1,0,0,0,1,45.0,0,0,0.000422175733974961,0.003684942550438395,0.02900884833154499
2026-M101-FRA-ESP,101,2026-07-14,Semi-ﬁnal,FRA_marcus_thuram,Marcus THURAM,FRA,France,ESP,FW,0,6,1,0.21428571428571427,0.07142857142857142,0.0,0.1,0.5,0.2,0.5,0.2,2.3578125,1.9752406249999999,16.7659375,0.4828125,0.555240625,2.0284375,5.0,1,0,0,0,0,0.0,0,0,0.0,0.0039443676366735445,0.015633450692415212
2026-M101-FRA-ESP,101,2026-07-14,Semi-ﬁnal,FRA_ngolo_kante,Ngolo KANTE,FRA,France,ESP,MF,0,6,0,0.07142857142857142,0.07142857142857142,1.0999999999999999,0.1,0.5,0.2,0.5,0.2,2.3578125,1.9752406249999999,16.7659375,0.4828125,0.555240625,2.0284375,5.0,1,0,0,0,0,0.0,0,0,0.0012214756128471338,0.001917055630356162,0.0019098192207615968
2026-M101-FRA-ESP,101,2026-07-14,Semi-ﬁnal,FRA_ibrahima_konate,Ibrahima KONATE,FRA,France,ESP,DF,0,6,1,0.21428571428571427,0.07142857142857142,2.7,0.09278350515463918,0.4639175257731959,0.18556701030927836,0.5,0.2,2.3578125,1.9752406249999999,16.7659375,0.4828125,0.555240625,2.0284375,5.0,1,0,0,0,0,0.0,0,0,0.002779634796053365,0.0008133044904784179,0.001465007559857866
2026-M101-FRA-ESP,101,2026-07-14,Semi-ﬁnal,FRA_warren_zaire_emery,Warren ZAIRE-EMERY,FRA,France,ESP,MF,0,6,1,0.21428571428571427,0.07142857142857142,3.6642857142857146,0.09045226130653267,0.45226130653266333,0.18090452261306533,0.41284403669724773,0.1651376146788991,2.3578125,1.9752406249999999,16.7659375,0.4828125,0.555240625,2.0284375,5.0,1,0,0,0,0,0.0,0,0,0.003675926390237838,0.0023347258931947427,0.0017338396130685252
2026-M101-FRA-ESP,101,2026-07-14,Semi-ﬁnal,FRA_theo_hernandez,Theo HERNANDEZ,FRA,France,ESP,DF,0,6,3,0.5,0.35714285714285715,2.3142857142857145,0.04838709677419355,0.967741935483871,0.0967741935483871,0.4411764705882353,0.17647058823529413,2.3578125,1.9752406249999999,16.7659375,0.4828125,0.555240625,2.0284375,5.0,1,0,0,0,1,18.0,0,0,0.0012434658861477654,0.0012306432704827762,0.006888810382315631
2026-M101-FRA-ESP,101,2026-07-14,Semi-ﬁnal,FRA_desire_doue,Desire DOUE,FRA,France,ESP,FW,0,6,6,0.9285714285714286,0.5,10.688095238095238,0.03592814371257485,2.155688622754491,1.3293413173652695,2.345971563981043,1.3649289099526067,2.3578125,1.9752406249999999,16.7659375,0.4828125,0.555240625,2.0284375,5.0,1,0,0,0,1,33.0,2,1,0.004257615233359768,0.024059834540255492,0.07101762758064595
2026-M101-FRA-ESP,101,2026-07-14,Semi-ﬁnal,FRA_lucas_hernandez,Lucas HERNANDEZ,FRA,France,ESP,DF,0,6,0,0.07142857142857142,0.07142857142857142,1.0999999999999999,0.1,0.5,0.2,0.5,0.2,2.3578125,1.9752406249999999,16.7659375,0.4828125,0.555240625,2.0284375,5.0,1,0,0,0,0,0.0,0,0,0.0012214756128471338,0.0006866237782025137,0.0013511188931860962
2026-M101-FRA-ESP,101,2026-07-14,Semi-ﬁnal,FRA_jean_philippe_mateta,Jean-Philippe MATETA,FRA,France,ESP,FW,0,6,3,0.5,0.07142857142857142,3.35,0.08955223880597014,1.791044776119403,0.626865671641791,2.9166666666666665,1.0,2.3578125,1.9752406249999999,16.7659375,0.4828125,0.555240625,2.0284375,5.0,1,0,0,0,0,0.0,0,0,0.0033277839454767255,0.0074734947027470236,0.04200171758478976
2026-M101-FRA-ESP,101,2026-07-14,Semi-ﬁnal,FRA_rayan_cherki,Rayan CHERKI,FRA,France,ESP,MF,0,6,5,0.7857142857142857,0.07142857142857142,9.324285714285713,0.07468879668049792,0.37344398340248963,0.14937759336099585,0.44554455445544555,0.1782178217821782,2.3578125,1.9752406249999999,16.7659375,0.4828125,0.555240625,2.0284375,5.0,1,0,0,0,1,17.0,0,0,0.007708135220564349,0.004924881203208009,0.008251539388027565
2026-M101-FRA-ESP,101,2026-07-14,Semi-ﬁnal,FRA_maghnes_akliouche,Maghnes AKLIOUCHE,FRA,France,ESP,MF,0,6,1,0.21428571428571427,0.07142857142857142,1.35,0.0962566844919786,0.48128342245989303,0.1925133689839572,0.5,0.2,2.3578125,1.9752406249999999,16.7659375,0.4828125,0.555240625,2.0284375,5.0,1,0,0,0,0,0.0,0,0,0.0014428084170680089,0.0023096365636562357,0.0020759102668701053
2026-M101-FRA-ESP,101,2026-07-14,Semi-ﬁnal,FRA_maxence_lacroix,Maxence LACROIX,FRA,France,ESP,DF,0,6,1,0.21428571428571427,0.21428571428571427,1.0999999999999999,0.06666666666666667,0.3333333333333333,0.13333333333333333,0.5,0.2,2.3578125,1.9752406249999999,16.7659375,0.4828125,0.555240625,2.0284375,5.0,1,0,0,0,1,60.0,0,0,0.0008144829433676115,0.0006199519334337719,0.001512123687801062
2026-M101-FRA-ESP,101,2026-07-14,Semi-ﬁnal,ESP_unai_simon,Unai SIMON,ESP,Spain,FRA,GK,1,6,6,0.9285714285714286,0.9285714285714286,90.0,0.025,0.125,0.05,0.125,0.05,1.7328125,1.903990625,16.7659375,0.6078125,0.752740625,2.4034375,4.0,1,0,0,0,1,90.0,0,0,0.024690087971667385,0.003933990931583686,0.024886181292142106
2026-M101-FRA-ESP,101,2026-07-14,Semi-ﬁnal,ESP_fabian_ruiz,Fabian RUIZ,ESP,Spain,FRA,MF,1,6,6,0.9285714285714286,0.35714285714285715,63.0,0.29916897506925205,1.994459833795014,0.5983379501385041,1.5,0.72,1.7328125,1.903990625,16.7659375,0.6078125,0.752740625,2.4034375,4.0,1,0,0,0,1,78.0,1,0,0.18894408585249778,0.13800672373970563,0.14755490194799561
2026-M101-FRA-ESP,101,2026-07-14,Semi-ﬁnal,ESP_dani_olmo,Dani OLMO,ESP,Spain,FRA,FW,1,6,6,0.9285714285714286,0.6428571428571429,75.75,0.034482758620689655,1.896551724137931,0.24137931034482757,2.033132530120482,0.3253012048192771,1.7328125,1.903990625,16.7659375,0.6078125,0.752740625,2.4034375,4.0,1,0,0,0,1,78.0,1,0,0.02860586668969045,0.09848950664719286,0.1046773484834946
2026-M101-FRA-ESP,101,2026-07-14,Semi-ﬁnal,ESP_pedro_porro,Pedro PORRO,ESP,Spain,FRA,DF,1,6,4,0.6428571428571429,0.6428571428571429,90.0,0.2,1.0,0.4,0.875,0.3,1.7328125,1.903990625,16.7659375,0.6078125,0.752740625,2.4034375,4.0,1,1,1,1,1,84.0,2,1,0.18126924692201818,0.019302117922846074,0.03350468236275204
2026-M101-FRA-ESP,101,2026-07-14,Semi-ﬁnal,ESP_aymeric_laporte,Aymeric LAPORTE,ESP,Spain,FRA,DF,1,6,6,0.9285714285714286,0.9285714285714286,90.0,0.025,0.625,0.175,0.625,0.05,1.7328125,1.903990625,16.7659375,0.6078125,0.752740625,2.4034375,4.0,1,0,0,0,1,90.0,0,0,0.024690087971667385,0.014137782059403928,0.017408565566714294
2026-M101-FRA-ESP,101,2026-07-14,Semi-ﬁnal,ESP_alex_baena,Alex BAENA,ESP,Spain,FRA,MF,1,6,5,0.7857142857142857,0.7857142857142857,65.8,0.21218074656188604,1.768172888015717,0.7779960707269157,2.0103092783505154,0.9896907216494846,1.7328125,1.903990625,16.7659375,0.6078125,0.752740625,2.4034375,4.0,1,0,0,0,1,84.0,2,0,0.14369418092957376,0.06540805870350548,0.11519267244052704
2026-M101-FRA-ESP,101,2026-07-14,Semi-ﬁnal,ESP_rodri,RODRI,ESP,Spain,FRA,MF,1,6,6,0.9285714285714286,0.9285714285714286,89.5,0.02510460251046025,0.8786610878661087,0.0502092050209205,0.875,0.05,1.7328125,1.903990625,16.7659375,0.6078125,0.752740625,2.4034375,4.0,1,0,0,0,1,90.0,0,0,0.024656080757039178,0.037355885762896765,0.043440367119957614
2026-M101-FRA-ESP,101,2026-07-14,Semi-ﬁnal,ESP_lamine_yamal,Lamine YAMAL,ESP,Spain,FRA,FW,1,6,6,0.9285714285714286,0.7857142857142857,77.2,0.18461538461538463,3.6923076923076925,1.6,3.9295774647887325,2.0788732394366196,1.7328125,1.903990625,16.7659375,0.6078125,0.752740625,2.4034375,4.0,1,0,0,0,1,90.0,0,0,0.14645667320159583,0.27714929400234967,0.19377514073300117
2026-M101-FRA-ESP,101,2026-07-14,Semi-ﬁnal,ESP_mikel_oyarzabal,Mikel OYARZABAL,ESP,Spain,FRA,FW,1,6,6,0.9285714285714286,0.9285714285714286,78.33333333333333,0.5815384615384616,2.9076923076923076,1.44,2.4498567335243555,1.5988538681948423,1.7328125,1.903990625,16.7659375,0.6078125,0.752740625,2.4034375,4.0,1,1,1,1,1,74.0,2,1,0.3971903755725851,0.4062779264532342,0.35882412166745936
2026-M101-FRA-ESP,101,2026-07-14,Semi-ﬁnal,ESP_pau_cubarsi,Pau CUBARSI,ESP,Spain,FRA,DF,1,6,6,0.9285714285714286,0.9285714285714286,90.0,0.025,0.5,0.175,0.375,0.3,1.7328125,1.903990625,16.7659375,0.6078125,0.752740625,2.4034375,4.0,1,0,0,0,1,90.0,0,0,0.024690087971667385,0.012104486495583254,0.027550206518138425
2026-M101-FRA-ESP,101,2026-07-14,Semi-ﬁnal,ESP_marc_cucurella,Marc CUCURELLA,ESP,Spain,FRA,DF,1,6,6,0.9285714285714286,0.9285714285714286,90.0,0.025,0.625,0.425,0.375,0.3,1.7328125,1.903990625,16.7659375,0.6078125,0.752740625,2.4034375,4.0,1,0,0,0,1,90.0,0,0,0.024690087971667385,0.016777915990213638,0.032105032238426784
2026-M101-FRA-ESP,101,2026-07-14,Semi-ﬁnal,ESP_david_raya,David RAYA,ESP,Spain,FRA,GK,0,6,0,0.07142857142857142,0.07142857142857142,1.0999999999999999,0.1,0.5,0.2,0.5,0.2,1.7328125,1.903990625,16.7659375,0.6078125,0.752740625,2.4034375,4.0,1,0,0,0,0,0.0,0,0,0.0012214756128471338,0.0003324545337585086,0.001353286773739229
2026-M101-FRA-ESP,101,2026-07-14,Semi-ﬁnal,ESP_joan_garcia,Joan GARCIA,ESP,Spain,FRA,GK,0,6,0,0.07142857142857142,0.07142857142857142,1.0999999999999999,0.1,0.5,0.2,0.5,0.2,1.7328125,1.903990625,16.7659375,0.6078125,0.752740625,2.4034375,4.0,1,0,0,0,0,0.0,0,0,0.0012214756128471338,0.0003324545337585086,0.001353286773739229
2026-M101-FRA-ESP,101,2026-07-14,Semi-ﬁnal,ESP_marc_pubill,Marc PUBILL,ESP,Spain,FRA,DF,0,6,1,0.21428571428571427,0.07142857142857142,0.0,0.1,0.5,0.2,0.5,0.2,1.7328125,1.903990625,16.7659375,0.6078125,0.752740625,2.4034375,4.0,1,0,0,0,0,0.0,0,0,0.0,0.001079099258505867,0.002437774238843099
2026-M101-FRA-ESP,101,2026-07-14,Semi-ﬁnal,ESP_alex_grimaldo,Alex GRIMALDO,ESP,Spain,FRA,DF,0,6,0,0.07142857142857142,0.07142857142857142,1.0999999999999999,0.1,0.5,0.2,0.5,0.2,1.7328125,1.903990625,16.7659375,0.6078125,0.752740625,2.4034375,4.0,1,0,0,0,0,0.0,0,0,0.0012214756128471338,0.0008785703333101194,0.0012161753381519785
2026-M101-FRA-ESP,101,2026-07-14,Semi-ﬁnal,ESP_eric_garcia,Eric GARCIA,ESP,Spain,FRA,DF,0,6,0,0.07142857142857142,0.07142857142857142,1.0999999999999999,0.1,0.5,0.2,0.5,0.2,1.7328125,1.903990625,16.7659375,0.6078125,0.752740625,2.4034375,4.0,1,0,0,0,0,0.0,0,0,0.0012214756128471338,0.0008785703333101194,0.0012161753381519785
2026-M101-FRA-ESP,101,2026-07-14,Semi-ﬁnal,ESP_marcos_llorente,Marcos LLORENTE,ESP,Spain,FRA,DF,0,6,2,0.35714285714285715,0.35714285714285715,1.0999999999999999,0.05,0.25,0.1,0.5,0.2,1.7328125,1.903990625,16.7659375,0.6078125,0.752740625,2.4034375,4.0,1,0,0,0,1,6.0,0,0,0.0006109244207475051,0.0008026048961464966,0.001569630435494762
2026-M101-FRA-ESP,101,2026-07-14,Semi-ﬁnal,ESP_mikel_merino,Mikel MERINO,ESP,Spain,FRA,MF,0,6,6,0.9285714285714286,0.21428571428571427,11.617142857142856,0.34177215189873417,1.4240506329113924,0.9683544303797469,1.9067796610169492,1.6779661016949154,1.7328125,1.903990625,16.7659375,0.6078125,0.752740625,2.4034375,4.0,1,0,0,0,1,12.0,0,0,0.04315678666691247,0.01551379282472353,0.05673472457661371
2026-M101-FRA-ESP,101,2026-07-14,Semi-ﬁnal,ESP_ferran_torres,Ferran TORRES,ESP,Spain,FRA,FW,0,6,6,0.9285714285714286,0.21428571428571427,19.565714285714286,0.04627249357326478,2.544987146529563,0.5552699228791774,1.9811320754716981,0.11320754716981132,1.7328125,1.903990625,16.7659375,0.6078125,0.752740625,2.4034375,4.0,1,0,0,0,1,16.0,1,0,0.010009065737486944,0.04747128656975004,0.05644471337158143
2026-M101-FRA-ESP,101,2026-07-14,Semi-ﬁnal,ESP_gavi,GAVI,ESP,Spain,FRA,MF,0,6,2,0.35714285714285715,0.21428571428571427,0.9642857142857143,0.0703125,0.703125,0.140625,0.47368421052631576,0.18947368421052632,1.7328125,1.903990625,16.7659375,0.6078125,0.752740625,2.4034375,4.0,1,0,0,0,0,0.0,0,0,0.0007530645187646678,0.003508032783668371,0.0016627669396018698
2026-M101-FRA-ESP,101,2026-07-14,Semi-ﬁnal,ESP_yeremy_pino,Yeremy PINO,ESP,Spain,FRA,FW,0,6,2,0.35714285714285715,0.07142857142857142,11.582142857142857,0.07228915662650602,0.3614457831325301,0.14457831325301204,0.5,0.2,1.7328125,1.903990625,16.7659375,0.6078125,0.752740625,2.4034375,4.0,1,0,0,0,0,0.0,0,0,0.00925978764826152,0.0054458279013186554,0.016360220712627906
2026-M101-FRA-ESP,101,2026-07-14,Semi-ﬁnal,ESP_nico_williams,Nico WILLIAMS,ESP,Spain,FRA,FW,0,6,4,0.6428571428571429,0.07142857142857142,8.7,0.07627118644067797,0.3813559322033898,0.15254237288135594,0.44554455445544555,0.1782178217821782,1.7328125,1.903990625,16.7659375,0.6078125,0.752740625,2.4034375,4.0,1,0,0,0,1,6.0,1,0,0.0073457683407892604,0.008600186154265227,0.014365816107568631
2026-M101-FRA-ESP,101,2026-07-14,Semi-ﬁnal,ESP_martin_zubimendi,Martin ZUBIMENDI,ESP,Spain,FRA,MF,0,6,0,0.07142857142857142,0.07142857142857142,1.0999999999999999,0.1,0.5,0.2,0.5,0.2,1.7328125,1.903990625,16.7659375,0.6078125,0.752740625,2.4034375,4.0,1,0,0,0,0,0.0,0,0,0.0012214756128471338,0.0024521269482606386,0.0018149035750134727
2026-M101-FRA-ESP,101,2026-07-14,Semi-ﬁnal,ESP_pedri,PEDRI,ESP,Spain,FRA,MF,0,6,6,0.9285714285714286,0.7857142857142857,6.75,0.029508196721311476,0.7377049180327869,0.2065573770491803,0.45,0.06,1.7328125,1.903990625,16.7659375,0.6078125,0.752740625,2.4034375,4.0,1,0,0,0,1,12.0,0,0,0.0022106676212357845,0.006530921267580966,0.01539447075996467
2026-M101-FRA-ESP,101,2026-07-14,Semi-ﬁnal,ESP_victor_munoz,Victor MUNOZ,ESP,Spain,FRA,FW,0,6,0,0.07142857142857142,0.07142857142857142,1.0999999999999999,0.1,0.5,0.2,0.5,0.2,1.7328125,1.903990625,16.7659375,0.6078125,0.752740625,2.4034375,4.0,1,0,0,0,0,0.0,0,0,0.0012214756128471338,0.004108420989540954,0.008631099841709539
2026-M101-FRA-ESP,101,2026-07-14,Semi-ﬁnal,ESP_borja_iglesias,Borja IGLESIAS,ESP,Spain,FRA,FW,0,6,1,0.21428571428571427,0.07142857142857142,0.0,0.1,0.5,0.2,0.5,0.2,1.7328125,1.903990625,16.7659375,0.6078125,0.752740625,2.4034375,4.0,1,0,0,0,0,0.0,0,0,0.0,0.005042425328154851,0.010424011627360258
2026-M102-ENG-ARG,102,2026-07-15,Semi-ﬁnal,ARG_emiliano_martinez,Emiliano MARTINEZ,ARG,Argentina,ENG,GK,1,6,6,0.9285714285714286,0.9285714285714286,90.0,0.025,0.125,0.05,0.125,0.05,2.2942450495049505,1.9004981435643564,13.885829207920793,1.0754950495049505,0.9583106435643565,3.1494430693069306,4.0,1,0,0,0,1,90.0,0,0,0.024690087971667385,0.0034637236963531684,0.020278921698198324
2026-M102-ENG-ARG,102,2026-07-15,Semi-ﬁnal,ARG_nicolas_tagliafico,Nicolas TAGLIAFICO,ARG,Argentina,ENG,DF,1,6,5,0.7857142857142857,0.5,78.0,0.04225352112676056,0.2112676056338028,0.08450704225352113,0.18907563025210083,0.07563025210084033,2.2942450495049505,1.9004981435643564,13.885829207920793,1.0754950495049505,0.9583106435643565,3.1494430693069306,4.0,1,0,0,0,1,81.0,0,0,0.03595732657200479,0.01030072856331115,0.02209813512228282
2026-M102-ENG-ARG,102,2026-07-15,Semi-ﬁnal,ARG_leandro_paredes,Leandro PAREDES,ARG,Argentina,ENG,MF,1,6,5,0.7857142857142857,0.5,90.0,0.03879310344827586,0.5818965517241379,0.07758620689655173,0.8152173913043478,0.06521739130434782,2.2942450495049505,1.9004981435643564,13.885829207920793,1.0754950495049505,0.9583106435643565,3.1494430693069306,4.0,1,0,0,0,1,64.0,1,0,0.03805028736243443,0.0313849110038308,0.047195854501554085
2026-M102-ENG-ARG,102,2026-07-15,Semi-ﬁnal,ARG_lisandro_martinez,Lisandro MARTINEZ,ARG,Argentina,ENG,DF,1,6,5,0.7857142857142857,0.7857142857142857,90.0,0.02857142857142857,0.2857142857142857,0.05714285714285714,0.375,0.05,2.2942450495049505,1.9004981435643564,13.885829207920793,1.0754950495049505,0.9583106435643565,3.1494430693069306,4.0,1,0,0,0,1,72.0,0,0,0.028167124967018897,0.00907680088712412,0.012019899141728983
2026-M102-ENG-ARG,102,2026-07-15,Semi-ﬁnal,ARG_julian_alvarez,Julian ALVAREZ,ARG,Argentina,ENG,FW,1,6,6,0.9285714285714286,0.5,87.33333333333333,0.034026465028355386,1.0207939508506616,0.5784499054820416,1.0641891891891893,0.36486486486486486,2.2942450495049505,1.9004981435643564,13.885829207920793,1.0754950495049505,0.9583106435643565,3.1494430693069306,4.0,1,0,0,0,1,90.0,3,1,0.03247912053816737,0.09509613511720982,0.08107873456028211
2026-M102-ENG-ARG,102,2026-07-15,Semi-ﬁnal,ARG_lionel_messi,Lionel MESSI,ARG,Argentina,ENG,FW,1,6,6,0.9285714285714286,0.7857142857142857,88.0,0.9969230769230769,3.7384615384615385,2.2707692307692304,2.875,1.8,2.2942450495049505,1.9004981435643564,13.885829207920793,1.0754950495049505,0.9583106435643565,3.1494430693069306,4.0,1,0,0,0,1,90.0,1,0,0.6227205920032033,0.800858424093565,0.36455454749142235
2026-M102-ENG-ARG,102,2026-07-15,Semi-ﬁnal,ARG_cristian_romero,Cristian ROMERO,ARG,Argentina,ENG,DF,1,6,5,0.7857142857142857,0.7857142857142857,81.6,0.1836734693877551,0.30612244897959184,0.21428571428571427,0.375,0.3,2.2942450495049505,1.9004981435643564,13.885829207920793,1.0754950495049505,0.9583106435643565,3.1494430693069306,4.0,1,0,0,0,1,90.0,0,0,0.15340309969288346,0.011813373083514597,0.05018878966795061
2026-M102-ENG-ARG,102,2026-07-15,Semi-ﬁnal,ARG_giuliano_simeone,Giuliano SIMEONE,ARG,Argentina,ENG,FW,1,6,1,0.21428571428571427,0.21428571428571427,71.0,0.07171314741035857,0.35856573705179284,0.14342629482071714,0.5,0.2,2.2942450495049505,1.9004981435643564,13.885829207920793,1.0754950495049505,0.9583106435643565,3.1494430693069306,4.0,1,0,0,0,1,72.0,0,0,0.05500316923257542,0.030121128063875305,0.09912729207625037
2026-M102-ENG-ARG,102,2026-07-15,Semi-ﬁnal,ARG_alexis_mac_allister,Alexis MAC ALLISTER,ARG,Argentina,ENG,MF,1,6,6,0.9285714285714286,0.7857142857142857,90.0,0.1638846737481032,1.5022761760242793,0.464339908952959,2.125,0.55,2.2942450495049505,1.9004981435643564,13.885829207920793,1.0754950495049505,0.9583106435643565,3.1494430693069306,4.0,1,0,0,0,1,90.0,3,1,0.15116009023916976,0.05437962233698807,0.1134755664962393
2026-M102-ENG-ARG,102,2026-07-15,Semi-ﬁnal,ARG_enzo_fernandez,Enzo FERNANDEZ,ARG,Argentina,ENG,MF,1,6,5,0.7857142857142857,0.7857142857142857,90.0,0.02857142857142857,1.0,0.34285714285714286,1.125,0.55,2.2942450495049505,1.9004981435643564,13.885829207920793,1.0754950495049505,0.9583106435643565,3.1494430693069306,4.0,1,1,1,1,1,90.0,4,1,0.028167124967018897,0.031021150206035974,0.058236058817133875
2026-M102-ENG-ARG,102,2026-07-15,Semi-ﬁnal,ARG_nahuel_molina,Nahuel MOLINA,ARG,Argentina,ENG,DF,1,6,5,0.7857142857142857,0.6428571428571429,84.5,0.03197158081705151,0.3197158081705151,0.06394316163410302,0.3994082840236686,0.05325443786982249,2.2942450495049505,1.9004981435643564,13.885829207920793,1.0754950495049505,0.9583106435643565,3.1494430693069306,4.0,1,0,0,0,1,72.0,0,0,0.02957170334163528,0.009765003047627886,0.014352019820294633
2026-M102-ENG-ARG,102,2026-07-15,Semi-ﬁnal,ARG_juan_musso,Juan MUSSO,ARG,Argentina,ENG,GK,0,6,0,0.07142857142857142,0.07142857142857142,1.0999999999999999,0.1,0.5,0.2,0.5,0.2,2.2942450495049505,1.9004981435643564,13.885829207920793,1.0754950495049505,0.9583106435643565,3.1494430693069306,4.0,1,0,0,0,0,0.0,0,0,0.0012214756128471338,0.0003821047194928451,0.0012301478373859616
2026-M102-ENG-ARG,102,2026-07-15,Semi-ﬁnal,ARG_geronimo_rulli,Geronimo RULLI,ARG,Argentina,ENG,GK,0,6,0,0.07142857142857142,0.07142857142857142,1.0999999999999999,0.1,0.5,0.2,0.5,0.2,2.2942450495049505,1.9004981435643564,13.885829207920793,1.0754950495049505,0.9583106435643565,3.1494430693069306,4.0,1,0,0,0,0,0.0,0,0,0.0012214756128471338,0.0003821047194928451,0.0012301478373859616
2026-M102-ENG-ARG,102,2026-07-15,Semi-ﬁnal,ARG_marcos_senesi,Marcos SENESI,ARG,Argentina,ENG,DF,0,6,1,0.21428571428571427,0.21428571428571427,1.0999999999999999,0.06666666666666667,1.0,0.13333333333333333,0.5,0.2,2.2942450495049505,1.9004981435643564,13.885829207920793,1.0754950495049505,0.9583106435643565,3.1494430693069306,4.0,1,0,0,0,0,0.0,0,0,0.0008144829433676115,0.001319659014982175,0.0011250813544829892
2026-M102-ENG-ARG,102,2026-07-15,Semi-ﬁnal,ARG_gonzalo_montiel,Gonzalo MONTIEL,ARG,Argentina,ENG,DF,0,6,4,0.6428571428571429,0.21428571428571427,3.5095238095238095,0.0728744939271255,0.3643724696356275,0.145748987854251,0.4017857142857143,0.16071428571428573,2.2942450495049505,1.9004981435643564,13.885829207920793,1.0754950495049505,0.9583106435643565,3.1494430693069306,4.0,1,0,0,0,1,18.0,0,0,0.0028376858203853494,0.0015588627151467043,0.001466190265697023
2026-M102-ENG-ARG,102,2026-07-15,Semi-ﬁnal,ARG_rodrigo_de_paul,Rodrigo DE PAUL,ARG,Argentina,ENG,MF,0,6,5,0.7857142857142857,0.7857142857142857,1.0999999999999999,0.030664395229982964,0.30664395229982966,0.21465076660988072,0.4153846153846154,0.3323076923076923,2.2942450495049505,1.9004981435643564,13.885829207920793,1.0754950495049505,0.9583106435643565,3.1494430693069306,4.0,1,0,0,0,1,18.0,1,0,0.0003747168289166547,0.003106616710106077,0.003408026240812217
2026-M102-ENG-ARG,102,2026-07-15,Semi-ﬁnal,ARG_valentin_barco,Valentin BARCO,ARG,Argentina,ENG,MF,0,6,1,0.21428571428571427,0.07142857142857142,3.6642857142857146,0.09045226130653267,0.45226130653266333,0.18090452261306533,0.5,0.2,2.2942450495049505,1.9004981435643564,13.885829207920793,1.0754950495049505,0.9583106435643565,3.1494430693069306,4.0,1,0,0,0,0,0.0,0,0,0.003675926390237838,0.0031201882523070683,0.001614575168647423
2026-M102-ENG-ARG,102,2026-07-15,Semi-ﬁnal,ARG_giovani_lo_celso,Giovani LO CELSO,ARG,Argentina,ENG,MF,0,6,1,0.21428571428571427,0.21428571428571427,1.0999999999999999,0.45,0.75,0.5249999999999999,0.5,0.2,2.2942450495049505,1.9004981435643564,13.885829207920793,1.0754950495049505,0.9583106435643565,3.1494430693069306,4.0,1,0,0,0,0,0.0,0,0,0.005484902691080928,0.009121041368653783,0.017713408969747862
2026-M102-ENG-ARG,102,2026-07-15,Semi-ﬁnal,ARG_exequiel_palacios,Exequiel PALACIOS,ARG,Argentina,ENG,MF,0,6,1,0.21428571428571427,0.21428571428571427,1.0999999999999999,0.06666666666666667,0.3333333333333333,0.13333333333333333,0.5,0.2,2.2942450495049505,1.9004981435643564,13.885829207920793,1.0754950495049505,0.9583106435643565,3.1494430693069306,4.0,1,0,0,0,0,0.0,0,0,0.0008144829433676115,0.0024286621995865143,0.001614575168647423
2026-M102-ENG-ARG,102,2026-07-15,Semi-ﬁnal,ARG_nico_gonzalez,Nico GONZALEZ,ARG,Argentina,ENG,MF,0,6,5,0.7857142857142857,0.07142857142857142,18.648571428571426,0.059602649006622516,1.7880794701986755,0.11920529801324503,2.0723684210526314,0.11842105263157894,2.2942450495049505,1.9004981435643564,13.885829207920793,1.0754950495049505,0.9583106435643565,3.1494430693069306,4.0,1,0,0,0,1,26.0,1,1,0.012274098448319393,0.008860362210570592,0.041040713473301384
2026-M102-ENG-ARG,102,2026-07-15,Semi-ﬁnal,ARG_thiago_almada,Thiago ALMADA,ARG,Argentina,ENG,FW,0,6,5,0.7857142857142857,0.5,5.0357142857142865,0.04580152671755725,0.6870229007633588,0.0916030534351145,0.2922077922077922,0.11688311688311688,2.2942450495049505,1.9004981435643564,13.885829207920793,1.0754950495049505,0.9583106435643565,3.1494430693069306,4.0,1,0,0,0,0,0.0,0,0,0.0025594235472761184,0.008289906698555225,0.010831402964991648
2026-M102-ENG-ARG,102,2026-07-15,Semi-ﬁnal,ARG_nico_paz,Nico PAZ,ARG,Argentina,ENG,FW,0,6,2,0.35714285714285715,0.21428571428571427,1.9285714285714286,0.07171314741035857,0.7171314741035857,0.14342629482071714,0.5,0.2,2.2942450495049505,1.9004981435643564,13.885829207920793,1.0754950495049505,0.9583106435643565,3.1494430693069306,4.0,1,0,0,0,0,0.0,0,0,0.0015355301669607302,0.006146897095669505,0.004705791462114837
2026-M102-ENG-ARG,102,2026-07-15,Semi-ﬁnal,ARG_nicolas_otamendi,Nicolas OTAMENDI,ARG,Argentina,ENG,DF,0,6,5,0.7857142857142857,0.21428571428571427,6.524999999999999,0.057692307692307696,0.5769230769230769,0.11538461538461539,0.5,0.2,2.2942450495049505,1.9004981435643564,13.885829207920793,1.0754950495049505,0.9583106435643565,3.1494430693069306,4.0,1,0,0,0,1,18.0,0,0,0.004173957033453912,0.0018916226863149815,0.0023440677238608814
2026-M102-ENG-ARG,102,2026-07-15,Semi-ﬁnal,ARG_jose_manuel_lopez,Jose Manuel LOPEZ,ARG,Argentina,ENG,FW,0,6,2,0.35714285714285715,0.07142857142857142,1.342857142857143,0.09574468085106383,0.9574468085106383,0.19148936170212766,0.5,0.2,2.2942450495049505,1.9004981435643564,13.885829207920793,1.0754950495049505,0.9583106435643565,3.1494430693069306,4.0,1,0,0,0,0,0.0,0,0,0.0014275515061433763,0.008337570994490676,0.0046111329090384335
2026-M102-ENG-ARG,102,2026-07-15,Semi-ﬁnal,ARG_lautaro_martinez,Lautaro MARTINEZ,ARG,Argentina,ENG,FW,0,6,6,0.9285714285714286,0.6428571428571429,4.867857142857143,0.23841059602649006,1.7880794701986755,0.4768211920529801,2.2131147540983607,0.09836065573770492,2.2942450495049505,1.9004981435643564,13.885829207920793,1.0754950495049505,0.9583106435643565,3.1494430693069306,4.0,1,0,1,0,1,9.0,1,1,0.012812201694756054,0.02259621786768443,0.041307026731471796
2026-M102-ENG-ARG,102,2026-07-15,Semi-ﬁnal,ARG_facundo_medina,Facundo MEDINA,ARG,Argentina,ENG,DF,0,6,4,0.6428571428571429,0.5,0.0,0.0410958904109589,0.2054794520547945,0.0821917808219178,0.2556818181818182,0.10227272727272728,2.2942450495049505,1.9004981435643564,13.885829207920793,1.0754950495049505,0.9583106435643565,3.1494430693069306,4.0,1,0,0,0,0,0.0,0,0,0.0,0.001130613955358122,0.009374719961913917
2026-M102-ENG-ARG,102,2026-07-15,Semi-ﬁnal,ENG_jordan_pickford,Jordan PICKFORD,ENG,England,ARG,GK,1,6,6,0.9285714285714286,0.9285714285714286,90.0,0.025,0.125,0.05,0.125,0.05,1.9192450495049505,1.7879981435643566,14.323329207920793,1.0129950495049505,0.7454981435643566,2.5869430693069306,4.0,1,0,0,0,1,90.0,0,0,0.024690087971667385,0.003598796236644211,0.01892291153908604
2026-M102-ENG-ARG,102,2026-07-15,Semi-ﬁnal,ENG_declan_rice,Declan RICE,ENG,England,ARG,MF,1,6,5,0.7857142857142857,0.7857142857142857,77.4,0.031746031746031744,0.7936507936507936,0.2222222222222222,0.14285714285714285,0.05714285714285714,1.9192450495049505,1.7879981435643566,14.323329207920793,1.0129950495049505,0.7454981435643566,2.5869430693069306,4.0,1,0,0,0,1,83.0,1,1,0.026932267604426463,0.039057877773746794,0.04046126282433411
2026-M102-ENG-ARG,102,2026-07-15,Semi-ﬁnal,ENG_john_stones,John STONES,ENG,England,ARG,DF,1,6,4,0.6428571428571429,0.35714285714285715,88.5,0.046153846153846156,0.23076923076923078,0.09230769230769231,0.2112676056338028,0.08450704225352113,1.9192450495049505,1.7879981435643566,14.323329207920793,1.0129950495049505,0.7454981435643566,2.5869430693069306,4.0,1,0,0,0,1,90.0,1,0,0.04437013880525831,0.010658580140459029,0.01805937461822293
2026-M102-ENG-ARG,102,2026-07-15,Semi-ﬁnal,ENG_marc_guehi,Marc GUEHI,ENG,England,ARG,DF,1,6,6,0.9285714285714286,0.7857142857142857,90.0,0.02843601895734597,0.2843601895734597,0.05687203791469194,0.125,0.05,1.9192450495049505,1.7879981435643566,14.323329207920793,1.0129950495049505,0.7454981435643566,2.5869430693069306,4.0,1,0,0,0,1,90.0,0,0,0.028035520542406767,0.01161003699936641,0.011792008240491626
2026-M102-ENG-ARG,102,2026-07-15,Semi-ﬁnal,ENG_elliot_anderson,Elliot ANDERSON,ENG,England,ARG,MF,1,6,6,0.9285714285714286,0.9285714285714286,83.83333333333333,0.02635431918008785,1.054172767203514,0.1844802342606149,0.391304347826087,0.05217391304347826,1.9192450495049505,1.7879981435643566,14.323329207920793,1.0129950495049505,0.7454981435643566,2.5869430693069306,4.0,1,0,0,0,1,90.0,0,0,0.02424969493356033,0.045674261239213546,0.051165451434804395
2026-M102-ENG-ARG,102,2026-07-15,Semi-ﬁnal,ENG_harry_kane,Harry KANE,ENG,England,ARG,FW,1,6,6,0.9285714285714286,0.9285714285714286,89.0,0.7815126050420168,2.773109243697479,1.3109243697478992,2.125,1.05,1.9192450495049505,1.7879981435643566,14.323329207920793,1.0129950495049505,0.7454981435643566,2.5869430693069306,4.0,1,0,0,0,1,90.0,1,0,0.5382950053870914,0.5138824840505739,0.41863381692820073
2026-M102-ENG-ARG,102,2026-07-15,Semi-ﬁnal,ENG_jude_bellingham,Jude BELLINGHAM,ENG,England,ARG,MF,1,6,6,0.9285714285714286,0.9285714285714286,82.5,0.6933333333333334,2.0,1.3866666666666667,2.125,1.8,1.9192450495049505,1.7879981435643566,14.323329207920793,1.0129950495049505,0.7454981435643566,2.5869430693069306,4.0,1,0,0,0,1,90.0,0,0,0.47035883852202676,0.18713952166294637,0.37025916650071133
2026-M102-ENG-ARG,102,2026-07-15,Semi-ﬁnal,ENG_morgan_rogers,Morgan ROGERS,ENG,England,ARG,MF,1,6,5,0.7857142857142857,0.21428571428571427,90.0,0.05901639344262295,0.29508196721311475,0.1180327868852459,0.4945054945054945,0.1978021978021978,1.9192450495049505,1.7879981435643566,14.323329207920793,1.0129950495049505,0.7454981435643566,2.5869430693069306,4.0,1,0,0,0,1,90.0,1,0,0.05730868492555752,0.03462095156347801,0.07044359658930639
2026-M102-ENG-ARG,102,2026-07-15,Semi-ﬁnal,ENG_anthony_gordon,Anthony GORDON,ENG,England,ARG,FW,1,6,5,0.7857142857142857,0.6428571428571429,74.5,0.03550295857988166,1.0650887573964498,0.6035502958579881,0.8035714285714286,0.38571428571428573,1.9192450495049505,1.7879981435643566,14.323329207920793,1.0129950495049505,0.7454981435643566,2.5869430693069306,4.0,1,1,1,1,1,72.0,1,1,0.028960915945864696,0.08219604908286823,0.07563116073123335
2026-M102-ENG-ARG,102,2026-07-15,Semi-ﬁnal,ENG_reece_james,Reece JAMES,ENG,England,ARG,DF,1,6,3,0.5,0.35714285714285715,90.0,0.047493403693931395,0.47493403693931396,0.09498680738786279,0.41284403669724773,0.1651376146788991,1.9192450495049505,1.7879981435643566,14.323329207920793,1.0129950495049505,0.7454981435643566,2.5869430693069306,4.0,1,0,0,0,1,82.0,0,0,0.046383236540076256,0.009771719737113119,0.03283536221906278
2026-M102-ENG-ARG,102,2026-07-15,Semi-ﬁnal,ENG_djed_spence,Djed SPENCE,ENG,England,ARG,DF,1,6,6,0.9285714285714286,0.35714285714285715,68.0,0.04825737265415549,0.48257372654155495,0.3378016085790884,0.25,0.1,1.9192450495049505,1.7879981435643566,14.323329207920793,1.0129950495049505,0.7454981435643566,2.5869430693069306,4.0,1,0,0,0,1,90.0,0,0,0.03580442469858236,0.018679409620463626,0.03346433516176706
2026-M102-ENG-ARG,102,2026-07-15,Semi-ﬁnal,ENG_dean_henderson,Dean HENDERSON,ENG,England,ARG,GK,0,6,0,0.07142857142857142,0.07142857142857142,1.0999999999999999,0.1,0.5,0.2,0.5,0.2,1.9192450495049505,1.7879981435643566,14.323329207920793,1.0129950495049505,0.7454981435643566,2.5869430693069306,4.0,1,0,0,0,0,0.0,0,0,0.0012214756128471338,0.0003970532847922014,0.0012301478373859616
2026-M102-ENG-ARG,102,2026-07-15,Semi-ﬁnal,ENG_james_trafford,James TRAFFORD,ENG,England,ARG,GK,0,6,0,0.07142857142857142,0.07142857142857142,1.0999999999999999,0.1,0.5,0.2,0.5,0.2,1.9192450495049505,1.7879981435643566,14.323329207920793,1.0129950495049505,0.7454981435643566,2.5869430693069306,4.0,1,0,0,0,0,0.0,0,0,0.0012214756128471338,0.0003970532847922014,0.0012301478373859616
2026-M102-ENG-ARG,102,2026-07-15,Semi-ﬁnal,ENG_ezri_konsa,Ezri KONSA,ENG,England,ARG,DF,0,6,6,0.9285714285714286,0.9285714285714286,1.0999999999999999,0.025034770514603615,0.37552155771905427,0.1752433936022253,0.12534818941504178,0.05013927576601671,1.9192450495049505,1.7879981435643566,14.323329207920793,1.0129950495049505,0.7454981435643566,2.5869430693069306,4.0,1,0,0,0,1,18.0,0,0,0.00030593372124410045,0.001584521910676033,0.011904871205379187
2026-M102-ENG-ARG,102,2026-07-15,Semi-ﬁnal,ENG_nico_oreilly,Nico OREILLY,ENG,England,ARG,DF,0,6,6,0.9285714285714286,0.7857142857142857,4.628571428571429,0.028391167192429023,1.135646687697161,0.19873817034700314,0.6617647058823529,0.052941176470588235,1.9192450495049505,1.7879981435643566,14.323329207920793,1.0129950495049505,0.7454981435643566,2.5869430693069306,4.0,1,0,0,0,1,7.0,0,0,0.0014590517174463136,0.0024793584950331756,0.01565030442142528
2026-M102-ENG-ARG,102,2026-07-15,Semi-ﬁnal,ENG_bukayo_saka,Bukayo SAKA,ENG,England,ARG,FW,0,6,6,0.9285714285714286,0.35714285714285715,18.17678571428571,0.04316546762589928,1.5107913669064748,0.3021582733812949,0.6108597285067874,0.08144796380090498,1.9192450495049505,1.7879981435643566,14.323329207920793,1.0129950495049505,0.7454981435643566,2.5869430693069306,4.0,1,0,0,0,0,0.0,0,0,0.008679992284422622,0.021574768011295903,0.030163075361611166
2026-M102-ENG-ARG,102,2026-07-15,Semi-ﬁnal,ENG_marcus_rashford,Marcus RASHFORD,ENG,England,ARG,FW,0,6,4,0.6428571428571429,0.35714285714285715,4.196428571428572,0.30337078651685395,2.5280898876404496,0.8595505617977528,2.0860927152317883,0.7152317880794702,1.9192450495049505,1.7879981435643566,14.323329207920793,1.0129950495049505,0.7454981435643566,2.5869430693069306,4.0,1,0,0,0,1,0.0,0,0,0.014045690642787156,0.03656242038434115,0.03990654894911574
2026-M102-ENG-ARG,102,2026-07-15,Semi-ﬁnal,ENG_trevoh_chalobah,Trevoh CHALOBAH,ENG,England,ARG,DF,0,6,0,0.07142857142857142,0.07142857142857142,1.0999999999999999,0.1,0.5,0.2,0.5,0.2,1.9192450495049505,1.7879981435643566,14.323329207920793,1.0129950495049505,0.7454981435643566,2.5869430693069306,4.0,1,0,0,0,0,0.0,0,0,0.0012214756128471338,0.0010727551387797363,0.001107446197472763
2026-M102-ENG-ARG,102,2026-07-15,Semi-ﬁnal,ENG_jordan_henderson,Jordan HENDERSON,ENG,England,ARG,MF,0,6,1,0.21428571428571427,0.07142857142857142,1.1571428571428573,0.0967741935483871,0.4838709677419355,0.1935483870967742,0.5,0.2,1.9192450495049505,1.7879981435643566,14.323329207920793,1.0129950495049505,0.7454981435643566,2.5869430693069306,4.0,1,0,0,0,0,0.0,0,0,0.0012434658861477654,0.0033373055454079307,0.0016733822056995658
2026-M102-ENG-ARG,102,2026-07-15,Semi-ﬁnal,ENG_dan_burn,Dan BURN,ENG,England,ARG,DF,0,6,2,0.35714285714285715,0.07142857142857142,2.5178571428571432,0.09230769230769231,0.46153846153846156,0.18461538461538463,0.42857142857142855,0.17142857142857143,1.9192450495049505,1.7879981435643566,14.323329207920793,1.0129950495049505,0.7454981435643566,2.5869430693069306,4.0,1,0,0,0,1,8.0,0,0,0.002579086010586207,0.0014415238895061188,0.0010388496352125925
2026-M102-ENG-ARG,102,2026-07-15,Semi-ﬁnal,ENG_kobbie_mainoo,Kobbie MAINOO,ENG,England,ARG,MF,0,6,0,0.07142857142857142,0.07142857142857142,1.0999999999999999,0.1,0.5,0.2,0.5,0.2,1.9192450495049505,1.7879981435643566,14.323329207920793,1.0129950495049505,0.7454981435643566,2.5869430693069306,4.0,1,0,0,0,0,0.0,0,0,0.0012214756128471338,0.0029245029748628266,0.0017436403628047958
2026-M102-ENG-ARG,102,2026-07-15,Semi-ﬁnal,ENG_ollie_watkins,Ollie WATKINS,ENG,England,ARG,FW,0,6,1,0.21428571428571427,0.07142857142857142,1.1571428571428573,0.0967741935483871,0.4838709677419355,0.1935483870967742,0.5,0.2,1.9192450495049505,1.7879981435643566,14.323329207920793,1.0129950495049505,0.7454981435643566,2.5869430693069306,4.0,1,0,0,0,0,0.0,0,0,0.0012434658861477654,0.0056478877357319995,0.004777599996614657
2026-M102-ENG-ARG,102,2026-07-15,Semi-ﬁnal,ENG_noni_madueke,Noni MADUEKE,ENG,England,ARG,FW,0,6,5,0.7857142857142857,0.6428571428571429,5.207142857142857,0.038461538461538464,1.3461538461538463,0.2692307692307692,1.1479591836734695,0.09183673469387756,1.9192450495049505,1.7879981435643566,14.323329207920793,1.0129950495049505,0.7454981435643566,2.5869430693069306,4.0,1,0,0,0,0,0.0,0,0,0.0022228006369888753,0.011425873818126608,0.01716810335134804
2026-M102-ENG-ARG,102,2026-07-15,Semi-ﬁnal,ENG_eberechi_eze,Eberechi EZE,ENG,England,ARG,MF,0,6,4,0.6428571428571429,0.07142857142857142,15.535714285714283,0.06428571428571428,0.9642857142857143,0.12857142857142856,0.8709677419354839,0.11612903225806452,1.9192450495049505,1.7879981435643566,14.323329207920793,1.0129950495049505,0.7454981435643566,2.5869430693069306,4.0,1,0,0,0,0,0.0,0,0,0.01103559486994965,0.006437812384588199,0.007973921258188453
2026-M102-ENG-ARG,102,2026-07-15,Semi-ﬁnal,ENG_ivan_toney,Ivan TONEY,ENG,England,ARG,FW,0,6,0,0.07142857142857142,0.07142857142857142,1.0999999999999999,0.1,0.5,0.2,0.5,0.2,1.9192450495049505,1.7879981435643566,14.323329207920793,1.0129950495049505,0.7454981435643566,2.5869430693069306,4.0,1,0,0,0,1,0.0,0,0,0.0012214756128471338,0.004950701133325707,0.005364155525852987
2026-M103-FRA-ENG,103,2026-07-18,Bronze ﬁnal,ENG_dean_henderson,Dean HENDERSON,ENG,England,FRA,GK,1,7,0,0.0625,0.0625,80.0,0.1,0.5,0.2,0.5,0.2,1.8172657952069717,1.6398393246187366,13.282952069716776,0.7617102396514162,0.9142837690631809,2.3537581699346406,3.0,1,0,0,0,1,90.0,0,0,0.08505277126996902,0.003014870875834284,0.07175110881377086
2026-M103-FRA-ENG,103,2026-07-18,Bronze ﬁnal,ENG_ezri_konsa,Ezri KONSA,ENG,England,FRA,DF,1,7,7,0.9375,0.8125,89.83333333333333,0.024423337856173677,0.36635006784260515,0.1709633649932157,0.156794425087108,0.0627177700348432,1.8172657952069717,1.6398393246187366,13.282952069716776,0.7617102396514162,0.9142837690631809,2.3537581699346406,3.0,1,1,1,1,1,90.0,1,1,0.024083363318115003,0.01527737913629644,0.015309281391549114
2026-M103-FRA-ENG,103,2026-07-18,Bronze ﬁnal,ENG_declan_rice,Declan RICE,ENG,England,FRA,MF,1,7,6,0.8125,0.8125,78.33333333333333,0.027692307692307693,0.8307692307692308,0.3323076923076923,0.4383116883116883,0.35064935064935066,1.8172657952069717,1.6398393246187366,13.282952069716776,0.7617102396514162,0.9142837690631809,2.3537581699346406,3.0,1,1,1,1,1,90.0,1,1,0.023814416974966113,0.04093081740679709,0.0810015208176672
2026-M103-FRA-ENG,103,2026-07-18,Bronze ﬁnal,ENG_marc_guehi,Marc GUEHI,ENG,England,FRA,DF,1,7,7,0.9375,0.8125,90.0,0.024896265560165973,0.24896265560165975,0.04979253112033195,0.125,0.05,1.8172657952069717,1.6398393246187366,13.282952069716776,0.7617102396514162,0.9142837690631809,2.3537581699346406,3.0,1,0,0,0,1,90.0,0,0,0.024588909496523037,0.013623277661817266,0.01541140183591374
2026-M103-FRA-ENG,103,2026-07-18,Bronze ﬁnal,ENG_bukayo_saka,Bukayo SAKA,ENG,England,FRA,FW,1,7,6,0.8125,0.3125,60.0,0.04316546762589928,1.5107913669064748,0.3021582733812949,0.703125,0.09375,1.8172657952069717,1.6398393246187366,13.282952069716776,0.7617102396514162,0.9142837690631809,2.3537581699346406,3.0,1,1,1,3,1,90.0,5,4,0.028366864535739778,0.10472195369264337,0.09100070061004045
2026-M103-FRA-ENG,103,2026-07-18,Bronze ﬁnal,ENG_marcus_rashford,Marcus RASHFORD,ENG,England,FRA,FW,1,7,5,0.6875,0.3125,75.5,0.30337078651685395,2.5280898876404496,0.8595505617977528,0.5,0.2,1.8172657952069717,1.6398393246187366,13.282952069716776,0.7617102396514162,0.9142837690631809,2.3537581699346406,3.0,1,0,0,0,1,45.0,3,2,0.2246915912562475,0.27608329676887483,0.13382200712824976
2026-M103-FRA-ENG,103,2026-07-18,Bronze ﬁnal,ENG_morgan_rogers,Morgan ROGERS,ENG,England,FRA,MF,1,7,6,0.8125,0.3125,90.0,0.04556962025316456,0.45569620253164556,0.09113924050632911,0.7458563535911602,0.09944751381215469,1.8172657952069717,1.6398393246187366,13.282952069716776,0.7617102396514162,0.9142837690631809,2.3537581699346406,3.0,1,0,0,0,1,90.0,1,0,0.04454691862904203,0.04155128945952832,0.053790526302962126
2026-M103-FRA-ENG,103,2026-07-18,Bronze ﬁnal,ENG_eberechi_eze,Eberechi EZE,ENG,England,FRA,MF,1,7,4,0.5625,0.0625,80.0,0.06428571428571428,0.9642857142857143,0.12857142857142856,1.0,0.13333333333333333,1.8172657952069717,1.6398393246187366,13.282952069716776,0.7617102396514162,0.9142837690631809,2.3537581699346406,3.0,1,0,0,0,1,79.0,3,0,0.05554086300513017,0.04198854790276479,0.08229121330035442
2026-M103-FRA-ENG,103,2026-07-18,Bronze ﬁnal,ENG_ivan_toney,Ivan TONEY,ENG,England,FRA,FW,1,7,1,0.1875,0.0625,80.0,0.1,0.5,0.2,0.5,0.2,1.8172657952069717,1.6398393246187366,13.282952069716776,0.7617102396514162,0.9142837690631809,2.3537581699346406,3.0,1,0,0,0,1,79.0,2,1,0.08505277126996902,0.04267705741847701,0.12167052818909033
2026-M103-FRA-ENG,103,2026-07-18,Bronze ﬁnal,ENG_djed_spence,Djed SPENCE,ENG,England,FRA,DF,1,7,7,0.9375,0.4375,75.33333333333333,0.038876889848812095,0.38876889848812096,0.27213822894168466,0.225,0.09,1.8172657952069717,1.6398393246187366,13.282952069716776,0.7617102396514162,0.9142837690631809,2.3537581699346406,3.0,1,0,0,0,1,90.0,0,0,0.03201762226285132,0.018043423307981935,0.02622116258638192
2026-M103-FRA-ENG,103,2026-07-18,Bronze ﬁnal,ENG_jarell_quansah,Jarell QUANSAH,ENG,England,FRA,DF,1,5,2,0.4166666666666667,0.4166666666666667,76.5,0.05405405405405406,0.2702702702702703,0.10810810810810811,0.18518518518518517,0.07407407407407407,1.8172657952069717,1.6398393246187366,13.282952069716776,0.7617102396514162,0.9142837690631809,2.3537581699346406,13.0,1,0,0,0,1,83.0,0,0,0.044906412524171824,0.0081015049682298,0.026710093097528975
2026-M103-FRA-ENG,103,2026-07-18,Bronze ﬁnal,ENG_jordan_pickford,Jordan PICKFORD,ENG,England,FRA,GK,0,7,7,0.9375,0.9375,0.9624999999999999,0.022222222222222223,0.1111111111111111,0.044444444444444446,0.125,0.05,1.8172657952069717,1.6398393246187366,13.282952069716776,0.7617102396514162,0.9142837690631809,2.3537581699346406,3.0,1,0,0,0,0,0.0,0,0,0.00023762608343647074,0.0005449227467622717,0.018499340208073957
2026-M103-FRA-ENG,103,2026-07-18,Bronze ﬁnal,ENG_james_trafford,James TRAFFORD,ENG,England,FRA,GK,0,7,0,0.0625,0.0625,0.9624999999999999,0.1,0.5,0.2,0.5,0.2,1.8172657952069717,1.6398393246187366,13.282952069716776,0.7617102396514162,0.9142837690631809,2.3537581699346406,3.0,1,0,0,0,0,0.0,0,0,0.0010688727925360908,0.00039116759859003674,0.0010862226092029222
2026-M103-FRA-ENG,103,2026-07-18,Bronze ﬁnal,ENG_nico_oreilly,Nico OREILLY,ENG,England,FRA,DF,0,7,7,0.9375,0.6875,4.5531250000000005,0.028081123244929798,1.1232449297971918,0.19656786271450855,0.5252918287937743,0.07003891050583658,1.8172657952069717,1.6398393246187366,13.282952069716776,0.7617102396514162,0.9142837690631809,2.3537581699346406,3.0,1,0,0,0,0,0.0,0,0,0.0014196232055637692,0.002833972111603567,0.01637949476852499
2026-M103-FRA-ENG,103,2026-07-18,Bronze ﬁnal,ENG_john_stones,John STONES,ENG,England,FRA,DF,0,7,5,0.6875,0.4375,4.846875,0.0375,0.375,0.075,0.44554455445544555,0.0594059405940594,1.8172657952069717,1.6398393246187366,13.282952069716776,0.7617102396514162,0.9142837690631809,2.3537581699346406,3.0,1,0,0,0,0,0.0,0,0,0.00201749336885082,0.0015893891059564284,0.010197316871461935
2026-M103-FRA-ENG,103,2026-07-18,Bronze ﬁnal,ENG_elliot_anderson,Elliot ANDERSON,ENG,England,FRA,MF,0,7,7,0.9375,0.9375,0.9624999999999999,0.02328589909443726,0.9314359637774903,0.16300129366106078,0.13043478260869565,0.05217391304347826,1.8172657952069717,1.6398393246187366,13.282952069716776,0.7617102396514162,0.9142837690631809,2.3537581699346406,3.0,1,0,0,0,1,11.0,0,0,0.0002489987488689671,0.00646541850645421,0.015092192357262441
2026-M103-FRA-ENG,103,2026-07-18,Bronze ﬁnal,ENG_harry_kane,Harry KANE,ENG,England,FRA,FW,0,7,7,0.9375,0.9375,0.9624999999999999,0.6940298507462687,2.574626865671642,1.164179104477612,1.125,0.3,1.8172657952069717,1.6398393246187366,13.282952069716776,0.7617102396514162,0.9142837690631809,2.3537581699346406,3.0,1,0,0,0,0,0.0,0,0,0.007394786704994272,0.0956136065420729,0.12655652479438612
2026-M103-FRA-ENG,103,2026-07-18,Bronze ﬁnal,ENG_jude_bellingham,Jude BELLINGHAM,ENG,England,FRA,MF,0,7,7,0.9375,0.9375,0.9624999999999999,0.611764705882353,1.7647058823529411,1.223529411764706,1.375,1.05,1.8172657952069717,1.6398393246187366,13.282952069716776,0.7617102396514162,0.9142837690631809,2.3537581699346406,3.0,1,0,1,0,1,11.0,2,2,0.006521128211846916,0.029862200225013794,0.1083148588358534
2026-M103-FRA-ENG,103,2026-07-18,Bronze ﬁnal,ENG_trevoh_chalobah,Trevoh CHALOBAH,ENG,England,FRA,DF,0,7,0,0.0625,0.0625,0.9624999999999999,0.1,0.5,0.2,0.5,0.2,1.8172657952069717,1.6398393246187366,13.282952069716776,0.7617102396514162,0.9142837690631809,2.3537581699346406,3.0,1,0,0,0,1,0.0,0,0,0.0010688727925360908,0.0010651821573184758,0.0010229643524850434
2026-M103-FRA-ENG,103,2026-07-18,Bronze ﬁnal,ENG_jordan_henderson,Jordan HENDERSON,ENG,England,FRA,MF,0,7,1,0.1875,0.0625,1.0125000000000002,0.0967741935483871,0.4838709677419355,0.1935483870967742,0.5,0.2,1.8172657952069717,1.6398393246187366,13.282952069716776,0.7617102396514162,0.9142837690631809,2.3537581699346406,3.0,1,0,0,0,0,0.0,0,0,0.001088117248052578,0.0033495862190694252,0.001530294300178614
2026-M103-FRA-ENG,103,2026-07-18,Bronze ﬁnal,ENG_dan_burn,Dan BURN,ENG,England,FRA,DF,0,7,3,0.4375,0.0625,3.2104166666666667,0.08866995073891626,0.4433497536945813,0.17733990147783252,0.39823008849557523,0.1592920353982301,1.8172657952069717,1.6398393246187366,13.282952069716776,0.7617102396514162,0.9142837690631809,2.3537581699346406,3.0,1,0,0,0,0,0.0,0,0,0.003157975158947335,0.0016296295342766308,0.0009747677048258267
2026-M103-FRA-ENG,103,2026-07-18,Bronze ﬁnal,ENG_kobbie_mainoo,Kobbie MAINOO,ENG,England,FRA,MF,0,7,0,0.0625,0.0625,0.9624999999999999,0.1,0.5,0.2,0.5,0.2,1.8172657952069717,1.6398393246187366,13.282952069716776,0.7617102396514162,0.9142837690631809,2.3537581699346406,3.0,1,0,0,0,0,0.0,0,0,0.0010688727925360908,0.002935273584555581,0.0016006612197402626
2026-M103-FRA-ENG,103,2026-07-18,Bronze ﬁnal,ENG_anthony_gordon,Anthony GORDON,ENG,England,FRA,FW,0,7,6,0.8125,0.6875,4.893750000000001,0.18652849740932642,1.0880829015544042,0.683937823834197,0.6965944272445821,0.6130030959752323,1.8172657952069717,1.6398393246187366,13.282952069716776,0.7617102396514162,0.9142837690631809,2.3537581699346406,3.0,1,0,0,0,0,0.0,0,0,0.01009122547786645,0.016282356038517017,0.021962071055872213
2026-M103-FRA-ENG,103,2026-07-18,Bronze ﬁnal,ENG_ollie_watkins,Ollie WATKINS,ENG,England,FRA,FW,0,7,1,0.1875,0.0625,1.0125000000000002,0.0967741935483871,0.4838709677419355,0.1935483870967742,0.5,0.2,1.8172657952069717,1.6398393246187366,13.282952069716776,0.7617102396514162,0.9142837690631809,2.3537581699346406,3.0,1,0,0,0,1,45.0,1,0,0.001088117248052578,0.0056422246647267705,0.004700628069706324
2026-M103-FRA-ENG,103,2026-07-18,Bronze ﬁnal,ENG_noni_madueke,Noni MADUEKE,ENG,England,FRA,FW,0,7,5,0.6875,0.5625,4.55625,0.038461538461538464,1.3461538461538463,0.2692307692307692,0.3333333333333333,0.13333333333333333,1.8172657952069717,1.6398393246187366,13.282952069716776,0.7617102396514162,0.9142837690631809,2.3537581699346406,3.0,1,0,0,0,0,0.0,0,0,0.001945220985192453,0.012320831872698257,0.011315305025771109
2026-M103-FRA-ENG,103,2026-07-18,Bronze ﬁnal,ENG_reece_james,Reece JAMES,ENG,England,FRA,DF,0,7,4,0.5625,0.4375,3.2062500000000003,0.039045553145336226,0.39045553145336226,0.07809110629067245,0.2356020942408377,0.09424083769633508,1.8172657952069717,1.6398393246187366,13.282952069716776,0.7617102396514162,0.9142837690631809,2.3537581699346406,3.0,1,0,0,0,1,7.0,0,0,0.0013900308417318374,0.0014075329328247113,0.006962494919274347
2026-M103-FRA-ENG,103,2026-07-18,Bronze ﬁnal,FRA_mike_maignan,Mike MAIGNAN,FRA,France,ENG,GK,1,7,7,0.9375,0.9375,90.0,0.022222222222222223,0.1111111111111111,0.044444444444444446,0.125,0.05,2.0950435729847494,1.8087282135076252,16.005174291939,1.178376906318083,1.0145615468409586,3.3537581699346406,4.0,1,0,0,0,1,90.0,0,0,0.021977127515399486,0.004163164599901452,0.017087127648122778
2026-M103-FRA-ENG,103,2026-07-18,Bronze ﬁnal,FRA_malo_gusto,Malo GUSTO,FRA,France,ENG,DF,1,7,4,0.5625,0.0625,80.0,0.08653846153846154,0.4326923076923077,0.17307692307692307,0.4838709677419355,0.1935483870967742,2.0950435729847494,1.8087282135076252,16.005174291939,1.178376906318083,1.0145615468409586,3.3537581699346406,4.0,1,0,0,0,1,90.0,0,0,0.07403892135768397,0.01298794457061676,0.036722813788966246
2026-M103-FRA-ENG,103,2026-07-18,Bronze ﬁnal,FRA_kylian_mbappe,Kylian MBAPPE,FRA,France,ENG,FW,1,7,7,0.9375,0.9375,87.0,0.8212927756653993,3.8783269961977185,2.212927756653992,3.2420749279538903,1.6080691642651297,2.0950435729847494,1.8087282135076252,16.005174291939,1.178376906318083,1.0145615468409586,3.3537581699346406,4.0,1,1,1,2,1,90.0,8,4,0.5479291437451205,0.6383594752899854,0.40863191853731173
2026-M103-FRA-ENG,103,2026-07-18,Bronze ﬁnal,FRA_michael_olise,Michael OLISE,FRA,France,ENG,FW,1,7,7,0.9375,0.9375,80.14285714285714,0.024291497975708502,2.1862348178137654,0.6558704453441296,0.9183673469387755,0.052478134110787174,2.0950435729847494,1.8087282135076252,16.005174291939,1.178376906318083,1.0145615468409586,3.3537581699346406,4.0,1,0,0,0,1,90.0,3,0,0.021398728260771938,0.14629041869408674,0.10626688960486715
2026-M103-FRA-ENG,103,2026-07-18,Bronze ﬁnal,FRA_adrien_rabiot,Adrien RABIOT,FRA,France,ENG,MF,1,7,6,0.8125,0.8125,82.5,0.02666666666666667,1.2,0.18666666666666665,1.5714285714285714,0.05714285714285714,2.0950435729847494,1.8087282135076252,16.005174291939,1.178376906318083,1.0145615468409586,3.3537581699346406,4.0,1,0,0,0,1,90.0,1,0,0.0241480985929865,0.03885036893939754,0.06749424201462535
2026-M103-FRA-ENG,103,2026-07-18,Bronze ﬁnal,FRA_ibrahima_konate,Ibrahima KONATE,FRA,France,ENG,DF,1,7,1,0.1875,0.0625,80.0,0.09278350515463918,0.4639175257731959,0.18556701030927836,0.5,0.2,2.0950435729847494,1.8087282135076252,16.005174291939,1.178376906318083,1.0145615468409586,3.3537581699346406,4.0,1,0,0,0,1,45.0,0,0,0.07916482958381177,0.008584640958770382,0.054012464618739243
2026-M103-FRA-ENG,103,2026-07-18,Bronze ﬁnal,FRA_warren_zaire_emery,Warren ZAIRE-EMERY,FRA,France,ENG,MF,1,7,1,0.1875,0.0625,80.0,0.09045226130653267,0.45226130653266333,0.18090452261306533,0.41284403669724773,0.1651376146788991,2.0950435729847494,1.8087282135076252,16.005174291939,1.178376906318083,1.0145615468409586,3.3537581699346406,4.0,1,0,0,0,1,90.0,1,0,0.07725468107878097,0.02357361419703314,0.11824472101310822
2026-M103-FRA-ENG,103,2026-07-18,Bronze ﬁnal,FRA_theo_hernandez,Theo HERNANDEZ,FRA,France,ENG,DF,1,7,4,0.5625,0.3125,90.0,0.046153846153846156,0.9230769230769231,0.09230769230769231,0.4166666666666667,0.16666666666666666,2.0950435729847494,1.8087282135076252,16.005174291939,1.178376906318083,1.0145615468409586,3.3537581699346406,4.0,1,0,0,0,1,45.0,0,0,0.0451049560402379,0.014022487005605915,0.031530947556402525
2026-M103-FRA-ENG,103,2026-07-18,Bronze ﬁnal,FRA_desire_doue,Desire DOUE,FRA,France,ENG,FW,1,7,7,0.9375,0.4375,84.66666666666667,0.033707865168539325,2.359550561797753,1.4157303370786516,2.554585152838428,1.25764192139738,2.0950435729847494,1.8087282135076252,16.005174291939,1.178376906318083,1.0145615468409586,3.3537581699346406,4.0,1,0,0,0,1,45.0,0,0,0.031212861029328298,0.17945277392571926,0.19917327482257619
2026-M103-FRA-ENG,103,2026-07-18,Bronze ﬁnal,FRA_rayan_cherki,Rayan CHERKI,FRA,France,ENG,MF,1,7,6,0.8125,0.0625,80.0,0.06976744186046512,0.3488372093023256,0.13953488372093023,0.39823008849557523,0.1592920353982301,2.0950435729847494,1.8087282135076252,16.005174291939,1.178376906318083,1.0145615468409586,3.3537581699346406,4.0,1,0,0,0,1,45.0,1,1,0.06013168492365395,0.0438178490040953,0.08513307873369225
2026-M103-FRA-ENG,103,2026-07-18,Bronze ﬁnal,FRA_maxence_lacroix,Maxence LACROIX,FRA,France,ENG,DF,1,7,2,0.3125,0.1875,90.0,0.05454545454545454,0.2727272727272727,0.10909090909090909,0.3,0.12,2.0950435729847494,1.8087282135076252,16.005174291939,1.178376906318083,1.0145615468409586,3.3537581699346406,4.0,1,0,0,0,1,90.0,0,0,0.05308453373251132,0.008559560357244315,0.030647099282700725
2026-M103-FRA-ENG,103,2026-07-18,Bronze ﬁnal,FRA_brice_samba,Brice SAMBA,FRA,France,ENG,GK,0,7,0,0.0625,0.0625,0.9624999999999999,0.1,0.5,0.2,0.5,0.2,2.0950435729847494,1.8087282135076252,16.005174291939,1.178376906318083,1.0145615468409586,3.3537581699346406,4.0,1,0,0,0,0,0.0,0,0,0.0010688727925360908,0.0003677296885261138,0.001111896550152858
2026-M103-FRA-ENG,103,2026-07-18,Bronze ﬁnal,FRA_robin_risser,Robin RISSER,FRA,France,ENG,GK,0,7,0,0.0625,0.0625,0.9624999999999999,0.1,0.5,0.2,0.5,0.2,2.0950435729847494,1.8087282135076252,16.005174291939,1.178376906318083,1.0145615468409586,3.3537581699346406,4.0,1,0,0,0,0,0.0,0,0,0.0010688727925360908,0.0003677296885261138,0.001111896550152858
2026-M103-FRA-ENG,103,2026-07-18,Bronze ﬁnal,FRA_lucas_digne,Lucas DIGNE,FRA,France,ENG,DF,0,7,5,0.6875,0.6875,0.9624999999999999,0.03,0.45,0.20999999999999996,0.39473684210526316,0.05263157894736842,2.0950435729847494,1.8087282135076252,16.005174291939,1.178376906318083,1.0145615468409586,3.3537581699346406,4.0,1,0,0,0,1,45.0,0,0,0.0003207818718231614,0.0014578005349913646,0.004749713862097326
2026-M103-FRA-ENG,103,2026-07-18,Bronze ﬁnal,FRA_dayot_upamecano,Dayot UPAMECANO,FRA,France,ENG,DF,0,7,7,0.9375,0.9375,0.9624999999999999,0.022613065326633167,0.45226130653266333,0.15829145728643215,0.375,0.3,2.0950435729847494,1.8087282135076252,16.005174291939,1.178376906318083,1.0145615468409586,3.3537581699346406,4.0,1,0,0,0,1,45.0,1,1,0.00024180493132830438,0.0015885795424393642,0.009873692604572977
2026-M103-FRA-ENG,103,2026-07-18,Bronze ﬁnal,FRA_jules_kounde,Jules KOUNDE,FRA,France,ENG,DF,0,7,7,0.9375,0.9375,0.9624999999999999,0.023017902813299233,0.3452685421994885,0.04603580562659847,0.37815126050420167,0.05042016806722689,2.0950435729847494,1.8087282135076252,16.005174291939,1.178376906318083,1.0145615468409586,3.3537581699346406,4.0,1,0,0,0,1,0.0,0,0,0.0002461333870710236,0.0015027704281866633,0.016935548425017155
2026-M103-FRA-ENG,103,2026-07-18,Bronze ﬁnal,FRA_manu_kone,Manu KONE,FRA,France,ENG,MF,0,7,5,0.6875,0.5625,7.593750000000001,0.03180212014134275,1.1130742049469964,0.38162544169611307,1.3682432432432432,0.36486486486486486,2.0950435729847494,1.8087282135076252,16.005174291939,1.178376906318083,1.0145615468409586,3.3537581699346406,4.0,1,0,0,0,0,0.0,0,0,0.0026797070449102733,0.005332553463478908,0.008183461954188247
2026-M103-FRA-ENG,103,2026-07-18,Bronze ﬁnal,FRA_ousmane_dembele,Ousmane DEMBELE,FRA,France,ENG,FW,0,6,6,0.9285714285714286,0.9285714285714286,1.0999999999999999,0.2972972972972973,2.1621621621621623,0.7297297297297298,2.1610169491525424,0.8135593220338984,2.0950435729847494,1.8087282135076252,16.005174291939,1.178376906318083,1.0145615468409586,3.3537581699346406,4.0,1,0,1,0,1,45.0,2,2,0.0036270399756720417,0.02628566506354709,0.054028817168405074
2026-M103-FRA-ENG,103,2026-07-18,Bronze ﬁnal,FRA_aurelien_tchouameni,Aurelien TCHOUAMENI,FRA,France,ENG,MF,0,7,4,0.5625,0.5625,0.9624999999999999,0.03333333333333333,0.6666666666666666,0.06666666666666667,0.75,0.1,2.0950435729847494,1.8087282135076252,16.005174291939,1.178376906318083,1.0145615468409586,3.3537581699346406,4.0,1,0,0,0,0,0.0,0,0,0.00035641794950769246,0.003520345344729899,0.007144611037996261
2026-M103-FRA-ENG,103,2026-07-18,Bronze ﬁnal,FRA_marcus_thuram,Marcus THURAM,FRA,France,ENG,FW,0,7,1,0.1875,0.0625,0.0,0.1,0.5,0.2,0.5,0.2,2.0950435729847494,1.8087282135076252,16.005174291939,1.178376906318083,1.0145615468409586,3.3537581699346406,4.0,1,0,0,0,0,0.0,0,0,0.0,0.005365986676250101,0.008732375139106402
2026-M103-FRA-ENG,103,2026-07-18,Bronze ﬁnal,FRA_bradley_barcola,Bradley BARCOLA,FRA,France,ENG,FW,0,7,7,0.9375,0.5625,6.7,0.38150289017341044,1.560693641618497,0.7630057803468209,1.4253393665158371,0.48868778280542985,2.0950435729847494,1.8087282135076252,16.005174291939,1.178376906318083,1.0145615468409586,3.3537581699346406,4.0,1,1,1,1,1,45.0,2,1,0.028001259897041053,0.03122607594933154,0.035758480857352386
2026-M103-FRA-ENG,103,2026-07-18,Bronze ﬁnal,FRA_ngolo_kante,Ngolo KANTE,FRA,France,ENG,MF,0,7,0,0.0625,0.0625,0.9624999999999999,0.1,0.5,0.2,0.5,0.2,2.0950435729847494,1.8087282135076252,16.005174291939,1.178376906318083,1.0145615468409586,3.3537581699346406,4.0,1,0,0,0,0,0.0,0,0,0.0010688727925360908,0.002759819251987291,0.0016263351606901986
2026-M103-FRA-ENG,103,2026-07-18,Bronze ﬁnal,FRA_william_saliba,William SALIBA,FRA,France,ENG,DF,0,7,6,0.8125,0.8125,0.9624999999999999,0.02727272727272727,0.2727272727272727,0.05454545454545454,0.15,0.06,2.0950435729847494,1.8087282135076252,16.005174291939,1.178376906318083,1.0145615468409586,3.3537581699346406,4.0,1,0,0,0,0,0.0,0,0,0.00029162413607941584,0.0013857573621007917,0.009776397700064306
2026-M103-FRA-ENG,103,2026-07-18,Bronze ﬁnal,FRA_lucas_hernandez,Lucas HERNANDEZ,FRA,France,ENG,DF,0,7,0,0.0625,0.0625,0.9624999999999999,0.1,0.5,0.2,0.5,0.2,2.0950435729847494,1.8087282135076252,16.005174291939,1.178376906318083,1.0145615468409586,3.3537581699346406,4.0,1,0,0,0,0,0.0,0,0,0.0010688727925360908,0.001001399221544857,0.0010486382934349794
2026-M103-FRA-ENG,103,2026-07-18,Bronze ﬁnal,FRA_jean_philippe_mateta,Jean-Philippe MATETA,FRA,France,ENG,FW,0,7,3,0.4375,0.0625,2.93125,0.08955223880597014,1.791044776119403,0.626865671641791,2.1844660194174756,1.0485436893203883,2.0950435729847494,1.8087282135076252,16.005174291939,1.178376906318083,1.0145615468409586,3.3537581699346406,4.0,1,0,0,0,0,0.0,0,0,0.002912417326751071,0.010675357691049915,0.022760377171074705
2026-M103-FRA-ENG,103,2026-07-18,Bronze ﬁnal,FRA_maghnes_akliouche,Maghnes AKLIOUCHE,FRA,France,ENG,MF,0,7,1,0.1875,0.0625,1.1812500000000001,0.0962566844919786,0.48128342245989303,0.1925133689839572,0.5,0.2,2.0950435729847494,1.8087282135076252,16.005174291939,1.178376906318083,1.0145615468409586,3.3537581699346406,4.0,1,0,0,0,0,0.0,0,0,0.0012625712693337121,0.003143847584692215,0.0015559682411285497
